"genesysId","uuid","instCode","acceNumb","doi","genus","species","spAuthor","subtaxa","subtAuthor","fullTaxa","origCty","acqSrc","acqDate","mlsStat","available","historic","curationType","storage","sampStat","duplSite","createdBy","createdDate","lastModifiedBy","lastModifiedDate"
"5937","7a544657-b31b-4343-b613-86a15c7ea5b4","USA151","NA 9068",,"Juglans","microcarpa","Berland.","","","Juglans microcarpa Berland.",,"","19560905","","","false","",,"999",,"","","4","2024-06-21 15:44:34"
"356298","f5e72a0b-3866-404d-b099-47ed9a8299b1","USA020","Ames 2964",,"Juglans","mandshurica","Maxim.","","","Juglans mandshurica Maxim.",,"","19840604","","","false","","10;20","999",,"","","4","2024-06-21 12:43:06"
"435747","6c2ecd21-df1e-47d8-a373-6fab0198a153","USA151","NA 69046",,"Juglans","ailantifolia","Carriere","","","Juglans ailantifolia Carriere","JPN","","19980701","","","false","",,"999",,"","","4","2024-06-21 15:57:08"
"468849","069a4342-f640-4b95-943b-3560d26946c5","USA151","NA 71266",,"Juglans","mandshurica","Maxim.","","","Juglans mandshurica Maxim.","RUS","","20010901","","","false","","10","100",,"","","4","2024-06-21 13:54:49"
"469609","11d49f37-f3b1-4658-ac5a-b6220bcc96e9","USA151","NA 49260",,"Juglans","mandshurica","Maxim.","","","Juglans mandshurica Maxim.","CHN","","19801115","","","false","",,"999",,"","","4","2024-06-21 15:44:27"
"480827","c776a7bd-4d45-4862-9a2e-9b3877d62881","USA020","PI 479454",,"Juglans","ailantifolia","Carriere","","","Juglans ailantifolia Carriere","JPN","","19821001","","","false","","20","999",,"","","4","2024-06-21 13:24:41"
"2935624","4065a105-bf98-4367-995a-ca586cdbd056","AUT006","IOGWIEN-JUG-040",,"Juglans","regia","L.","","","Juglans regia L.","AUT","",,"false","","false","","20","",,"","","1285","2023-11-18 10:07:15"
"2935625","9c3b3aa9-393c-48e5-b19f-ec249c2ca192","AUT006","IOGWIEN-JUG-041",,"Juglans","regia","L.","","","Juglans regia L.","AUT","",,"false","","false","","20","",,"","","1285","2023-11-18 10:07:15"
"2935626","d0086caf-dd3e-4ab9-a463-7edc64ae4143","AUT006","IOGWIEN-JUG-037",,"Juglans","regia","L.","","","Juglans regia L.","HUN","",,"false","","false","","20","",,"","","1285","2023-11-18 10:07:15"
"2935627","7db238d8-d1f8-4665-a42b-9f3b3792e721","AUT006","IOGWIEN-JUG-038",,"Juglans","regia","L.","","","Juglans regia L.","HUN","",,"false","","false","","20","",,"","","1285","2023-11-18 10:07:15"
"2935628","fc906bf1-8dd6-441d-ac8e-ec39135a43de","AUT006","IOGWIEN-JUG-039",,"Juglans","regia","L.","","","Juglans regia L.","HUN","",,"false","","false","","20","",,"","","1285","2023-11-18 10:07:15"
"2935629","47b8e81b-d8d4-45b8-afa8-b2918d2d2873","AUT006","IOGWIEN-JUG-036",,"Juglans","regia","L.","","","Juglans regia L.","AUT","",,"false","","false","","20","",,"","","1285","2023-11-18 10:07:15"
"2935630","75eac446-c567-4d63-9c0b-26a1b8e39991","AUT006","IOGWIEN-JUG-035",,"Juglans","regia","L.","","","Juglans regia L.","AUT","",,"false","","false","","20","",,"","","1285","2023-11-18 10:07:15"
"2935631","7b1f396b-defc-4205-b975-0c4f6f1666a1","AUT006","IOGWIEN-JUG-034",,"Juglans","regia","L.","","","Juglans regia L.","AUT","",,"false","","false","","20","",,"","","1285","2023-11-18 10:07:15"
"2935632","e58a0a5f-a831-4003-ba51-dea1733d79f6","AUT006","IOGWIEN-JUG-031",,"Juglans","regia","L.","","","Juglans regia L.","AUT","",,"false","","false","","20","",,"","","1285","2023-11-18 10:07:15"
"2935633","0a35acdf-eab4-4682-a9c4-e17720eb7429","AUT006","IOGWIEN-JUG-032",,"Juglans","regia","L.","","","Juglans regia L.","FRA","",,"false","","false","","20","",,"","","1285","2023-11-18 10:07:15"
"2935634","5908bcc9-db9a-45c1-bbe9-6cacd6951cf0","AUT006","IOGWIEN-JUG-030",,"Juglans","regia","L.","","","Juglans regia L.","AUT","",,"false","","false","","20","",,"","","1285","2023-11-18 10:07:15"
"2935635","568794fa-1107-409a-9f2a-61804f1fe01a","AUT006","IOGWIEN-JUG-029",,"Juglans","regia","L.","","","Juglans regia L.","HUN","",,"false","","false","","20","",,"","","1285","2023-11-18 10:07:15"
"2935636","7e2241c7-4671-428a-8bae-17e4276890b0","AUT006","IOGWIEN-JUG-027",,"Juglans","regia","L.","","","Juglans regia L.","AUT","",,"false","","false","","20","",,"","","1285","2023-11-18 10:07:15"
"2935637","0f65b7fb-fb3d-44b7-bad9-24ecacb5087b","AUT006","IOGWIEN-JUG-028",,"Juglans","regia","L.","","","Juglans regia L.",,"",,"false","","false","","20","",,"","","1285","2023-11-18 10:07:15"
"2935638","f99dcd48-3773-47f7-a171-7b43da468bad","AUT006","IOGWIEN-JUG-025",,"Juglans","regia","L.","","","Juglans regia L.","AUT","",,"false","","false","","20","",,"","","1285","2023-11-18 10:07:15"
"2935639","9b433319-07dd-4561-ac72-298528c59bda","AUT006","IOGWIEN-JUG-026",,"Juglans","regia","L.","","","Juglans regia L.","AUT","",,"false","","false","","20","",,"","","1285","2023-11-18 10:07:15"
"2935640","498a1900-0531-4291-85cf-4be92c40e41a","AUT006","IOGWIEN-JUG-024",,"Juglans","regia","L.","","","Juglans regia L.","AUT","",,"false","","false","","20","",,"","","1285","2023-11-18 10:07:15"
"2935641","18788e9c-d3d1-465d-934e-de2d552ea660","AUT006","IOGWIEN-JUG-022",,"Juglans","regia","L.","","","Juglans regia L.",,"",,"false","","false","","20","",,"","","1285","2023-11-18 10:07:15"
"2935642","2a20d43c-7f15-4972-91d3-ab8bb6f20cca","AUT006","IOGWIEN-JUG-023",,"Juglans","regia","L.","","","Juglans regia L.",,"",,"false","","false","","20","",,"","","1285","2023-11-18 10:07:15"
"2935643","61da80a8-2a75-4934-9b18-923d16d46493","AUT006","IOGWIEN-JUG-021",,"Juglans","regia","L.","","","Juglans regia L.",,"",,"false","","false","","20","",,"","","1285","2023-11-18 10:07:15"
"2935644","21776750-1a3f-4414-8ec1-19253b1b171d","AUT006","IOGWIEN-JUG-020",,"Juglans","regia","L.","","","Juglans regia L.",,"",,"false","","false","","20","",,"","","1285","2023-11-18 10:07:15"
"2935645","c0eefaf8-c84b-42ca-8c4e-259544cac10f","AUT006","IOGWIEN-JUG-019",,"Juglans","regia","L.","","","Juglans regia L.",,"",,"false","","false","","20","",,"","","1285","2023-11-18 10:07:15"
"2935646","47ab4aba-f302-48f7-86e2-88c363a086ac","AUT006","IOGWIEN-JUG-018",,"Juglans","regia","L.","","","Juglans regia L.",,"",,"false","","false","","20","",,"","","1285","2023-11-18 10:07:15"
"2935647","1dcd606d-4003-4a81-b520-214b38fe171f","AUT006","IOGWIEN-JUG-016",,"Juglans","regia","L.","","","Juglans regia L.",,"",,"false","","false","","20","",,"","","1285","2023-11-18 10:07:15"
"2935648","3ad75f78-7283-4946-b460-9bc32d8ab9c0","AUT006","IOGWIEN-JUG-017",,"Juglans","regia","L.","","","Juglans regia L.",,"",,"false","","false","","20","",,"","","1285","2023-11-18 10:07:15"
"2935649","83a08626-a972-426f-a18d-3fcea7888236","AUT006","IOGWIEN-JUG-015",,"Juglans","regia","L.","","","Juglans regia L.",,"",,"false","","false","","20","",,"","","1285","2023-11-18 10:07:15"
"2935650","9b097f0d-cb8f-4321-aba3-164ed5516604","AUT006","IOGWIEN-JUG-014",,"Juglans","regia","L.","","","Juglans regia L.",,"",,"false","","false","","20","",,"","","1285","2023-11-18 10:07:15"
"2935651","ae6a9142-ce6d-4912-884b-e94b6e455ba9","AUT006","IOGWIEN-JUG-013",,"Juglans","regia","L.","","","Juglans regia L.",,"",,"false","","false","","20","",,"","","1285","2023-11-18 10:07:15"
"2935652","ebbd3818-a009-41d5-b1fd-1b9c41e5edf2","AUT006","IOGWIEN-JUG-011",,"Juglans","regia","L.","","","Juglans regia L.","FRA","",,"false","","false","","20","",,"","","1285","2023-11-18 10:07:15"
"2935653","460fa3db-e047-47d3-90e6-1701a6434977","AUT006","IOGWIEN-JUG-012",,"Juglans","regia","L.","","","Juglans regia L.","FRA","",,"false","","false","","20","",,"","","1285","2023-11-18 10:07:15"
"2935654","00153586-f263-4a3c-a307-a6bfb842d98b","AUT006","IOGWIEN-JUG-010",,"Juglans","regia","L.","","","Juglans regia L.","HUN","",,"false","","false","","20","",,"","","1285","2023-11-18 10:07:15"
"2935655","59127100-0834-4dae-bed9-a9864cf1571c","AUT006","IOGWIEN-JUG-009",,"Juglans","regia","L.","","","Juglans regia L.","AUT","",,"false","","false","","20","",,"","","1285","2023-11-18 10:07:15"
"2935656","d99ef34e-def8-40e1-ad43-aaceafacef1a","AUT006","IOGWIEN-JUG-008",,"Juglans","regia","L.","","","Juglans regia L.","AUT","",,"false","","false","","20","",,"","","1285","2023-11-18 10:07:15"
"2935657","d6fc9164-0a5d-4b43-bd4a-43ce893b2688","AUT006","IOGWIEN-JUG-007",,"Juglans","regia","L.","","","Juglans regia L.","AUT","",,"false","","false","","20","",,"","","1285","2023-11-18 10:07:15"
"2935658","5a050f23-14fb-412f-ac34-5f891f770b4a","AUT006","IOGWIEN-JUG-006",,"Juglans","regia","L.","","","Juglans regia L.","HUN","",,"false","","false","","20","",,"","","1285","2023-11-18 10:07:15"
"2935659","14996bda-b41b-4848-aa06-6575fa85f126","AUT006","IOGWIEN-JUG-004",,"Juglans","regia","L.","","","Juglans regia L.","USA","",,"false","","false","","20","",,"","","1285","2023-11-18 10:07:15"
"2935660","a55673fa-e740-4677-8eca-30ee2b830555","AUT006","IOGWIEN-JUG-005",,"Juglans","regia","L.","","","Juglans regia L.","USA","",,"false","","false","","20","",,"","","1285","2023-11-18 10:07:15"
"2935661","a791b5fa-ec79-4b55-85c0-69879a0a9e86","AUT006","IOGWIEN-JUG-003",,"Juglans","regia","L.","","","Juglans regia L.","USA","",,"false","","false","","20","",,"","","1285","2023-11-18 10:07:15"
"2935662","e51db2a7-91b9-4771-a28b-57058c24dd6e","AUT006","IOGWIEN-JUG-002",,"Juglans","regia","L.","","","Juglans regia L.","USA","",,"false","","false","","20","",,"","","1285","2023-11-18 10:07:15"
"2935663","f5d22ce9-6ec3-455f-bbbb-aa70620cec09","AUT006","IOGWIEN-JUG-001",,"Juglans","regia","L.","","","Juglans regia L.","USA","",,"false","","false","","20","",,"","","1285","2023-11-18 10:07:15"
"2967876","759b7202-41dc-4cda-bbe8-3e2a24972498","BGR001","1984-JUG-RE-8",,"Juglans","regia","L.","","","Juglans regia L.",,"",,"","","false","","12","",,"","","1285","2023-11-18 08:57:38"
"2967877","a9db7c0a-b4ec-424e-b240-c843ea4bb4e2","BGR001","1984-JUG-RE-6",,"Juglans","regia","L.","","","Juglans regia L.",,"",,"","","false","","12","",,"","","1285","2023-11-18 08:57:39"
"2967878","cc16ce07-3d7d-4d96-be69-27b93f39a0c0","BGR001","1984-JUG-RE-7",,"Juglans","regia","L.","","","Juglans regia L.",,"",,"","","false","","12","",,"","","1285","2023-11-18 08:57:39"
"2967879","0cc03199-cfca-49a9-b3c3-e0035066189f","BGR001","1984-JUG-RE-4",,"Juglans","regia","L.","","","Juglans regia L.",,"",,"","","false","","12","",,"","","1285","2023-11-18 08:57:39"
"2967880","ff5b915f-04df-4501-b115-64736de68019","BGR001","1984-JUG-RE-5",,"Juglans","regia","L.","","","Juglans regia L.",,"",,"","","false","","12","",,"","","1285","2023-11-18 08:57:39"
"2967881","f22fd263-7414-4578-9b35-373759190f03","BGR001","1984-JUG-RE-3",,"Juglans","regia","L.","","","Juglans regia L.",,"",,"","","false","","12","",,"","","1285","2023-11-18 08:57:39"
"2967882","0b482dd4-5688-47dd-9651-6ddb4d702f83","BGR001","1984-JUG-RE-1",,"Juglans","regia","L.","","","Juglans regia L.",,"",,"","","false","","12","",,"","","1285","2023-11-18 08:57:39"
"2967883","64bdf46d-b03d-4614-8bcf-21ef708abc86","BGR001","1984-JUG-RE-2",,"Juglans","regia","L.","","","Juglans regia L.",,"",,"","","false","","12","",,"","","1285","2023-11-18 08:57:39"
"2967884","5e6a7960-4bbf-4d90-939e-d331d5de2d8d","BGR001","1984-JUG-MI-1",,"Juglans","microcarpa","(J. rupestris)","","","Juglans microcarpa (J. rupestris)",,"",,"","","false","","12","",,"","","1285","2023-11-18 08:33:55"
"2967885","7abd54aa-1fb1-45a0-a6a7-d5fa8f8dce2a","BGR001","1984-JUG-HI-1",,"Juglans","hindsii","","","","Juglans hindsii",,"",,"","","false","","12","",,"","","1285","2024-10-28 15:10:42"
"2967887","4cc36b64-80ab-4cbf-9921-edfa2ff832da","BGR001","1984-JUG-MA-1",,"Juglans","major","","","","Juglans major",,"",,"","","false","","12","",,"","","1285","2023-11-18 08:57:39"
"2970167","aef237aa-0c65-4e00-a70f-5a96575479d3","BGR001","1983-JUG-RE-4",,"Juglans","regia","L.","","","Juglans regia L.",,"",,"","","false","","12","",,"","","1285","2023-11-18 08:57:40"
"2970168","7bf31bcb-d36c-4768-b607-e6cec6fa3ba0","BGR001","1983-JUG-RE-3",,"Juglans","regia","L.","","","Juglans regia L.",,"",,"","","false","","12","",,"","","1285","2023-11-18 08:57:40"
"2970169","bf938ebb-51a0-44a2-802d-8f114306043b","BGR001","1983-JUG-RE-1",,"Juglans","regia","L.","","","Juglans regia L.",,"",,"","","false","","12","",,"","","1285","2023-11-18 08:57:40"
"2970170","07f23aa3-64fd-4f12-85af-153a7b093b41","BGR001","1983-JUG-RE-2",,"Juglans","regia","L.","","","Juglans regia L.",,"",,"","","false","","12","",,"","","1285","2023-11-18 08:57:40"
"2972368","ab3cfa7e-78b2-4187-bbd6-cc4039238ee7","BGR001","1982-JUG-RE-8",,"Juglans","regia","L.","","","Juglans regia L.",,"",,"","","false","","12","",,"","","1285","2023-11-18 08:57:24"
"2972369","91c9672d-754f-43db-8f70-5e3f9edb8ee4","BGR001","1982-JUG-RE-6",,"Juglans","regia","L.","","","Juglans regia L.",,"",,"","","false","","12","",,"","","1285","2023-11-18 08:57:24"
"2972370","bcaf89cf-e9e1-42fc-9279-dd6e237a5d74","BGR001","1982-JUG-RE-7",,"Juglans","regia","L.","","","Juglans regia L.",,"",,"","","false","","12","",,"","","1285","2023-11-18 08:57:24"
"2972371","f3137e14-bd5e-4c47-9eff-2d471ff6bd8e","BGR001","1982-JUG-RE-4",,"Juglans","regia","L.","","","Juglans regia L.",,"",,"","","false","","12","",,"","","1285","2023-11-18 08:57:24"
"2972372","669ec483-47a2-406f-96d6-2e926a81d189","BGR001","1982-JUG-RE-5",,"Juglans","regia","L.","","","Juglans regia L.",,"",,"","","false","","12","",,"","","1285","2023-11-18 08:57:24"
"2972373","4e9786cf-2b99-4c24-b380-b389fb736157","BGR001","1982-JUG-RE-2",,"Juglans","regia","L.","","","Juglans regia L.",,"",,"","","false","","12","",,"","","1285","2023-11-18 08:57:24"
"2972374","6c5f61c2-4ca3-4fe2-84d8-7d804f825e53","BGR001","1982-JUG-RE-3",,"Juglans","regia","L.","","","Juglans regia L.",,"",,"","","false","","12","",,"","","1285","2023-11-18 08:57:24"
"2972375","799e8bb9-1bd1-44d8-aa9e-2c8717c54b66","BGR001","1982-JUG-RE-1",,"Juglans","regia","L.","","","Juglans regia L.",,"",,"","","false","","12","",,"","","1285","2023-11-18 08:57:24"
"2977489","95a6342e-61a6-4ecf-92e1-f211627476d7","BGR001","1985-JUG-RE-13",,"Juglans","regia","L.","","","Juglans regia L.","BGR","",,"","","false","","12","",,"","","1285","2024-10-28 15:00:32"
"2977490","d8881310-4b27-48e3-a34e-3a0500a3b069","BGR001","1985-JUG-RE-12",,"Juglans","regia","L.","","","Juglans regia L.","BGR","",,"","","false","","12","",,"","","1285","2024-10-28 15:00:32"
"2977491","d3bf671e-23f7-49fa-a69b-164ebd57e2f9","BGR001","1985-JUG-RE-11",,"Juglans","regia","L.","","","Juglans regia L.","BGR","",,"","","false","","12","",,"","","1285","2023-11-18 08:57:56"
"2977492","44448814-3799-4d17-9365-4ff4eb79f58f","BGR001","1985-JUG-RE-10",,"Juglans","regia","L.","","","Juglans regia L.","BGR","",,"","","false","","12","",,"","","1285","2023-11-18 08:57:59"
"2977493","f184edd1-ff21-47da-9d0a-3f0e555eed8c","BGR001","1985-JUG-RE-9",,"Juglans","regia","L.","","","Juglans regia L.","BGR","",,"","","false","","12","",,"","","1285","2023-11-18 08:57:56"
"2977494","6c3ecfdd-f461-4d52-9192-a425521c4fb6","BGR001","1985-JUG-RE-8",,"Juglans","regia","L.","","","Juglans regia L.","BGR","",,"","","false","","12","",,"","","1285","2023-11-18 08:57:56"
"2977495","c60a06a3-b31a-4f30-a7eb-33b75616c022","BGR001","1985-JUG-RE-7",,"Juglans","regia","L.","","","Juglans regia L.","BGR","",,"","","false","","12","",,"","","1285","2023-11-18 08:57:56"
"2977496","ee48d8c1-6ca9-46a8-804f-95bf2fda91e1","BGR001","1985-JUG-RE-6",,"Juglans","regia","L.","","","Juglans regia L.","BGR","",,"","","false","","12","",,"","","1285","2023-11-18 08:57:56"
"2977497","55c94649-5c6f-4164-97fd-993e8af69df5","BGR001","1985-JUG-RE-4",,"Juglans","regia","L.","","","Juglans regia L.","BGR","",,"","","false","","12","",,"","","1285","2024-10-28 15:00:32"
"2977498","cd63ddaf-d5ca-4978-9767-776504bcde6c","BGR001","1985-JUG-RE-5",,"Juglans","regia","L.","","","Juglans regia L.","BGR","",,"","","false","","12","",,"","","1285","2024-10-28 15:00:32"
"2977499","882b1b69-1b3a-4af3-9017-a6740ebb0b78","BGR001","1985-JUG-RE-3",,"Juglans","regia","L.","","","Juglans regia L.","BGR","",,"","","false","","12","",,"","","1285","2023-11-18 08:57:56"
"2977500","8b11b616-4ab4-4fc5-926f-eb1e00828a51","BGR001","1985-JUG-RE-2",,"Juglans","regia","L.","","","Juglans regia L.","BGR","",,"","","false","","12","",,"","","1285","2023-11-18 08:57:56"
"2977501","8804c1ca-118e-4c7f-9fe7-b1feb39de225","BGR001","1985-JUG-RE-1",,"Juglans","regia","L.","","","Juglans regia L.","BGR","",,"","","false","","12","",,"","","1285","2024-10-28 15:00:31"
"3022701","3bab7df2-9cec-498a-a707-384fc890d2b5","CHE065","999-08",,"Juglans","regia","L.","","","Juglans regia L.","CHE","",,"false","","false","",,"300",,"","","1285","2024-10-28 14:38:12"
"3022702","e5f0bcd4-4ec8-449f-8a0f-931b781b236f","CHE065","999-07",,"Juglans","regia","L.","","","Juglans regia L.",,"",,"false","","false","",,"300",,"","","1285","2023-11-18 09:57:17"
"3022703","b3e3b1ee-9911-4d3a-b9fd-b101414723ad","CHE065","999-06",,"Juglans","regia","L.","","","Juglans regia L.","CHE","",,"true","","false","","20","300",,"","","1285","2023-11-18 09:57:17"
"3022704","00387a96-6338-47e4-9e96-0f13dd69750a","CHE065","999-05",,"Juglans","regia","L.","","","Juglans regia L.","CHE","",,"true","","false","","20","400",,"","","1285","2024-10-28 14:38:12"
"3022705","4067df6a-d80b-4c89-9830-b6d2ea166e8b","CHE065","999-04",,"Juglans","regia","L.","","","Juglans regia L.","CHE","",,"true","","false","","20","300",,"","","1285","2023-11-18 09:57:17"
"3022706","8a968b38-0311-4039-9ca7-75fbf8f44b84","CHE065","999-02",,"Juglans","regia","L.","","","Juglans regia L.","CHE","",,"true","","false","","20","300",,"","","1285","2024-10-28 14:38:12"
"3022707","b71c288b-e455-4550-bde6-db92f9421fa2","CHE065","999-01",,"Juglans","regia","L.","","","Juglans regia L.","CHE","",,"true","","false","","20","300",,"","","1285","2024-10-28 14:38:12"
"3022708","96672539-caca-47da-bb92-66a1f6481625","CHE065","973-02",,"Juglans","regia","L.","","","Juglans regia L.","CHE","",,"false","","false","",,"120",,"","","1285","2023-11-18 09:57:17"
"3022709","8cac13e1-ad5e-4f59-94b9-dee94e233211","CHE065","896-01",,"Juglans","regia","L.","","","Juglans regia L.","CHE","",,"false","","false","",,"120",,"","","1285","2024-10-28 14:38:12"
"3022710","4c7be06a-022d-4a32-a8ce-0ac4c3cb40ef","CHE065","775-01",,"Juglans","regia","L.","","","Juglans regia L.","CHE","",,"false","","false","",,"120",,"","","1285","2023-11-18 09:57:17"
"3022711","0543b60a-93db-4d31-b256-7aeae53ae99c","CHE065","624-01",,"Juglans","regia","L.","","","Juglans regia L.","CHE","",,"false","","false","",,"120",,"","","1285","2024-10-28 14:38:12"
"3022712","67403c9a-e69c-4369-80d6-dae33ef3d024","CHE065","560-01",,"Juglans","regia","L.","","","Juglans regia L.","CHE","",,"false","","false","",,"120",,"","","1285","2024-10-28 14:38:12"
"3022713","2cb41971-635a-4c12-bc15-70210ec7bf8e","CHE065","505-01",,"Juglans","regia","L.","","","Juglans regia L.","CHE","",,"false","","false","",,"120",,"","","1285","2023-11-18 09:57:17"
"3022714","81ca2cfd-866e-4f9c-a7de-a4ee54c1e46e","CHE065","480-01",,"Juglans","regia","L.","","","Juglans regia L.","CHE","",,"false","","false","",,"412",,"","","1285","2023-11-18 09:57:17"
"3022715","cdb10dea-84c7-408a-8add-02d88efc5b8f","CHE065","402-01",,"Juglans","regia","L.","","","Juglans regia L.","CHE","",,"false","","false","","20","120",,"","","1285","2024-10-28 14:38:12"
"3022716","2e1e98f5-b9a9-466d-ae09-5519f3ccb471","CHE065","411-01",,"Juglans","regia","L.","","","Juglans regia L.","CHE","",,"false","","false","",,"120",,"","","1285","2023-11-18 09:57:17"
"3022717","1c573baa-89b8-4215-9ce5-2a7be2d32e18","CHE065","221-02",,"Juglans","regia","L.","","","Juglans regia L.","CHE","",,"false","","false","",,"120",,"","","1285","2024-10-28 14:38:12"
"3022718","8505d1db-68bd-4df3-a572-0eb9405db940","CHE065","182-01",,"Juglans","regia","L.","","","Juglans regia L.","CHE","",,"false","","false","",,"120",,"","","1285","2024-10-28 14:38:12"
"3022719","44d496ef-c1b7-44c5-84d3-79fc9a9fcc0c","CHE065","159-01",,"Juglans","regia","L.","","","Juglans regia L.","CHE","",,"true","","false","",,"300",,"","","1285","2023-11-18 09:57:17"
"3022720","81726696-fe1f-4379-a01c-30ab4512c0ef","CHE065","041-01",,"Juglans","regia","L.","","","Juglans regia L.","CHE","",,"false","","false","",,"120",,"","","1285","2024-10-28 14:38:12"
"3022721","7f3f7034-ab8e-4492-b0dc-7d1d99aafbc6","CHE065","036-01",,"Juglans","regia","L.","","","Juglans regia L.","CHE","",,"false","","false","",,"120",,"","","1285","2024-10-28 14:38:12"
"3022722","4b41e207-a447-4233-96f7-aaf91b1da215","CHE065","039-03",,"Juglans","regia","L.","","","Juglans regia L.","CHE","",,"true","","false","","20","120",,"","","1285","2023-11-18 09:57:17"
"3022723","243adf12-6a4f-41e6-aa76-b41faaa5ddc8","CHE065","014-05",,"Juglans","regia","L.","","","Juglans regia L.","CHE","",,"false","","false","",,"120",,"","","1285","2024-10-28 14:38:12"
"3022724","87c52b93-ce81-4ce6-80be-92f5748262ef","CHE065","020-01",,"Juglans","regia","L.","","","Juglans regia L.","CHE","",,"false","","false","",,"412",,"","","1285","2023-11-18 09:57:17"
"3026565","440e0233-0cd1-4293-a6ab-e233a1482cc5","CZE031","10F5100021",,"Juglans","regia","L.","","","Juglans regia L.","CZE","","1998----","true","","false","","20","300",,"","","1285","2023-11-18 09:29:27"
"3026566","55cde60b-ddf8-4bab-a5f8-33407e0253c2","CZE031","10F5100022",,"Juglans","regia","L.","","","Juglans regia L.",,"","1998----","true","","false","","20","300",,"","","1285","2023-11-18 09:29:27"
"3026567","2a0cb9aa-19af-47f5-ab45-4d11e5aa2749","CZE031","10F5100016",,"Juglans","regia","L.","","","Juglans regia L.","CSK","","1989----","true","","false","","20","300",,"","","1285","2023-11-18 09:29:27"
"3026568","2e360707-0520-406b-8d38-3b046e6e2f4d","CZE031","10F5100015",,"Juglans","regia","L.","","","Juglans regia L.","CSK","","1989----","true","","false","","20","300",,"","","1285","2023-11-18 09:29:27"
"3026569","fd3d19a4-7173-4d73-84af-54c2079fe093","CZE031","10F5100014",,"Juglans","regia","L.","","","Juglans regia L.","CSK","","1989----","true","","false","","20","300",,"","","1285","2023-11-18 09:29:27"
"3026570","d2e06b57-fa5d-4d9b-8494-d7f2ec36953f","CZE031","10F5100013",,"Juglans","regia","L.","","","Juglans regia L.","DDR","","1989----","true","","false","","20","300",,"","","1285","2023-11-18 09:29:41"
"3026571","8ce9a2f0-be30-458f-bb1c-541a9597a278","CZE031","10F5100011",,"Juglans","regia","L.","","","Juglans regia L.","DDR","","1989----","true","","false","","20","300",,"","","1285","2023-11-18 09:29:27"
"3026572","da301d5f-fd6d-4ae8-8d4f-d642600140c5","CZE031","10F5100012",,"Juglans","regia","L.","","","Juglans regia L.","CSK","","1989----","true","","false","","20","300",,"","","1285","2023-11-18 09:29:27"
"3026573","fcaad6ba-bdc9-4888-bb4a-3a22b12b208f","CZE031","10F5100008",,"Juglans","regia","L.","","","Juglans regia L.","CSK","","1989----","true","","false","","20","300",,"","","1285","2023-11-18 09:29:27"
"3026574","fb404e89-bf01-44cd-a4d2-84353b7cc487","CZE031","10F5100009",,"Juglans","regia","L.","","","Juglans regia L.","POL","","1989----","true","","false","","20","300",,"","","1285","2023-11-18 09:29:27"
"3026575","1ae98599-45e9-4bd4-af8f-59a9755b4341","CZE031","10F5100010",,"Juglans","regia","L.","","","Juglans regia L.","POL","","1989----","true","","false","","20","300",,"","","1285","2023-11-18 09:29:27"
"3026576","94ed777f-c043-4ae6-a754-a4155c24cf93","CZE031","10F5100006",,"Juglans","regia","L.","","","Juglans regia L.","CAN","","1989----","true","","false","","20","300",,"","","1285","2023-11-18 09:29:27"
"3026577","950208ad-fb72-4ff9-bf07-aa3e02b211b4","CZE031","10F5100007",,"Juglans","regia","L.","","","Juglans regia L.","CSK","","1989----","true","","false","","20","300",,"","","1285","2023-11-18 09:29:27"
"3026578","3bbe81f0-a45c-42af-8e5b-bac724f95eab","CZE031","10F5100004",,"Juglans","regia","L.","","","Juglans regia L.","CSK","","1989----","true","","false","","20","300",,"","","1285","2023-11-18 09:29:27"
"3026579","6bd209d6-6dfb-41a6-8766-e77e3ed3ecf1","CZE031","10F5100005",,"Juglans","regia","L.","","","Juglans regia L.","CSK","","1989----","true","","false","","20","300",,"","","1285","2023-11-18 09:29:27"
"3026580","4dd57e99-6605-4179-bb9e-fe1a67aeae20","CZE031","10F5100003",,"Juglans","regia","L.","","","Juglans regia L.","CSK","","1989----","true","","false","","20","300",,"","","1285","2023-11-18 09:29:41"
"3026582","3064d203-d22a-4001-8259-d53da8c93ba2","CZE031","10F5100001",,"Juglans","regia","L.","","","Juglans regia L.","CSK","","1989----","true","","false","","20","300",,"","","1285","2023-11-18 09:29:41"
"3026583","5fe75f72-867d-43d0-8d05-6ef4d9bf54b2","CZE031","10F5100002",,"Juglans","regia","L.","","","Juglans regia L.","CSK","","1989----","true","","false","","20","400",,"","","1285","2023-11-18 09:29:41"
"3416608","40d60f10-9369-48c0-a238-47b0d84b7338","UKR033","UN7500088",,"Juglans","regia","L.","","","Juglans regia L.","UKR","",,"","","false","","20","100",,"","","1285","2024-10-28 15:03:16"
"3416609","1ba53fd7-bc47-4fa6-acd5-4b161468b575","UKR033","UN7500082",,"Juglans","regia","L.","","","Juglans regia L.","UKR","",,"","","false","","20","100",,"","","1285","2024-10-28 15:03:16"
"3416610","d872fea9-bd58-4ed4-9a6b-d3e7d006e66a","UKR033","UN7500083",,"Juglans","regia","L.","","","Juglans regia L.","UKR","",,"","","false","","20","100",,"","","1285","2023-11-18 09:52:30"
"3416611","4e66a989-e2a5-440b-9c60-cfa0ef76586a","UKR033","UN7500078",,"Juglans","regia","L.","","","Juglans regia L.","UKR","",,"","","false","","20","100",,"","","1285","2023-11-18 09:52:30"
"3416612","342a6e17-5b7a-4811-9764-bd16ccb4491e","UKR033","UN7500079",,"Juglans","regia","L.","","","Juglans regia L.","UKR","",,"","","false","","20","100","UKR034","","","1285","2023-11-18 09:52:30"
"3416613","a6412871-9fa7-4acd-b404-4d79acbb9b8a","UKR033","UN7500077",,"Juglans","regia","L.","","","Juglans regia L.","UKR","",,"","","false","","20","100",,"","","1285","2024-10-28 15:03:16"
"3416614","8f109c22-760c-4223-8ffd-b0e1b0a62858","UKR033","UN7500076",,"Juglans","regia","L.","","","Juglans regia L.","UKR","",,"","","false","","20","100",,"","","1285","2024-10-28 15:03:16"
"3416615","ad3e6d57-70d0-4323-808e-0f616d22b975","UKR033","UN7500074",,"Juglans","regia","L.","","","Juglans regia L.","RUS","",,"","","false","","20","100",,"","","1285","2023-11-18 09:52:30"
"3416616","ab82c3d5-b75d-434f-bbea-989b32124002","UKR033","UN7500072",,"Juglans","regia","L.","","","Juglans regia L.","UKR","",,"","","false","","20","100",,"","","1285","2024-10-28 15:03:16"
"3416617","98047924-03d6-440e-a558-3fd3b2c666b8","UKR033","UN7500067",,"Juglans","regia","L.","","","Juglans regia L.","UKR","",,"","","false","","20","100",,"","","1285","2023-11-18 09:52:30"
"3416618","153e444e-2735-4952-876b-baab145af2a0","UKR033","UN7500060",,"Juglans","regia","L.","","","Juglans regia L.","UKR","",,"","","false","","20","100",,"","","1285","2024-10-28 15:03:16"
"3416619","4e08f644-c078-46c8-ae54-75047be017c7","UKR033","UN7500059",,"Juglans","regia","L.","","","Juglans regia L.","UKR","",,"","","false","","20","100",,"","","1285","2024-10-28 15:03:16"
"3416620","fd29f879-d85f-4aa0-b91f-ebed8f084fcf","UKR033","UN7500057",,"Juglans","regia","L.","","","Juglans regia L.","UKR","",,"","","false","","20","100",,"","","1285","2024-10-28 15:03:16"
"3416621","51786f95-b0aa-4942-a8f6-3b21ff32cf1f","UKR046","UN7500021",,"Juglans","regia","L.","","","Juglans regia L.",,"","1978----","","","false","","20","",,"","","1285","2023-11-18 08:25:02"
"3416622","0899ccc6-ee2f-4ef7-94f7-f174bba2a3aa","UKR046","UN7500018",,"Juglans","regia","L.","","","Juglans regia L.",,"","1978----","","","false","","20","",,"","","1285","2023-11-18 08:25:02"
"3416623","6e811839-e6fa-4100-ad98-8e923fa5cb2e","UKR046","UN7500019",,"Juglans","regia","L.","","","Juglans regia L.",,"","1978----","","","false","","20","",,"","","1285","2023-11-18 08:25:13"
"3416624","ebaf6d11-6ed8-4f44-babc-0777a0e9f38f","UKR046","UN7500020",,"Juglans","regia","L.","","","Juglans regia L.",,"","1978----","","","false","","20","",,"","","1285","2023-11-18 08:25:13"
"3416625","63c405fa-a7ea-47cd-a2ef-a097b8b7f4c2","UKR046","UN7500016",,"Juglans","regia","L.","","","Juglans regia L.","UKR","","1977----","","","false","","20","",,"","","1285","2024-10-28 15:04:48"
"3416626","e5edb32b-6705-4561-a34d-fbca8475f642","UKR046","UN7500017",,"Juglans","regia","L.","","","Juglans regia L.","UKR","","1978----","","","false","","20","",,"","","1285","2024-10-28 15:04:46"
"3416627","cd732c9b-98e9-42b1-b3be-95e40047b434","UKR046","UN7500014",,"Juglans","regia","L.","","","Juglans regia L.","UKR","","1977----","","","false","","20","",,"","","1285","2023-11-18 08:24:55"
"3416628","3bd3e55c-0d1f-4b15-9d4c-198ed28982f0","UKR046","UN7500015",,"Juglans","regia","L.","","","Juglans regia L.","UKR","","1978----","","","false","","20","",,"","","1285","2024-10-28 15:04:46"
"3416629","1cea6211-31bb-4c9a-9def-5d66dde00637","UKR046","UN7500013",,"Juglans","regia","L.","","","Juglans regia L.","UKR","","1977----","","","false","","20","",,"","","1285","2024-10-28 15:04:46"
"3416630","3905ebbd-e614-48ee-957c-25749ef664cd","UKR046","UN7500011",,"Juglans","regia","L.","","","Juglans regia L.","UKR","","1977----","","","false","","20","",,"","","1285","2024-10-28 15:04:46"
"3416631","4fe3b30b-c808-4193-a74e-8c0999b0374b","UKR046","UN7500012",,"Juglans","regia","L.","","","Juglans regia L.","UKR","","1977----","","","false","","20","",,"","","1285","2024-10-28 15:04:46"
"3416632","61a28e35-4897-45d0-8c50-b91cdb3864e9","UKR046","UN7500010",,"Juglans","regia","L.","","","Juglans regia L.","UKR","","1977----","","","false","","20","",,"","","1285","2023-11-18 08:24:55"
"3416633","64d0cb62-2a3c-4403-8bbb-fe3fc8833441","UKR046","UN7500008",,"Juglans","regia","L.","","","Juglans regia L.","UKR","","1977----","","","false","","20","",,"","","1285","2024-10-28 15:04:46"
"3416634","483ad0d3-8ab7-46db-995e-ec2279814f15","UKR046","UN7500009",,"Juglans","regia","L.","","","Juglans regia L.","UKR","","1977----","","","false","","20","",,"","","1285","2023-11-18 08:24:55"
"3416635","3a399c2f-cb62-48d2-a8cc-805334a8b543","UKR046","UN7500004",,"Juglans","regia","L.","","","Juglans regia L.","UKR","","1977----","","","false","","20","",,"","","1285","2024-10-28 15:04:46"
"3416637","7d145a86-2e39-484e-98b2-a8d516039006","UKR046","UN7500006",,"Juglans","regia","L.","","","Juglans regia L.","UKR","","1978----","","","false","","20","",,"","","1285","2024-10-28 15:04:46"
"3416638","a5453bf2-e465-4268-9eb6-44ea2c315fe3","UKR046","UN7500007",,"Juglans","regia","L.","","","Juglans regia L.","UKR","","1977----","","","false","","20","",,"","","1285","2024-10-28 15:04:46"
"3416639","1e0bd3a0-e782-4e5b-a890-ed92396c4337","UKR046","UN7500003",,"Juglans","regia","L.","","","Juglans regia L.","UKR","","1977----","","","false","","20","",,"","","1285","2024-10-28 15:04:46"
"3416640","16b10b18-4d79-4690-8b8f-fab4aca8ccc7","UKR046","UN7500002",,"Juglans","regia","L.","","","Juglans regia L.","UKR","","1977----","","","false","","20","",,"","","1285","2023-11-18 08:24:55"
"3416641","52d450fc-7f78-4729-a987-54bb2ead172d","UKR046","UN7500001",,"Juglans","regia","L.","","","Juglans regia L.","UKR","","1977----","","","false","","20","",,"","","1285","2024-10-28 15:04:46"
"3416642","d0aba763-2c83-45fb-8c18-8b988fc54c9c","UKR030","UN7500099",,"Juglans","nigra","L.","","","Juglans nigra L.","USA","",,"","","false","","20","",,"","","1285","2023-11-18 10:02:49"
"3416643","b661abe2-d570-472e-82a8-89c8b96de507","UKR030","UN7500098",,"Juglans","ailantifolia","Carr.","var. cordiformis","","Juglans ailantifolia Carr. var. cordiformis","USA","",,"","","false","","20","",,"","","1285","2023-11-18 10:28:31"
"3416644","acf54063-5f5f-4f2c-b9d0-57e7cb02ad1f","UKR030","UN7500093",,"Juglans","hindsii","(Jeps.) Jeps.","","","Juglans hindsii (Jeps.) Jeps.","USA","",,"","","false","","20","",,"","","1285","2023-11-18 09:52:22"
"3416651","9dd2fe40-4c1f-42fb-866c-a406389ab43d","UKR030","UN7500091",,"Juglans","cinerea","L.","","","Juglans cinerea L.","UKR","",,"","","false","","20","",,"","","1285","2023-11-18 11:16:57"
"3416653","b46ff5ed-0659-4fd9-8ac5-a300db3810ae","UKR030","UN7500096",,"Juglans","mandshurica","Maxim.","","","Juglans mandshurica Maxim.","UKR","",,"","","false","","20","",,"","","1285","2023-11-18 10:09:09"
"3416656","e43645df-f722-4628-9849-ac65d3966eef","UKR046","UN7500126",,"Juglans","regia","L.","","","Juglans regia L.","UKR","",,"","","false","","20","",,"","","1285","2023-11-18 08:24:55"
"3416657","0778a771-9dea-4178-baaf-32c0f4f16c0e","UKR030","UN7500094",,"Juglans","mandshurica","Maxim.","","","Juglans mandshurica Maxim.","UKR","",,"","","false","","20","",,"","","1285","2023-11-18 10:09:09"
"3416658","a4f704f4-a7a3-4be2-aee6-506389689686","UKR046","UN7500130",,"Juglans","regia","L.","","","Juglans regia L.","UKR","",,"","","false","","20","",,"","","1285","2024-10-28 15:04:46"
"3416659","c7888973-458b-4dc9-b12a-a04d7fa11979","UKR046","UN7500129",,"Juglans","regia","L.","","","Juglans regia L.","UKR","",,"","","false","","20","",,"","","1285","2023-11-18 08:24:55"
"3416660","e2593bc4-59f9-4521-b3d7-24c80054afb8","UKR046","UN7500132",,"Juglans","regia","L.","","","Juglans regia L.","UKR","",,"","","false","","20","",,"","","1285","2024-10-28 15:04:46"
"3416661","c9a0dbdc-2ecc-4a5e-b901-01c286b686fb","UKR046","UN7500131",,"Juglans","regia","L.","","","Juglans regia L.","UKR","",,"","","false","","20","",,"","","1285","2024-10-28 15:04:46"
"3416662","710b829d-5330-4775-8101-a0cf2a031157","UKR046","UN7500144",,"Juglans","regia","L.","","","Juglans regia L.","UKR","",,"","","false","","20","",,"","","1285","2023-11-18 08:24:55"
"3416663","6fae8054-574b-4d0b-9a90-a60a56efb976","UKR046","UN7500134",,"Juglans","regia","L.","","","Juglans regia L.","UKR","",,"","","false","","20","",,"","","1285","2024-10-28 15:04:46"
"3416664","749475dd-1e50-410f-843d-068a8d8b53e8","UKR046","UN7500133",,"Juglans","regia","L.","","","Juglans regia L.","UKR","",,"","","false","","20","",,"","","1285","2023-11-18 08:24:55"
"3416665","6ef907e0-8473-43bb-b760-9b7354b6caf4","UKR046","UN7500138",,"Juglans","regia","L.","","","Juglans regia L.","UKR","",,"","","false","","20","",,"","","1285","2023-11-18 08:24:55"
"3416666","556a4fc1-4cb4-4707-90e3-d3ca6058d9f0","UKR046","UN7500128",,"Juglans","regia","L.","","","Juglans regia L.","UKR","",,"","","false","","20","",,"","","1285","2023-11-18 08:24:55"
"3416667","1daf1689-51e4-4623-a3dd-3a8f1fbabb44","UKR046","UN7500136",,"Juglans","regia","L.","","","Juglans regia L.","UKR","",,"","","false","","20","",,"","","1285","2023-11-18 08:24:55"
"3416668","cc0e314d-bd8a-4f76-b3f6-349b0f2c01b2","UKR046","UN7500139",,"Juglans","regia","L.","","","Juglans regia L.","UKR","",,"","","false","","20","",,"","","1285","2024-10-28 15:04:46"
"3416669","cba16b87-ed5b-40f9-a262-dd930bbc29b9","UKR046","UN7500141",,"Juglans","regia","L.","","","Juglans regia L.","UKR","",,"","","false","","20","",,"","","1285","2023-11-18 08:24:55"
"3416670","a28e7c33-031c-415f-8e2a-c78f4a4e6e4d","UKR046","UN7500171",,"Juglans","regia","L.","","","Juglans regia L.","UKR","",,"","","false","","20","",,"","","1285","2023-11-18 08:24:55"
"3416671","6f222395-b96c-4bff-8e9b-46c6833ee56e","UKR046","UN7500140",,"Juglans","regia","L.","","","Juglans regia L.","UKR","",,"","","false","","20","",,"","","1285","2024-10-28 15:04:46"
"3416672","fba55f66-2741-46b9-86e0-7da0d0f313dc","UKR046","UN7500143",,"Juglans","regia","L.","","","Juglans regia L.","UKR","",,"","","false","","20","",,"","","1285","2024-10-28 15:04:46"
"3416673","284a21b7-6b5e-42aa-89de-cc9b92b1d07b","UKR046","UN7500179",,"Juglans","regia","L.","","","Juglans regia L.","UKR","",,"","","false","","20","",,"","","1285","2023-11-18 08:24:55"
"3416674","1b6334b7-6803-4ba0-a981-f4d371dcf8ed","UKR046","UN7500118",,"Juglans","regia","L.","","","Juglans regia L.","UKR","",,"","","false","","20","",,"","","1285","2024-10-28 15:04:46"
"3416675","b17fa8c2-16b8-4202-a8ed-5f183a9aaf34","UKR046","UN7500120",,"Juglans","regia","L.","","","Juglans regia L.","UKR","",,"","","false","","20","",,"","","1285","2023-11-18 08:24:55"
"3416676","84632b6a-f60a-4734-90d3-297f3f2036ed","UKR046","UN7500135",,"Juglans","regia","L.","","","Juglans regia L.","UKR","",,"","","false","","20","",,"","","1285","2024-10-28 15:04:46"
"3416677","820e2c62-b88a-4c60-860d-bc080d68f52b","UKR046","UN7500116",,"Juglans","regia","L.","","","Juglans regia L.","UKR","",,"","","false","","20","",,"","","1285","2024-10-28 15:04:46"
"3416678","a90cacd6-ae89-44a3-a69d-13a826db81a5","UKR046","UN7500115",,"Juglans","regia","L.","","","Juglans regia L.","UKR","",,"","","false","","20","",,"","","1285","2023-11-18 08:24:55"
"3416679","ec278cfd-5d9e-4fc5-9373-6003f55a9363","UKR046","UN7500113",,"Juglans","regia","L.","","","Juglans regia L.","UKR","",,"","","false","","20","",,"","","1285","2023-11-18 08:24:55"
"3416680","2570aea1-a0ed-4e1e-93ac-3a2596dfaec7","UKR046","UN7500117",,"Juglans","regia","L.","","","Juglans regia L.","UKR","",,"","","false","","20","",,"","","1285","2024-10-28 15:04:46"
"3416682","6183274c-f3d3-48cd-b9d1-443b057fa01e","UKR046","UN7500119",,"Juglans","regia","L.","","","Juglans regia L.","UKR","",,"","","false","","20","",,"","","1285","2023-11-18 08:24:55"
"3416683","4ca2c16d-c6b3-4d75-93f2-e123debc1793","UKR046","UN7500127",,"Juglans","regia","L.","","","Juglans regia L.","UKR","",,"","","false","","20","",,"","","1285","2023-11-18 08:24:55"
"3416686","cfc09503-6c96-4883-885f-220c46c9005c","UKR046","UN7500121",,"Juglans","regia","L.","","","Juglans regia L.","UKR","",,"","","false","","20","",,"","","1285","2023-11-18 08:24:55"
"3416691","601d8684-94de-4289-96f1-2a5af0fd4283","UKR046","UN7500146",,"Juglans","regia","L.","","","Juglans regia L.","UKR","",,"","","false","","20","",,"","","1285","2024-10-28 15:04:46"
"3416692","318ba0ce-49c7-4f36-896b-27837a90f8a9","UKR046","UN7500125",,"Juglans","regia","L.","","","Juglans regia L.","UKR","",,"","","false","","20","",,"","","1285","2023-11-18 08:24:55"
"3416696","161f3514-0f0e-4aaf-a5a7-16dc5f749277","UKR046","UN7500166",,"Juglans","regia","L.","","","Juglans regia L.","UKR","",,"","","false","","20","",,"","","1285","2024-10-28 15:04:46"
"3416697","b6f4f864-722b-47bf-9199-65b86cd148c4","UKR046","UN7500168",,"Juglans","regia","L.","","","Juglans regia L.","UKR","",,"","","false","","20","",,"","","1285","2024-10-28 15:04:46"
"3416698","32c37fe7-b8a1-46a8-88fd-36c3126e98d0","UKR046","UN7500170",,"Juglans","regia","L.","","","Juglans regia L.","UKR","",,"","","false","","20","",,"","","1285","2023-11-18 08:24:55"
"3416702","58b67d3e-53a1-4d2f-b140-102f98680649","UKR046","UN7500162",,"Juglans","regia","L.","","","Juglans regia L.","UKR","",,"","","false","","20","",,"","","1285","2024-10-28 15:04:46"
"3416703","d51a36f5-8b03-4950-89e4-8020645b5c93","UKR046","UN7500174",,"Juglans","regia","L.","","","Juglans regia L.","UKR","",,"","","false","","20","",,"","","1285","2024-10-28 15:04:46"
"3416704","7a43591a-8707-4a52-b2a9-8c426b6c2424","UKR046","UN7500177",,"Juglans","regia","L.","","","Juglans regia L.","UKR","",,"","","false","","20","",,"","","1285","2023-11-18 08:25:00"
"3416705","07d565e5-2cf2-4a57-ba4e-1e382d81d7cd","UKR046","UN7500176",,"Juglans","regia","L.","","","Juglans regia L.","UKR","",,"","","false","","20","",,"","","1285","2023-11-18 08:25:00"
"3416706","0915b2dc-d23d-4eac-9f94-c0c748878711","UKR046","UN7500175",,"Juglans","regia","L.","","","Juglans regia L.","UKR","",,"","","false","","20","",,"","","1285","2024-10-28 15:04:46"
"3416708","aa5bdba1-feef-44a0-8fed-35c747cd6c9f","UKR046","UN7500169",,"Juglans","regia","L.","","","Juglans regia L.","UKR","",,"","","false","","20","",,"","","1285","2024-10-28 15:04:46"
"3416709","aa65ba42-3ede-45cd-874d-5b34337066f1","UKR046","UN7500152",,"Juglans","regia","L.","","","Juglans regia L.","UKR","",,"","","false","","20","",,"","","1285","2024-10-28 15:04:46"
"3416710","b81fc9ab-ea5c-4f5d-9e6e-841c170b6835","UKR046","UN7500148",,"Juglans","regia","L.","","","Juglans regia L.","UKR","",,"","","false","","20","",,"","","1285","2024-10-28 15:04:46"
"3416711","ac812ecd-93ef-4484-b928-14380922fc9f","UKR046","UN7500147",,"Juglans","regia","L.","","","Juglans regia L.","UKR","",,"","","false","","20","",,"","","1285","2024-10-28 15:04:46"
"3416712","82619c1a-9f4a-48ef-a6e0-6c6eb875abdd","UKR046","UN7500151",,"Juglans","regia","L.","","","Juglans regia L.","UKR","",,"","","false","","20","",,"","","1285","2024-10-28 15:04:46"
"3416715","40bfa8f0-3279-458d-a4c7-490747aab614","UKR046","UN7500145",,"Juglans","regia","L.","","","Juglans regia L.","UKR","",,"","","false","","20","",,"","","1285","2023-11-18 08:25:00"
"3416717","1c6ca0a5-0d56-4185-a27c-23b6e0ed85e9","UKR046","UN7500161",,"Juglans","regia","L.","","","Juglans regia L.","UKR","",,"","","false","","20","",,"","","1285","2024-10-28 15:04:46"
"3416718","2696835c-40e3-4417-b6ec-b0f933836e17","UKR046","UN7500157",,"Juglans","regia","L.","","","Juglans regia L.","UKR","",,"","","false","","20","",,"","","1285","2023-11-18 08:25:00"
"3416719","ffcf8b42-e984-40e5-b248-51233237aac8","UKR046","UN7500156",,"Juglans","regia","L.","","","Juglans regia L.","UKR","",,"","","false","","20","",,"","","1285","2023-11-18 08:25:00"
"3416720","5d4425ce-486d-4af3-8aaa-10f11a22888d","UKR046","UN7500155",,"Juglans","regia","L.","","","Juglans regia L.","UKR","",,"","","false","","20","",,"","","1285","2024-10-28 15:04:46"
"3416721","06d61681-abc1-4f88-92e9-2921a9757590","UKR046","UN7500158",,"Juglans","regia","L.","","","Juglans regia L.","UKR","",,"","","false","","20","",,"","","1285","2024-10-28 15:04:46"
"3416793","28a7fd50-8b41-44fb-8c9a-c91c1037a5b8","UKR033","UN7500052",,"Juglans","regia","L.","","","Juglans regia L.","UKR","",,"","","false","","20","100",,"","","1285","2024-10-28 15:03:16"
"3416794","e8bc6ddf-6d38-492d-b032-3ccdac830b9b","UKR033","UN7500047",,"Juglans","regia","L.","","","Juglans regia L.","UKR","","1987----","","","false","","20","100",,"","","1285","2024-10-28 15:03:16"
"3416795","a265e45d-f247-4c08-927a-dfad79fd5ac8","UKR033","UN7500044",,"Juglans","regia","L.","var. vera","DC.","Juglans regia L. var. vera DC.","MDA","","1967----","","","false","","20","300","UKR027","","","1285","2023-11-18 10:41:43"
"3416796","a31be0da-998b-4413-ae1c-3d182c8c9fcb","UKR033","UN7500045",,"Juglans","regia","L.","","","Juglans regia L.","UKR","","1987----","","","false","","20","100","UKR046","","","1285","2023-11-18 09:52:30"
"3416797","57be633d-43e4-41f2-a53e-3039d1af5ffa","UKR033","UN7500043",,"Juglans","regia","L.","","","Juglans regia L.","UKR","","1989----","","","false","","20","100","UKR046","","","1285","2024-10-28 15:03:16"
"3416798","d28286d2-717d-4d44-8721-3fa4a9c74a77","UKR033","UN7500041",,"Juglans","regia","L.","","","Juglans regia L.","MDA","",,"","","false","","20","100",,"","","1285","2024-10-28 15:03:16"
"3416799","909bee73-9381-496a-8ce6-d19711d2a5b0","UKR033","UN7500040",,"Juglans","regia","L.","var. vera","DC.","Juglans regia L. var. vera DC.","MDA","","1967----","","","false","","20","300","UKR027","","","1285","2023-11-18 10:41:43"
"3416800","01cf80ac-ef04-43c3-97c7-be70819f006f","UKR033","UN7500038",,"Juglans","regia","L.","","","Juglans regia L.","MDA","",,"","","false","","20","100",,"","","1285","2024-10-28 15:03:16"
"3416801","490cd4aa-c0cd-48e3-a1ff-eaf105bd73ca","UKR033","UN7500039",,"Juglans","regia","L.","var. vera","DC.","Juglans regia L. var. vera DC.","MDA","","1967----","","","false","","20","300","UKR027;UKR046","","","1285","2023-11-18 10:41:43"
"3416802","a4949046-d871-453f-b896-e5584a56a15e","UKR033","UN7500036",,"Juglans","regia","L.","","","Juglans regia L.","UKR","","1995----","","","false","","20","100",,"","","1285","2023-11-18 09:52:30"
"3416803","e89eaf9d-7b46-4008-91b9-77ee19d37958","UKR033","UN7500037",,"Juglans","regia","L.","","","Juglans regia L.","UKR","","1995----","","","false","","20","100",,"","","1285","2024-10-28 15:03:16"
"3416804","6da97b88-0363-409e-b2e9-3e2b2e72d828","UKR033","UN7500035",,"Juglans","regia","L.","","","Juglans regia L.","UKR","","1995----","","","false","","20","100",,"","","1285","2024-10-28 15:03:16"
"3416805","83490609-7121-4fd2-83f7-a3ae5cdf6fb6","UKR033","UN7500033",,"Juglans","regia","L.","","","Juglans regia L.","MDA","",,"","","false","","20","100",,"","","1285","2024-10-28 15:03:16"
"3416806","4f184cea-8439-42bc-bc4e-59519387a2cf","UKR033","UN7500034",,"Juglans","regia","L.","","","Juglans regia L.","UKR","","1997----","","","false","","20","",,"","","1285","2024-10-28 15:03:16"
"3416807","76bf3983-9eaf-4950-bf2b-c60d2a5a62ec","UKR046","UN7500031",,"Juglans","regia","L.","","","Juglans regia L.","UKR","","1977----","","","false","","20","",,"","","1285","2023-11-18 08:25:00"
"3416808","bf4a0f8f-8606-40de-9072-23ed72784507","UKR046","UN7500032",,"Juglans","regia","L.","","","Juglans regia L.","UKR","","1978----","","","false","","20","",,"","","1285","2023-11-18 08:25:00"
"3416809","554d1cf2-6c0d-481b-a5c1-e52889cef7b8","UKR046","UN7500028",,"Juglans","regia","L.","","","Juglans regia L.","UKR","","1977----","","","false","","20","",,"","","1285","2024-10-28 15:04:46"
"3416810","4c796fa3-8428-4275-ac06-56eb88be8a87","UKR046","UN7500029",,"Juglans","regia","L.","","","Juglans regia L.","UKR","","1977----","","","false","","20","",,"","","1285","2024-10-28 15:04:46"
"3416811","284e38b7-6f04-4bac-9dcf-9eda31a80aa5","UKR046","UN7500030",,"Juglans","regia","L.","","","Juglans regia L.","UKR","","1977----","","","false","","20","",,"","","1285","2024-10-28 15:04:46"
"3416812","3fa856bd-2665-4045-8c04-f58cf8742443","UKR046","UN7500025",,"Juglans","regia","L.","","","Juglans regia L.","UKR","","1977----","","","false","","20","",,"","","1285","2024-10-28 15:04:46"
"3416813","4b9b6a3a-1894-4d4a-8b3b-bd73e58678fd","UKR046","UN7500026",,"Juglans","regia","L.","","","Juglans regia L.","UKR","","1977----","","","false","","20","",,"","","1285","2024-10-28 15:04:46"
"3416814","a68c207c-899e-407f-a3a1-d841afcf0fe9","UKR046","UN7500027",,"Juglans","regia","L.","","","Juglans regia L.","UKR","","1977----","","","false","","20","",,"","","1285","2023-11-18 08:25:00"
"3416815","fa58fad5-bae9-4530-9dd8-c52ce8212799","UKR046","UN7500024",,"Juglans","regia","L.","","","Juglans regia L.","UKR","","1977----","","","false","","20","",,"","","1285","2023-11-18 08:25:00"
"3416817","0386184d-e06e-4f16-9947-2f572f208c91","UKR046","UN7500160",,"Juglans","regia","L.","","","Juglans regia L.","UKR","",,"","","false","","20","",,"","","1285","2024-10-28 15:04:46"
"3416818","33a1d05d-2a26-4cb5-9923-27a5611b7c8f","UKR046","UN7500159",,"Juglans","regia","L.","","","Juglans regia L.","UKR","",,"","","false","","20","",,"","","1285","2023-11-18 08:25:00"
"3416819","47d14e21-986b-440a-a6c7-a6fdc746ef76","UKR046","UN7500022",,"Juglans","regia","L.","","","Juglans regia L.",,"","1978----","","","false","","20","",,"","","1285","2024-10-28 15:04:46"
"3416820","ceed9248-ff9d-4cc2-aacc-7d0152abc647","UKR046","UN7500023",,"Juglans","regia","L.","","","Juglans regia L.","UKR","","1977----","","","false","","20","",,"","","1285","2024-10-28 15:04:46"
"3514870","c24310fc-6df5-41d4-8e4a-dd4b43007c12","ESP133","NC045674",,"Juglans","regia","L.","","","Juglans regia L.",,"",,"false","","false","","20","",,"","","1285","2024-10-28 15:32:47"
"3514871","bf2fe31c-e5e5-499f-abf2-6bfb038222fa","ESP133","NC045675",,"Juglans","regia","L.","","","Juglans regia L.",,"",,"false","","false","","20","",,"","","1285","2024-10-28 15:32:47"
"3514872","d4af9eb2-db05-4aae-b72f-c2e9536f8b82","ESP133","NC045676",,"Juglans","regia","L.","","","Juglans regia L.",,"",,"false","","false","","20","",,"","","1285","2024-10-28 15:32:47"
"3514873","fdaa7ef0-6b28-4b5c-905b-16713c9de41a","ESP133","NC045677",,"Juglans","regia","L.","","","Juglans regia L.",,"",,"false","","false","","20","",,"","","1285","2024-10-28 15:32:47"
"3514874","23ee0752-633a-4b2a-b318-00bed7c603db","ESP133","NC045678",,"Juglans","regia","L.","","","Juglans regia L.",,"",,"false","","false","","20","",,"","","1285","2024-10-28 15:32:47"
"3514875","f55f90e7-fc06-4b64-b215-a155168da0f4","ESP133","NC045679",,"Juglans","regia","L.","","","Juglans regia L.",,"",,"false","","false","","20","",,"","","1285","2023-11-18 11:03:32"
"3514876","3bc4b6d7-f3c6-433e-88b9-184528f4e7ee","ESP133","NC045680",,"Juglans","regia","L.","","","Juglans regia L.",,"",,"false","","false","","20","",,"","","1285","2023-11-18 11:03:32"
"3514877","12adc0e2-deeb-414c-97b6-e04b8a4b75bf","ESP133","NC045681",,"Juglans","regia","L.","","","Juglans regia L.",,"",,"false","","false","","20","",,"","","1285","2024-10-28 15:32:47"
"3514878","0e0d6684-fbf5-4fea-980a-13a3ae906635","ESP133","NC045682",,"Juglans","regia","L.","","","Juglans regia L.",,"",,"false","","false","","20","",,"","","1285","2023-11-18 11:03:32"
"3514879","42837abd-7f70-4ca0-b8d8-1e95ccdbb8c0","ESP133","NC045683",,"Juglans","regia","L.","","","Juglans regia L.",,"",,"false","","false","","20","",,"","","1285","2023-11-18 11:03:32"
"3514880","b5a97b03-d69e-4df4-8b8e-dae2a4478e5c","ESP133","NC045684",,"Juglans","regia","L.","","","Juglans regia L.",,"",,"false","","false","","20","",,"","","1285","2024-10-28 15:32:47"
"3514881","fd0dcee3-edb8-42fe-820c-7d27119962c9","ESP133","NC045685",,"Juglans","regia","L.","","","Juglans regia L.",,"",,"false","","false","","20","",,"","","1285","2024-10-28 15:32:47"
"3514882","4ed83674-2acd-4d5d-a687-0c93090d4b97","ESP133","NC045686",,"Juglans","regia","L.","","","Juglans regia L.",,"",,"false","","false","","20","",,"","","1285","2024-10-28 15:32:47"
"3514883","b5c1a7a0-5a57-43ad-9b00-b525a2f8b639","ESP133","NC045687",,"Juglans","regia","L.","","","Juglans regia L.",,"",,"false","","false","","20","",,"","","1285","2024-10-28 15:32:47"
"3514884","d87ee880-25ae-49b6-86ed-66cddb87886a","ESP133","NC045688",,"Juglans","regia","L.","","","Juglans regia L.",,"",,"false","","false","","20","",,"","","1285","2024-10-28 15:32:47"
"3514885","c5d2f1d9-0fc4-4100-8a27-85cd15f4a19f","ESP133","NC045689",,"Juglans","regia","L.","","","Juglans regia L.",,"",,"false","","false","","20","",,"","","1285","2024-10-28 15:32:47"
"3514886","5a2c396b-0190-43b1-8b28-06cf30559923","ESP133","NC045690",,"Juglans","regia","L.","","","Juglans regia L.",,"",,"false","","false","","20","",,"","","1285","2023-11-18 11:03:32"
"3514887","f32f754d-610c-45a6-afda-7997e952567e","ESP133","NC045691",,"Juglans","regia","L.","","","Juglans regia L.",,"",,"false","","false","","20","",,"","","1285","2024-10-28 15:32:47"
"3514888","97166c71-8946-4d3f-849a-3cac5afdfc79","ESP133","NC045692",,"Juglans","regia","L.","","","Juglans regia L.",,"",,"false","","false","","20","",,"","","1285","2024-10-28 15:32:47"
"3514889","97e6a530-2be0-4d9b-b98f-cb5716866f86","ESP133","NC045693",,"Juglans","regia","L.","","","Juglans regia L.",,"",,"false","","false","","20","",,"","","1285","2024-10-28 15:32:47"
"3514890","57e199e8-71ae-4072-aa8d-58a3e40d5e9f","ESP133","NC045694",,"Juglans","regia","L.","","","Juglans regia L.",,"",,"false","","false","","20","",,"","","1285","2023-11-18 11:03:32"
"3514891","4f124764-7752-440f-8537-26e9bfa48097","ESP133","NC045695",,"Juglans","regia","L.","","","Juglans regia L.",,"",,"false","","false","","20","",,"","","1285","2023-11-18 11:03:32"
"3514892","f5a3a071-1ae0-4346-8f4f-91a01a1ddc03","ESP133","NC045696",,"Juglans","regia","L.","","","Juglans regia L.",,"",,"false","","false","","20","",,"","","1285","2024-10-28 15:32:47"
"3514893","194024a1-3277-4904-9011-c8fa568f49af","ESP133","NC045697",,"Juglans","regia","L.","","","Juglans regia L.",,"",,"false","","false","","20","",,"","","1285","2024-10-28 15:32:47"
"3514894","e19cad49-4f91-415d-a140-94aba0c46bb3","ESP133","NC045698",,"Juglans","regia","L.","","","Juglans regia L.",,"",,"false","","false","","20","",,"","","1285","2023-11-18 11:03:32"
"3514895","036ae687-153b-4342-b4e3-9af918fbea87","ESP133","NC045699",,"Juglans","regia","L.","","","Juglans regia L.",,"",,"false","","false","","20","",,"","","1285","2023-11-18 11:03:32"
"3514896","86f93815-42f3-4388-9e15-1644da7c3c91","ESP133","NC045700",,"Juglans","regia","L.","","","Juglans regia L.",,"",,"false","","false","","20","",,"","","1285","2024-10-28 15:32:47"
"3514897","78cbf780-913c-44d4-81d4-299dab5f8d6d","ESP133","NC045701",,"Juglans","regia","L.","","","Juglans regia L.",,"",,"false","","false","","20","",,"","","1285","2024-10-28 15:32:47"
"3514898","aa866be1-4e84-46cf-b0ab-b7fad6961097","ESP133","NC045702",,"Juglans","regia","L.","","","Juglans regia L.",,"",,"false","","false","","20","",,"","","1285","2024-10-28 15:32:47"
"3514899","807ac748-0e9a-4809-ac40-7e6e6508e6f3","ESP133","NC045703",,"Juglans","regia","L.","","","Juglans regia L.",,"",,"false","","false","","20","",,"","","1285","2024-10-28 15:32:47"
"3514900","84d73b1d-39a7-4d20-901c-a5220c2c9800","ESP133","NC045704",,"Juglans","regia","L.","","","Juglans regia L.",,"",,"false","","false","","20","",,"","","1285","2024-10-28 15:32:47"
"3514901","6dde92f8-0637-4b09-b083-2d7a2d15ab98","ESP133","NC045705",,"Juglans","regia","L.","","","Juglans regia L.",,"",,"false","","false","","20","",,"","","1285","2024-10-28 15:32:47"
"3514902","9a03b3db-d6d5-40cd-a103-843715b39447","ESP133","NC045706",,"Juglans","regia","L.","","","Juglans regia L.",,"",,"false","","false","","20","",,"","","1285","2024-10-28 15:32:47"
"3514903","be386638-0c21-477d-b6ed-cb6af930e854","ESP133","NC045707",,"Juglans","regia","L.","","","Juglans regia L.",,"",,"false","","false","","20","",,"","","1285","2024-10-28 15:32:47"
"3514904","c5fa0297-6174-4798-bf95-9e619e1b7fe5","ESP133","NC045708",,"Juglans","regia","L.","","","Juglans regia L.",,"",,"false","","false","","20","",,"","","1285","2023-11-18 11:03:32"
"3514905","256d3f3a-cf15-4d09-b4d4-a7af191488f6","ESP133","NC045709",,"Juglans","regia","L.","","","Juglans regia L.",,"",,"false","","false","","20","",,"","","1285","2023-11-18 11:03:32"
"3514906","d4805286-87e5-4ffa-8130-96631140a093","ESP133","NC045710",,"Juglans","regia","L.","","","Juglans regia L.",,"",,"false","","false","","20","",,"","","1285","2023-11-18 11:03:32"
"3514907","a7c50446-b842-46c9-8c30-1a1807d3b9f4","ESP133","NC045711",,"Juglans","regia","L.","","","Juglans regia L.",,"",,"false","","false","","20","",,"","","1285","2023-11-18 11:03:32"
"3514908","7c999af5-2845-4f26-9cd8-6cd5032405b3","ESP133","NC045712",,"Juglans","regia","L.","","","Juglans regia L.",,"",,"false","","false","","20","",,"","","1285","2024-10-28 15:32:47"
"3514938","4187212e-97ed-40e9-a033-18ec65c9c459","ESP133","NC045742",,"Juglans","regia","L.","","","Juglans regia L.",,"",,"false","","false","","20","",,"","","1285","2024-10-28 15:32:47"
"3514939","597bf4c2-3e4f-4987-921f-c8bd70a90db7","ESP133","NC045743",,"Juglans","regia","L.","","","Juglans regia L.",,"",,"false","","false","","20","",,"","","1285","2023-11-18 11:03:32"
"3514940","ebd66974-4577-4f20-9732-ea6ccb070754","ESP133","NC045744",,"Juglans","regia","L.","","","Juglans regia L.",,"",,"false","","false","","20","",,"","","1285","2024-10-28 15:32:47"
"3514941","52fedd4a-7d54-498e-97ca-66fa336743b6","ESP133","NC045745",,"Juglans","regia","L.","","","Juglans regia L.",,"",,"false","","false","","20","",,"","","1285","2024-10-28 15:32:47"
"3514942","224eb56a-efd2-483e-a23a-bcd773ff3451","ESP133","NC045746",,"Juglans","regia","L.","","","Juglans regia L.",,"",,"false","","false","","20","",,"","","1285","2024-10-28 15:32:47"
"3514943","ea3f78a0-5974-41fe-b345-1536a5b608e4","ESP133","NC045747",,"Juglans","regia","L.","","","Juglans regia L.",,"",,"false","","false","","20","",,"","","1285","2023-11-18 11:03:32"
"3514944","7f8dc582-11a7-4e2a-bb0c-ea33b2ec9da4","ESP133","NC045748",,"Juglans","regia","L.","","","Juglans regia L.",,"",,"false","","false","","20","",,"","","1285","2024-10-28 15:32:47"
"3514945","2d94ce02-ac9a-4095-8b39-6e2d27de237c","ESP133","NC045749",,"Juglans","regia","L.","","","Juglans regia L.",,"",,"false","","false","","20","",,"","","1285","2024-10-28 15:32:47"
"3514946","222a5315-0677-4bd2-af84-772c29c23ddc","ESP133","NC045750",,"Juglans","regia","L.","","","Juglans regia L.",,"",,"false","","false","","20","",,"","","1285","2023-11-18 11:03:32"
"3514947","07a8feee-c0de-46c9-ad5d-90bdaa1aaf9a","ESP133","NC045751",,"Juglans","regia","L.","","","Juglans regia L.",,"",,"false","","false","","20","",,"","","1285","2024-10-28 15:32:47"
"3514948","ad3fdca1-3bfc-470b-888d-15041886829e","ESP133","NC045752",,"Juglans","regia","L.","","","Juglans regia L.",,"",,"false","","false","","20","",,"","","1285","2024-10-28 15:32:47"
"3514949","2b4119df-5e6f-4507-a662-f16e4c8e39d5","ESP133","NC045753",,"Juglans","regia","L.","","","Juglans regia L.",,"",,"false","","false","","20","",,"","","1285","2024-10-28 15:32:47"
"3514950","0780ccb8-baad-4416-a227-466ed64fbd0e","ESP133","NC045754",,"Juglans","regia","L.","","","Juglans regia L.",,"",,"false","","false","","20","",,"","","1285","2024-10-28 15:32:47"
"3514951","7e1c38d8-048f-4e4e-b95e-c99f87c2b356","ESP133","NC045755",,"Juglans","regia","L.","","","Juglans regia L.",,"",,"false","","false","","20","",,"","","1285","2024-10-28 15:32:47"
"3514952","005f9cb8-df70-4bde-9aae-21ad3f97cfaf","ESP133","NC045756",,"Juglans","regia","L.","","","Juglans regia L.",,"",,"false","","false","","20","",,"","","1285","2023-11-18 11:03:31"
"3514953","c763cfc3-ad56-4d6a-b444-1fd104fbeb56","ESP133","NC045757",,"Juglans","regia","L.","","","Juglans regia L.",,"",,"false","","false","","20","",,"","","1285","2024-10-28 15:32:47"
"3514954","ef6c3f60-046b-441b-a478-9ce13f069f31","ESP133","NC045758",,"Juglans","regia","L.","","","Juglans regia L.",,"",,"false","","false","","20","",,"","","1285","2023-11-18 11:03:31"
"3514955","d4e1233e-1316-4647-b015-304fc7f0d0d4","ESP133","NC045759",,"Juglans","regia","L.","","","Juglans regia L.",,"",,"false","","false","","20","",,"","","1285","2023-11-18 11:03:31"
"3514956","a37b3938-280f-401f-8d63-b4489da150ff","ESP133","NC045760",,"Juglans","regia","L.","","","Juglans regia L.",,"",,"false","","false","","20","",,"","","1285","2023-11-18 11:03:31"
"3514957","7c526151-872d-4f52-a83b-84e2ca143c35","ESP133","NC045761",,"Juglans","regia","L.","","","Juglans regia L.",,"",,"false","","false","","20","",,"","","1285","2024-10-28 15:32:47"
"3514958","d489174e-b2b3-452d-904a-3d0484e8ee80","ESP133","NC045762",,"Juglans","regia","L.","","","Juglans regia L.",,"",,"false","","false","","20","",,"","","1285","2023-11-18 11:03:31"
"3514959","d9330757-38d5-4315-bdee-85a277ae0b95","ESP133","NC045763",,"Juglans","regia","L.","","","Juglans regia L.",,"",,"false","","false","","20","",,"","","1285","2024-10-28 15:32:47"
"3514960","b37c6e3c-9c4b-4742-9a50-4fe0d8036a9d","ESP133","NC045764",,"Juglans","regia","L.","","","Juglans regia L.",,"",,"false","","false","","20","",,"","","1285","2024-10-28 15:32:47"
"3514961","ef425dea-5df6-45f3-bb55-90994fcb68db","ESP133","NC045765",,"Juglans","regia","L.","","","Juglans regia L.",,"",,"false","","false","","20","",,"","","1285","2024-10-28 15:32:47"
"3514962","9d58cb8c-7ad6-4108-8282-ee33a3e11163","ESP133","NC045766",,"Juglans","regia","L.","","","Juglans regia L.",,"",,"false","","false","","20","",,"","","1285","2024-10-28 15:32:47"
"3514963","70695572-a643-4d1e-a472-67aaf886cb1d","ESP133","NC045767",,"Juglans","regia","L.","","","Juglans regia L.",,"",,"false","","false","","20","",,"","","1285","2024-10-28 15:32:47"
"3514964","03d29eb9-c167-4a8a-b6c9-90623ba99440","ESP133","NC045768",,"Juglans","regia","L.","","","Juglans regia L.",,"",,"false","","false","","20","",,"","","1285","2024-10-28 15:32:47"
"3514965","c1a3ae7c-5183-49cd-861b-30ee06b0a40a","ESP133","NC045769",,"Juglans","regia","L.","","","Juglans regia L.",,"",,"false","","false","","20","",,"","","1285","2024-10-28 15:32:47"
"3514966","d0f395f9-68d0-4bbf-922d-8ae929d30bce","ESP133","NC045770",,"Juglans","regia","L.","","","Juglans regia L.",,"",,"false","","false","","20","",,"","","1285","2023-11-18 11:03:31"
"3514967","a1337bb2-35bf-4a0e-9fce-e79afa587ac4","ESP133","NC045771",,"Juglans","regia","L.","","","Juglans regia L.",,"",,"false","","false","","20","",,"","","1285","2024-10-28 15:32:47"
"3514968","dbcc6f91-76cc-43cf-a497-619b741fc202","ESP133","NC045772",,"Juglans","regia","L.","","","Juglans regia L.",,"",,"false","","false","","20","",,"","","1285","2023-11-18 11:03:31"
"3514969","0bc1151f-1c40-4b8f-ac0a-59b6dbe23104","ESP133","NC045773",,"Juglans","regia","L.","","","Juglans regia L.",,"",,"false","","false","","20","",,"","","1285","2024-10-28 15:32:47"
"3514970","0911748e-06b1-4d75-892e-f38a22e1d8bc","ESP133","NC045774",,"Juglans","regia","L.","","","Juglans regia L.",,"",,"false","","false","","20","",,"","","1285","2024-10-28 15:32:47"
"3514971","7e9c14be-3765-4839-9d59-04a076e3b190","ESP133","NC045775",,"Juglans","regia","L.","","","Juglans regia L.",,"",,"false","","false","","20","",,"","","1285","2023-11-18 11:03:31"
"3514972","5a496989-08f5-4b7b-8344-26217a20e93f","ESP133","NC045776",,"Juglans","regia","L.","","","Juglans regia L.",,"",,"false","","false","","20","",,"","","1285","2024-10-28 15:32:47"
"3514973","2f2a28ae-a23d-4884-9ada-b9087dcfdb38","ESP133","NC045777",,"Juglans","regia","L.","","","Juglans regia L.",,"",,"false","","false","","20","",,"","","1285","2024-10-28 15:33:00"
"3514974","b1334fac-40d7-4cde-9fc7-49d998473777","ESP133","NC045778",,"Juglans","regia","L.","","","Juglans regia L.",,"",,"false","","false","","20","",,"","","1285","2023-11-18 11:03:31"
"3514975","17ce26a9-3c81-4c1c-b3cb-9e501c2a954a","ESP133","NC045779",,"Juglans","regia","L.","","","Juglans regia L.",,"",,"false","","false","","20","",,"","","1285","2023-11-18 11:03:31"
"3514976","9787161e-aaa3-4881-87a8-a1dc3f5f93e6","ESP133","NC045780",,"Juglans","regia","L.","","","Juglans regia L.",,"",,"false","","false","","20","",,"","","1285","2023-11-18 11:03:31"
"3514977","9e3273f9-275c-4a03-b9e8-a2757219aeff","ESP133","NC045781",,"Juglans","regia","L.","","","Juglans regia L.",,"",,"false","","false","","20","",,"","","1285","2024-10-28 15:33:00"
"3514978","781f5033-7df4-4f0f-9887-e1d5b9292e5b","ESP133","NC045782",,"Juglans","regia","L.","","","Juglans regia L.",,"",,"false","","false","","20","",,"","","1285","2023-11-18 11:03:31"
"3514979","26a3de7d-c0f3-4176-b797-0b49d6b15151","ESP133","NC045783",,"Juglans","regia","L.","","","Juglans regia L.",,"",,"false","","false","","20","",,"","","1285","2024-10-28 15:33:00"
"3514980","f9b47e90-2183-44bf-bdc4-34046365cc30","ESP133","NC045784",,"Juglans","regia","L.","","","Juglans regia L.",,"",,"false","","false","","20","",,"","","1285","2024-10-28 15:33:00"
"3514981","da7a2b5b-68cd-4dba-a382-be7e84c95d05","ESP133","NC045785",,"Juglans","regia","L.","","","Juglans regia L.",,"",,"false","","false","","20","",,"","","1285","2024-10-28 15:33:00"
"3514982","9c90a0d4-42c0-42c3-a7f6-2074b675b4a4","ESP133","NC045786",,"Juglans","regia","L.","","","Juglans regia L.",,"",,"false","","false","","20","",,"","","1285","2024-10-28 15:33:00"
"3514983","b017d1ab-b617-4c8f-bca4-3031531a5292","ESP133","NC045787",,"Juglans","regia","L.","","","Juglans regia L.",,"",,"false","","false","","20","",,"","","1285","2023-11-18 11:03:31"
"3514984","01e24f94-1260-48f1-8fcb-1fc0e035941e","ESP133","NC045788",,"Juglans","regia","L.","","","Juglans regia L.",,"",,"false","","false","","20","",,"","","1285","2024-10-28 15:33:00"
"3514985","9ef46711-db2e-42e9-a388-1e5658ecc512","ESP133","NC045789",,"Juglans","regia","L.","","","Juglans regia L.",,"",,"false","","false","","20","",,"","","1285","2023-11-18 11:03:31"
"3514986","ece18d9b-53ae-453a-ac83-9e3e686941ea","ESP133","NC045790",,"Juglans","regia","L.","","","Juglans regia L.",,"",,"false","","false","","20","",,"","","1285","2023-11-18 11:03:31"
"3514987","204bbc00-7b99-4da5-9284-a06631e15f64","ESP133","NC045791",,"Juglans","regia","L.","","","Juglans regia L.",,"",,"false","","false","","20","",,"","","1285","2023-11-18 11:03:31"
"3514988","8a5b6300-42aa-413e-bd54-d4057d058ee8","ESP133","NC045792",,"Juglans","regia","L.","","","Juglans regia L.",,"",,"false","","false","","20","",,"","","1285","2023-11-18 11:03:31"
"3514989","5577093d-4423-49c6-8cc6-2b9cf0663567","ESP133","NC045793",,"Juglans","regia","L.","","","Juglans regia L.",,"",,"false","","false","","20","",,"","","1285","2023-11-18 11:03:31"
"3514990","01cfcf37-d224-4906-91ae-b311b2a7abcb","ESP133","NC045794",,"Juglans","regia","L.","","","Juglans regia L.",,"",,"false","","false","","20","",,"","","1285","2023-11-18 11:03:31"
"3514991","c463360e-1488-4337-b826-64ed575c4b88","ESP133","NC045795",,"Juglans","regia","L.","","","Juglans regia L.",,"",,"false","","false","","20","",,"","","1285","2024-10-28 15:33:00"
"3514992","44dbcac4-d604-48d9-ab51-0953a40f1f10","ESP133","NC045796",,"Juglans","regia","L.","","","Juglans regia L.",,"",,"false","","false","","20","",,"","","1285","2024-10-28 15:33:00"
"3514993","fd5430f6-2e90-4ddd-975f-100dcc96e885","ESP133","NC045797",,"Juglans","regia","L.","","","Juglans regia L.",,"",,"false","","false","","20","",,"","","1285","2023-11-18 11:03:31"
"3514994","d5a33703-499d-41ae-9b9c-0a6d04f4b3ee","ESP133","NC045798",,"Juglans","regia","L.","","","Juglans regia L.",,"",,"false","","false","","20","",,"","","1285","2024-10-28 15:33:00"
"3514995","567fe654-3d71-464d-b20c-1e1cb365445e","ESP133","NC045799",,"Juglans","regia","L.","","","Juglans regia L.",,"",,"false","","false","","20","",,"","","1285","2023-11-18 11:03:31"
"3514996","97d28440-e7f6-4219-bf87-1623e647af70","ESP133","NC045800",,"Juglans","regia","L.","","","Juglans regia L.",,"",,"false","","false","","20","",,"","","1285","2023-11-18 11:03:31"
"3514997","c8f0a8d1-4550-4a40-8e71-b8d7fcdce3e8","ESP133","NC045801",,"Juglans","regia","L.","","","Juglans regia L.",,"",,"false","","false","","20","",,"","","1285","2024-10-28 15:33:00"
"3514998","07aeee04-7a08-44a9-8c6d-ca87445fed93","ESP133","NC045802",,"Juglans","regia","L.","","","Juglans regia L.",,"",,"false","","false","","20","",,"","","1285","2023-11-18 11:03:31"
"3514999","3271df9e-3578-4afb-9c94-e4c72d21ff14","ESP133","NC045803",,"Juglans","regia","L.","","","Juglans regia L.",,"",,"false","","false","","20","",,"","","1285","2024-10-28 15:33:00"
"3515000","d4498ee8-fede-45bf-8b39-d9f56a8ee9a2","ESP133","NC045804",,"Juglans","regia","L.","","","Juglans regia L.",,"",,"false","","false","","20","",,"","","1285","2024-10-28 15:33:00"
"3515001","800594fb-0661-4f56-9250-fad528a6bafd","ESP133","NC045805",,"Juglans","regia","L.","","","Juglans regia L.",,"",,"false","","false","","20","",,"","","1285","2024-10-28 15:33:00"
"3515002","6c6f8eaf-c6b3-4ef4-974f-070c34d784b8","ESP133","NC045806",,"Juglans","regia","L.","","","Juglans regia L.",,"",,"false","","false","","20","",,"","","1285","2023-11-18 11:03:43"
"3515003","cdd18c42-5f3e-40f6-bbf9-7cbe33d24b14","ESP133","NC045807",,"Juglans","regia","L.","","","Juglans regia L.",,"",,"false","","false","","20","",,"","","1285","2024-10-28 15:33:00"
"3515004","b9eb3df2-306d-4eb2-818e-09987e3dfc6b","ESP133","NC045808",,"Juglans","regia","L.","","","Juglans regia L.",,"",,"false","","false","","20","",,"","","1285","2024-10-28 15:33:00"
"3515005","54c0ca72-6278-432d-947c-eca8ba25b60b","ESP133","NC045809",,"Juglans","regia","L.","","","Juglans regia L.",,"",,"false","","false","","20","",,"","","1285","2024-10-28 15:33:00"
"3515006","ce845d85-ad77-4e4a-9d54-e364c5919bd2","ESP133","NC045810",,"Juglans","regia","L.","","","Juglans regia L.",,"",,"false","","false","","20","",,"","","1285","2024-10-28 15:33:00"
"3515007","969c9f51-456c-4efd-aad3-4804fc5bcc34","ESP133","NC045811",,"Juglans","regia","L.","","","Juglans regia L.",,"",,"false","","false","","20","",,"","","1285","2024-10-28 15:33:00"
"3515008","5aeb870b-0c16-4955-9878-26b99cf35fc9","ESP133","NC045812",,"Juglans","regia","L.","","","Juglans regia L.",,"",,"false","","false","","20","",,"","","1285","2024-10-28 15:33:00"
"3515357","4e829792-d7b7-46f8-8ec4-294a8b976533","ESP014","NC046329",,"Juglans","regia","L.","","","Juglans regia L.","USA","",,"false","","false","","20","",,"","","1285","2023-11-18 10:26:01"
"3515358","04796840-1280-47e3-b067-74dab74b1616","ESP014","NC046330",,"Juglans","regia","L.","","","Juglans regia L.","ESP","",,"false","","false","","20","",,"","","1285","2023-11-18 10:26:01"
"3515359","cd21848d-1e15-4749-b48e-c2cf3d6bdb7b","ESP014","NC046331",,"Juglans","regia","L.","","","Juglans regia L.","ESP","",,"false","","false","","20","",,"","","1285","2023-11-18 10:26:01"
"3515362","442d9da1-810c-47d9-8998-dcb8a7720ab0","ESP014","NC046334",,"Juglans","regia","L.","","","Juglans regia L.","PRT","",,"false","","false","","20","",,"","","1285","2023-11-18 10:26:01"
"3515363","d84a2f0a-2679-4f94-b76e-00faa0b4887e","ESP014","NC046335",,"Juglans","regia","L.","","","Juglans regia L.","CHL","",,"false","","false","","20","",,"","","1285","2023-11-18 10:26:01"
"3515364","b4a325ed-8c67-4c3d-a9ad-af61f7e5d24f","ESP014","NC046336",,"Juglans","regia","L.","","","Juglans regia L.","CHL","",,"false","","false","","20","",,"","","1285","2023-11-18 10:26:01"
"3515366","db76bc0e-ebfd-49a7-adb9-08c686b0c950","ESP014","NC046338",,"Juglans","regia","L.","","","Juglans regia L.","CHL","",,"false","","false","","20","",,"","","1285","2023-11-18 10:26:01"
"3515367","929a73d2-99eb-4465-86ed-b85a34ab00fb","ESP014","NC046339",,"Juglans","regia","L.","","","Juglans regia L.","USA","",,"false","","false","","20","",,"","","1285","2023-11-18 10:26:01"
"3515369","deb4d161-d8c1-4cb3-abba-4e2621795c80","ESP014","NC046341",,"Juglans","regia","L.","","","Juglans regia L.","ESP","",,"false","","false","","20","",,"","","1285","2023-11-18 11:03:41"
"3515370","cfb6dd8e-bf5a-4519-8a7f-b11868e94648","ESP014","NC046342",,"Juglans","regia","L.","","","Juglans regia L.","ESP","",,"false","","false","","20","",,"","","1285","2023-11-18 11:03:41"
"3515371","83e30964-144f-4ed0-9b44-9c161f6c9bfd","ESP014","NC046343",,"Juglans","regia","L.","","","Juglans regia L.","ESP","",,"false","","false","","20","",,"","","1285","2023-11-18 11:03:41"
"3515372","4595958e-69a4-4355-9342-485147aae23d","ESP014","NC046344",,"Juglans","regia","L.","","","Juglans regia L.","FRA","",,"false","","false","","20","",,"","","1285","2023-11-18 11:03:41"
"3515373","23239193-6f98-4e92-8fd8-f07c0075b015","ESP014","NC046345",,"Juglans","regia","L.","","","Juglans regia L.","USA","",,"false","","false","","20","",,"","","1285","2023-11-18 11:03:41"
"3515374","d6de1ea9-5fd0-4e4a-a388-d2e3bc9b988b","ESP014","NC046346",,"Juglans","regia","L.","","","Juglans regia L.","USA","",,"false","","false","","20","",,"","","1285","2023-11-18 11:03:41"
"3515377","0b322d4d-633b-464a-b40d-8d74dfc987f6","ESP014","NC046349",,"Juglans","regia","L.","","","Juglans regia L.","ESP","",,"false","","false","","20","",,"","","1285","2023-11-18 11:03:41"
"3515378","a914e2a4-7bc0-41d0-b2db-1a8d414ca1cf","ESP014","NC046350",,"Juglans","regia","L.","","","Juglans regia L.","USA","",,"false","","false","","20","",,"","","1285","2023-11-18 11:03:41"
"3515379","9470287d-88e5-4ea9-989e-a14f78cc557d","ESP014","NC046351",,"Juglans","regia","L.","","","Juglans regia L.","FRA","",,"false","","false","","20","",,"","","1285","2023-11-18 11:03:41"
"3515380","3c67a79c-1c5f-4e63-a233-887cbc19033b","ESP014","NC046352",,"Juglans","regia","L.","","","Juglans regia L.","ESP","",,"false","","false","","20","",,"","","1285","2023-11-18 11:03:41"
"3515382","64f23d0c-c84d-4a19-8698-55b7ab219fc4","ESP014","NC046354",,"Juglans","regia","L.","","","Juglans regia L.","FRA","",,"false","","false","","20","",,"","","1285","2023-11-18 11:03:41"
"3515383","cfd97076-6992-4171-bcb9-813597e7fa17","ESP014","NC046355",,"Juglans","regia","L.","","","Juglans regia L.","FRA","",,"false","","false","","20","",,"","","1285","2023-11-18 11:03:41"
"3515384","6180e84b-6868-4cf1-bb90-4ceec6065526","ESP014","NC046356",,"Juglans","regia","L.","","","Juglans regia L.","USA","",,"false","","false","","20","",,"","","1285","2023-11-18 11:03:41"
"3515385","3773dabf-6d4f-40b4-8b08-b5c2b79b05b7","ESP014","NC046357",,"Juglans","regia","L.","","","Juglans regia L.","USA","",,"false","","false","","20","",,"","","1285","2023-11-18 11:03:41"
"3515389","8373b1fd-8641-43ba-9450-cce24e46b0ab","ESP014","NC046361",,"Juglans","regia","L.","","","Juglans regia L.","ESP","",,"false","","false","","20","",,"","","1285","2023-11-18 11:03:41"
"3515390","77d9d6da-e468-42c0-8533-69a941a45857","ESP014","NC046362",,"Juglans","regia","L.","","","Juglans regia L.","ESP","",,"false","","false","","20","",,"","","1285","2023-11-18 11:03:41"
"3515392","8995446e-a801-47fd-b646-10045b9bbdac","ESP014","NC046364",,"Juglans","regia","L.","","","Juglans regia L.","ESP","",,"false","","false","","20","",,"","","1285","2023-11-18 11:03:41"
"3515393","4f4bc4d5-49ac-4528-bfef-486a86bafb73","ESP014","NC046365",,"Juglans","regia","L.","","","Juglans regia L.","ESP","",,"false","","false","","20","",,"","","1285","2023-11-18 11:03:41"
"3515394","089de7fc-3d69-4ec4-baa8-47b15a9ec36c","ESP014","NC046366",,"Juglans","regia","L.","","","Juglans regia L.","ESP","",,"false","","false","","20","",,"","","1285","2023-11-18 11:03:41"
"3515396","9fad565c-42e9-474a-b371-f75fd3548b25","ESP014","NC046368",,"Juglans","regia","L.","","","Juglans regia L.","ESP","",,"false","","false","","20","",,"","","1285","2023-11-18 11:03:41"
"3515398","b99496d5-a3ac-4a20-93c5-e69f1c6a3f23","ESP014","NC046370",,"Juglans","regia","L.","","","Juglans regia L.","ESP","",,"false","","false","","20","",,"","","1285","2023-11-18 10:25:49"
"3515401","a3a5d05e-9587-4f6f-9f00-8710abab10cc","ESP014","NC046373",,"Juglans","regia","L.","","","Juglans regia L.","ESP","",,"false","","false","","20","",,"","","1285","2023-11-18 10:25:49"
"3515402","1a6ba970-ec93-4b0a-b711-652e3d5c36db","ESP014","NC046374",,"Juglans","regia","L.","","","Juglans regia L.","ESP","",,"false","","false","","20","",,"","","1285","2023-11-18 10:25:49"
"3515403","d2a2b2b1-62bb-4378-9e30-d7f84d983b7b","ESP014","NC046375",,"Juglans","regia","L.","","","Juglans regia L.","ESP","",,"false","","false","","20","",,"","","1285","2023-11-18 10:25:49"
"3515404","b7e9aade-dbbc-466d-ade4-abd333dd42ca","ESP014","NC046376",,"Juglans","regia","L.","","","Juglans regia L.","ESP","",,"false","","false","","20","",,"","","1285","2023-11-18 10:25:49"
"3515405","c8eafabd-ad17-4dbe-8a6f-f57bf8e3b564","ESP014","NC046377",,"Juglans","regia","L.","","","Juglans regia L.","ESP","",,"false","","false","","20","",,"","","1285","2023-11-18 10:25:49"
"3515406","ecba6a32-45de-4e61-97ce-ce2176745a19","ESP014","NC046378",,"Juglans","regia","L.","","","Juglans regia L.","ESP","",,"false","","false","","20","",,"","","1285","2023-11-18 10:25:49"
"3515407","f9f8ad65-9fd1-4325-a6df-4e70bc8068dd","ESP014","NC046379",,"Juglans","regia","L.","","","Juglans regia L.","ESP","",,"false","","false","","20","",,"","","1285","2023-11-18 10:25:49"
"3515408","22fd0cff-d010-4d54-bbc4-cddb443cf714","ESP014","NC046380",,"Juglans","regia","L.","","","Juglans regia L.","FRA","",,"false","","false","","20","",,"","","1285","2023-11-18 10:25:49"
"3515409","ea685be4-ab5a-4505-ad76-2a8273c6a69d","ESP014","NC046381",,"Juglans","regia","L.","","","Juglans regia L.","FRA","",,"false","","false","","20","",,"","","1285","2023-11-18 10:25:49"
"3515410","4dcca00a-49c2-4bee-aadf-ddc3299feb7e","ESP014","NC046382",,"Juglans","regia","L.","","","Juglans regia L.","FRA","",,"false","","false","","20","",,"","","1285","2023-11-18 10:25:49"
"3515411","7664370b-4b10-49a1-9de5-58f8ee379c45","ESP014","NC046383",,"Juglans","regia","L.","","","Juglans regia L.","USA","",,"false","","false","","20","",,"","","1285","2023-11-18 10:25:49"
"3515412","15464c82-64a8-4333-9c24-592397c69c3c","ESP014","NC046384",,"Juglans","regia","L.","","","Juglans regia L.","ESP","",,"false","","false","","20","",,"","","1285","2023-11-18 10:25:49"
"3515413","49e12d5c-7430-49df-b0ce-de2769fb3e83","ESP014","NC046385",,"Juglans","regia","L.","","","Juglans regia L.","USA","",,"false","","false","","20","",,"","","1285","2023-11-18 10:25:49"
"3515414","dc16a4c2-7759-45b8-9f97-bd7ccf20bcc9","ESP014","NC046386",,"Juglans","regia","L.","","","Juglans regia L.","FRA","",,"false","","false","","20","",,"","","1285","2023-11-18 10:25:49"
"3515415","90560c69-7c2b-4c46-9bd8-33c85cc14b70","ESP014","NC046387",,"Juglans","regia","L.","","","Juglans regia L.","USA","",,"false","","false","","20","",,"","","1285","2023-11-18 10:25:49"
"3515416","b3b4ffca-84bb-4360-a82f-7a21f963c8c2","ESP014","NC046388",,"Juglans","regia","L.","","","Juglans regia L.","USA","",,"false","","false","","20","",,"","","1285","2023-11-18 10:25:49"
"3515418","19c44699-2da2-450a-9b7c-a81f54bd105d","ESP014","NC046390",,"Juglans","regia","L.","","","Juglans regia L.","FRA","",,"false","","false","","20","",,"","","1285","2023-11-18 10:25:49"
"3515420","286f5f65-926d-4da1-a764-55438e84bc78","ESP014","NC046392",,"Juglans","regia","L.","","","Juglans regia L.","USA","",,"false","","false","","20","",,"","","1285","2023-11-18 10:25:49"
"3515422","0be359af-2fc3-4348-8797-f1d9000f1ef0","ESP014","NC046394",,"Juglans","regia","L.","","","Juglans regia L.","ROU","",,"false","","false","","20","",,"","","1285","2023-11-18 10:25:49"
"3515425","343d0062-27a9-46b1-8433-9f8b4b421061","ESP014","NC046397",,"Juglans","regia","L.","","","Juglans regia L.","USA","",,"false","","false","","20","",,"","","1285","2023-11-18 10:25:49"
"3515426","b6723394-813f-4b04-b94f-9fab73919e42","ESP014","NC046398",,"Juglans","regia","L.","","","Juglans regia L.","ESP","",,"false","","false","","20","",,"","","1285","2023-11-18 10:25:49"
"3515428","5b0613e7-04e8-436b-8f67-b2ff8742a677","ESP014","NC046400",,"Juglans","regia","L.","","","Juglans regia L.","USA","",,"false","","false","","20","",,"","","1285","2023-11-18 10:25:49"
"3515431","d3aca324-463a-486b-a07a-8e22d39da8c2","ESP014","NC046403",,"Juglans","regia","L.","","","Juglans regia L.","USA","",,"false","","false","","20","",,"","","1285","2023-11-18 10:25:49"
"3515432","05469771-2616-4ccb-9290-78e375e40141","ESP014","NC046404",,"Juglans","regia","L.","","","Juglans regia L.","USA","",,"false","","false","","20","",,"","","1285","2023-11-18 10:25:49"
"3515433","e657fb39-ed67-4c7f-827b-cbe8d04c05f9","ESP014","NC046405",,"Juglans","regia","L.","","","Juglans regia L.","USA","",,"false","","false","","20","",,"","","1285","2023-11-18 10:25:49"
"3515434","015bf277-a102-4410-ab8b-35a972a3e469","ESP014","NC046406",,"Juglans","regia","L.","","","Juglans regia L.","USA","",,"false","","false","","20","",,"","","1285","2023-11-18 10:25:49"
"3515435","584c40e5-4dbb-4b9c-a389-b46d27cf2ab6","ESP014","NC046407",,"Juglans","regia","L.","","","Juglans regia L.","FRA","",,"false","","false","","20","",,"","","1285","2023-11-18 10:25:49"
"3515437","94a074b4-641b-4d60-91e5-04e6791f0b8e","ESP014","NC046409",,"Juglans","regia","L.","","","Juglans regia L.","USA","",,"false","","false","","20","",,"","","1285","2023-11-18 10:25:49"
"3515438","d1cf71fd-780a-4474-bde3-e3c7ed741cb1","ESP014","NC046410",,"Juglans","regia","L.","","","Juglans regia L.","ESP","",,"false","","false","","20","",,"","","1285","2023-11-18 10:25:49"
"3515441","a93dca36-fbd3-4ed8-809a-b37881d52944","ESP014","NC046413",,"Juglans","regia","L.","","","Juglans regia L.","ESP","",,"false","","false","","20","",,"","","1285","2023-11-18 10:25:49"
"3515442","0880b852-e07a-470d-a2a8-6c7c02628d7c","ESP014","NC046414",,"Juglans","regia","L.","","","Juglans regia L.","ESP","",,"false","","false","","20","",,"","","1285","2023-11-18 10:25:49"
"3515445","55af3a2f-3f7c-470a-8cc6-b6d5c079a5f2","ESP014","NC046417",,"Juglans","regia","L.","","","Juglans regia L.","ESP","",,"false","","false","","20","",,"","","1285","2023-11-18 10:25:49"
"3515446","cb94488c-a3eb-4f24-ba2a-3b5806809c94","ESP014","NC046418",,"Juglans","regia","L.","","","Juglans regia L.","ESP","",,"false","","false","","20","",,"","","1285","2023-11-18 10:25:49"
"3515447","70d841c9-adb0-43d7-a88a-fa2a9c9c6896","ESP014","NC046419",,"Juglans","regia","L.","","","Juglans regia L.","ESP","",,"false","","false","","20","",,"","","1285","2023-11-18 10:25:49"
"3515448","998302b0-edac-402d-96c2-6f0880fcd48b","ESP014","NC046420",,"Juglans","regia","L.","","","Juglans regia L.","ESP","",,"false","","false","","20","",,"","","1285","2023-11-18 10:25:49"
"3515449","658cbb60-0b46-4561-82cd-76162c99d230","ESP014","NC046421",,"Juglans","regia","L.","","","Juglans regia L.","ESP","",,"false","","false","","20","",,"","","1285","2023-11-18 10:25:49"
"3515454","3317e170-b472-45cc-8b00-3b28c15c930b","ESP014","NC046426",,"Juglans","regia","L.","","","Juglans regia L.","ESP","",,"false","","false","","20","",,"","","1285","2023-11-18 10:25:49"
"3515455","13e2486c-9b68-4344-99af-e25783871a95","ESP014","NC046427",,"Juglans","regia","L.","","","Juglans regia L.","ESP","",,"false","","false","","20","",,"","","1285","2023-11-18 10:25:49"
"3515456","9903498c-ce9b-4bd6-a917-f18c19032527","ESP014","NC046428",,"Juglans","regia","L.","","","Juglans regia L.","ESP","",,"false","","false","","20","",,"","","1285","2023-11-18 10:25:49"
"3515457","916df99f-6267-42c5-b814-4dc188cd3e16","ESP014","NC046429",,"Juglans","regia","L.","","","Juglans regia L.","ESP","",,"false","","false","","20","",,"","","1285","2023-11-18 10:25:49"
"3515460","3db073b6-0fe2-483f-ac67-11aaa678c4ab","ESP014","NC046432",,"Juglans","regia","L.","","","Juglans regia L.","ESP","",,"false","","false","","20","",,"","","1285","2023-11-18 10:25:49"
"3515461","13891f10-b2c5-498a-9189-cfc3f17b09ab","ESP014","NC046433",,"Juglans","regia","L.","","","Juglans regia L.","ESP","",,"false","","false","","20","",,"","","1285","2023-11-18 10:25:49"
"3515462","3bcb58f0-40a9-485f-ba6d-cec3f7c73a72","ESP014","NC046434",,"Juglans","regia","L.","","","Juglans regia L.","ESP","",,"false","","false","","20","",,"","","1285","2023-11-18 10:25:49"
"3515463","d95eb78b-f176-447e-a793-8394e1adb8ef","ESP014","NC046435",,"Juglans","regia","L.","","","Juglans regia L.","ESP","",,"false","","false","","20","",,"","","1285","2023-11-18 10:25:49"
"3515464","b5826bcc-b53e-45f0-a372-88426ea36bc7","ESP014","NC046436",,"Juglans","regia","L.","","","Juglans regia L.","ESP","",,"false","","false","","20","",,"","","1285","2023-11-18 10:25:49"
"3515465","f2bff43b-3048-4cdd-84e4-4cb1bc45ba45","ESP014","NC046437",,"Juglans","regia","L.","","","Juglans regia L.","ESP","",,"false","","false","","20","",,"","","1285","2023-11-18 10:25:49"
"3515466","b3b78ac2-281e-4ae6-8d7f-2a8e991fe1b5","ESP014","NC046438",,"Juglans","regia","L.","","","Juglans regia L.","ESP","",,"false","","false","","20","",,"","","1285","2023-11-18 10:25:49"
"3515467","13ed6afe-1a52-4500-bed7-ba3439b9d1c5","ESP014","NC046439",,"Juglans","regia","L.","","","Juglans regia L.","ESP","",,"false","","false","","20","",,"","","1285","2023-11-18 10:25:49"
"3515468","81c95d07-95f2-44a5-a151-6b7fab6e6013","ESP014","NC046440",,"Juglans","regia","L.","","","Juglans regia L.","ESP","",,"false","","false","","20","",,"","","1285","2023-11-18 10:25:49"
"3515470","8782997a-721d-42b1-a8c1-bd5e9c6ae570","ESP014","NC046442",,"Juglans","regia","L.","","","Juglans regia L.","ESP","",,"false","","false","","20","",,"","","1285","2023-11-18 10:25:49"
"3515471","4adcdf73-062c-4e1c-8363-0223ec06927d","ESP014","NC046443",,"Juglans","regia","L.","","","Juglans regia L.","ESP","",,"false","","false","","20","",,"","","1285","2023-11-18 10:25:49"
"3515472","22f9d14d-a295-43c9-930a-d8a240e92f0b","ESP014","NC046444",,"Juglans","regia","L.","","","Juglans regia L.","ESP","",,"false","","false","","20","",,"","","1285","2023-11-18 10:25:49"
"3515476","63bc9896-224b-4005-b450-39c399f64e13","ESP014","NC046448",,"Juglans","regia","L.","","","Juglans regia L.","ESP","",,"false","","false","","20","",,"","","1285","2023-11-18 10:25:49"
"3515478","ddc21066-c740-4a23-ae99-21c075c43643","ESP014","NC046450",,"Juglans","regia","L.","","","Juglans regia L.","ESP","",,"false","","false","","20","",,"","","1285","2023-11-18 10:25:49"
"3515479","1e1fccc4-78ff-4bec-8ed2-c7af570b2c35","ESP014","NC046451",,"Juglans","regia","L.","","","Juglans regia L.","ESP","",,"false","","false","","20","",,"","","1285","2023-11-18 10:25:49"
"3515480","6e7f2dd9-d9ea-4b0a-911b-fd502c96e10b","ESP014","NC046452",,"Juglans","regia","L.","","","Juglans regia L.","YUG","",,"false","","false","","20","",,"","","1285","2023-11-18 10:25:49"
"3515481","9d2f6cf3-8422-4e7b-a3c6-a67515a71e09","ESP014","NC046453",,"Juglans","regia","L.","","","Juglans regia L.","FRA","",,"false","","false","","20","",,"","","1285","2023-11-18 10:25:49"
"3515482","fc9fda24-935a-4827-bdb6-3a706fa6e522","ESP014","NC046454",,"Juglans","regia","L.","","","Juglans regia L.","ESP","",,"false","","false","","20","",,"","","1285","2023-11-18 10:25:49"
"3515484","71b2de70-1e95-4299-bdfc-e93e0f4ac9f7","ESP014","NC046456",,"Juglans","regia","L.","","","Juglans regia L.","ESP","",,"false","","false","","20","",,"","","1285","2023-11-18 10:25:49"
"3515486","065759da-6aef-4106-9cbf-310876800a4d","ESP014","NC046458",,"Juglans","regia","L.","","","Juglans regia L.","USA","",,"false","","false","","20","",,"","","1285","2023-11-18 10:25:49"
"3515487","d5305622-8942-44b4-9033-2696a8ad9ff4","ESP014","NC046459",,"Juglans","regia","L.","","","Juglans regia L.","USA","",,"false","","false","","20","",,"","","1285","2023-11-18 10:25:49"
"3515488","c98a4b28-a689-4bb7-9e0b-7e667db5cda6","ESP014","NC046460",,"Juglans","regia","L.","","","Juglans regia L.","USA","",,"false","","false","","20","",,"","","1285","2023-11-18 10:25:49"
"3515489","c69cfac7-0d4c-41fc-ba7b-e1c5ce5243ac","ESP014","NC046461",,"Juglans","regia","L.","","","Juglans regia L.","USA","",,"false","","false","","20","",,"","","1285","2023-11-18 10:25:49"
"3515490","bd5c28dc-54aa-4486-bfbf-7f0e57a4a0b9","ESP014","NC046462",,"Juglans","regia","L.","","","Juglans regia L.","USA","",,"false","","false","","20","",,"","","1285","2023-11-18 10:25:49"
"3515491","dbb82102-3ead-498a-bcef-15aa8f178051","ESP014","NC046463",,"Juglans","regia","L.","","","Juglans regia L.","USA","",,"false","","false","","20","",,"","","1285","2023-11-18 10:25:49"
"3515493","377655e8-a70f-4f35-9ef2-cf4b13971054","ESP014","NC046465",,"Juglans","regia","L.","","","Juglans regia L.","USA","",,"false","","false","","20","",,"","","1285","2023-11-18 10:25:49"
"3515494","ad992de5-036f-4d8d-86e3-c9830002b8a1","ESP014","NC046466",,"Juglans","regia","L.","","","Juglans regia L.","USA","",,"false","","false","","20","",,"","","1285","2023-11-18 10:25:49"
"3515496","9c168c41-f17c-4659-b8e1-932bd866f8bc","ESP014","NC046468",,"Juglans","regia","L.","","","Juglans regia L.","ESP","",,"false","","false","","20","",,"","","1285","2023-11-18 10:25:49"
"3515497","9228e807-3dc4-40ae-b119-594a59dccd8d","ESP014","NC046469",,"Juglans","regia","L.","","","Juglans regia L.","ESP","",,"false","","false","","20","",,"","","1285","2023-11-18 10:25:49"
"3515499","1fc814ba-1ad7-4281-9e2f-d179109d7160","ESP014","NC046471",,"Juglans","regia","L.","","","Juglans regia L.","ESP","",,"false","","false","","20","",,"","","1285","2023-11-18 10:25:49"
"3515500","4b034a0b-5cfb-4e36-833f-fb1339bb9561","ESP014","NC046472",,"Juglans","regia","L.","","","Juglans regia L.","ESP","",,"false","","false","","20","",,"","","1285","2023-11-18 10:25:49"
"3515501","6d7ae0a9-66ae-4749-9cd2-3cf8d4b3c19a","ESP014","NC046473",,"Juglans","regia","L.","","","Juglans regia L.","ESP","",,"false","","false","","20","",,"","","1285","2023-11-18 10:25:49"
"3515503","25f2f66d-c552-41de-b7c4-313fff4a48a6","ESP014","NC046475",,"Juglans","regia","L.","","","Juglans regia L.","ESP","",,"false","","false","","20","",,"","","1285","2023-11-18 10:25:49"
"3515506","503d4095-a817-4c1d-ad90-ae57df33bb13","ESP014","NC046478",,"Juglans","regia","L.","","","Juglans regia L.","ESP","",,"false","","false","","20","",,"","","1285","2023-11-18 10:25:49"
"3515508","f8c52301-ea7b-4205-938b-3553bcb9b63b","ESP014","NC046480",,"Juglans","regia","L.","","","Juglans regia L.","ESP","",,"false","","false","","20","",,"","","1285","2023-11-18 10:25:49"
"3515509","8c984050-307a-4adc-88d7-14d872a32275","ESP014","NC046481",,"Juglans","regia","L.","","","Juglans regia L.","ESP","",,"false","","false","","20","",,"","","1285","2023-11-18 10:25:49"
"3515510","09951ad4-e850-4a05-8c5a-184a6da3bfda","ESP014","NC046482",,"Juglans","regia","L.","","","Juglans regia L.","ESP","",,"false","","false","","20","",,"","","1285","2023-11-18 10:25:49"
"3515514","59700c83-a476-4487-9f42-7ab6f8b31003","ESP014","NC046486",,"Juglans","regia","L.","","","Juglans regia L.","USA","",,"false","","false","","20","",,"","","1285","2023-11-18 10:25:49"
"3515515","da9632fb-2171-477a-afef-96b864a5d359","ESP014","NC046487",,"Juglans","regia","L.","","","Juglans regia L.","USA","",,"false","","false","","20","",,"","","1285","2023-11-18 10:25:49"
"3515516","c8454d82-be30-40ca-a7e1-13a042eb07df","ESP014","NC046488",,"Juglans","regia","L.","","","Juglans regia L.","USA","",,"false","","false","","20","",,"","","1285","2023-11-18 10:25:49"
"3515520","73022b77-462d-4037-8a04-6ae5a9c97f54","ESP014","NC046492",,"Juglans","regia","L.","","","Juglans regia L.","USA","",,"false","","false","","20","",,"","","1285","2023-11-18 10:25:49"
"3515521","9d313cdd-5dc1-4896-83af-e5651eaebc1b","ESP014","NC046493",,"Juglans","regia","L.","","","Juglans regia L.","USA","",,"false","","false","","20","",,"","","1285","2023-11-18 10:25:49"
"3515522","35793ea5-ff3f-40e1-b391-de2372d07b52","ESP014","NC046494",,"Juglans","regia","L.","","","Juglans regia L.","USA","",,"false","","false","","20","",,"","","1285","2023-11-18 10:25:49"
"3515523","4ecf3086-95f1-4d94-bf0d-bfcf4f1690bd","ESP014","NC046495",,"Juglans","regia","L.","","","Juglans regia L.","USA","",,"false","","false","","20","",,"","","1285","2023-11-18 10:25:49"
"3515524","60ed2624-c62b-4b0a-a527-b386582d90e4","ESP014","NC046496",,"Juglans","regia","L.","","","Juglans regia L.","USA","",,"false","","false","","20","",,"","","1285","2023-11-18 10:25:49"
"3515525","18464b16-d997-44ca-9756-3997ed03101d","ESP014","NC046497",,"Juglans","regia","L.","","","Juglans regia L.","USA","",,"false","","false","","20","",,"","","1285","2023-11-18 10:25:49"
"3515526","65c04d57-aff6-4913-9751-e372b8ae19ac","ESP014","NC046498",,"Juglans","regia","L.","","","Juglans regia L.","USA","",,"false","","false","","20","",,"","","1285","2023-11-18 10:25:49"
"3515527","e738020b-81a4-458a-b0ea-2cf777a713a0","ESP014","NC046499",,"Juglans","regia","L.","","","Juglans regia L.","USA","",,"false","","false","","20","",,"","","1285","2023-11-18 10:25:49"
"3515528","689892a1-0052-4997-b80f-877bb20f0f46","ESP014","NC046500",,"Juglans","regia","L.","","","Juglans regia L.","USA","",,"false","","false","","20","",,"","","1285","2023-11-18 10:25:49"
"3515530","32cf9549-b5fd-4a34-b44a-a7f96d7f603c","ESP014","NC046502",,"Juglans","regia","L.","","","Juglans regia L.","USA","",,"false","","false","","20","",,"","","1285","2023-11-18 10:25:49"
"3515536","587c6774-5b07-4e70-90bb-f022bac90fae","ESP014","NC046508",,"Juglans","regia","L.","","","Juglans regia L.","USA","",,"false","","false","","20","",,"","","1285","2023-11-18 10:25:49"
"3515538","74af41dd-d51b-4d25-b85d-83f28657654b","ESP014","NC046510",,"Juglans","regia","L.","","","Juglans regia L.","USA","",,"false","","false","","20","",,"","","1285","2023-11-18 10:25:49"
"3515540","b427c1d1-2b31-4a66-9063-e01f06f03cd6","ESP014","NC046512",,"Juglans","regia","L.","","","Juglans regia L.","USA","",,"false","","false","","20","",,"","","1285","2023-11-18 10:25:49"
"3515541","87b28f5d-5221-4ca8-b5db-5180ddf825be","ESP014","NC046513",,"Juglans","regia","L.","","","Juglans regia L.","USA","",,"false","","false","","20","",,"","","1285","2023-11-18 10:25:49"
"3515544","b04781d0-e4c4-4a41-9ba4-ea6940fc18eb","ESP014","NC046516",,"Juglans","regia","L.","","","Juglans regia L.","USA","",,"false","","false","","20","",,"","","1285","2023-11-18 10:25:49"
"3515550","7ab20943-f563-4e78-a4cd-583b4bf60036","ESP014","NC046522",,"Juglans","regia","L.","","","Juglans regia L.","USA","",,"false","","false","","20","",,"","","1285","2023-11-18 10:25:49"
"3515551","a51d6807-1be1-4a32-8fe0-b4fbcfd68a2e","ESP014","NC046523",,"Juglans","regia","L.","","","Juglans regia L.","USA","",,"false","","false","","20","",,"","","1285","2023-11-18 10:25:49"
"3515552","96429b02-2beb-41de-9d37-5428ec82bb7d","ESP014","NC046524",,"Juglans","regia","L.","","","Juglans regia L.","CHL","",,"false","","false","","20","",,"","","1285","2023-11-18 10:25:49"
"3515553","49b2a302-6572-4411-a379-eed884a0d531","ESP014","NC046525",,"Juglans","regia","L.","","","Juglans regia L.","CHL","",,"false","","false","","20","",,"","","1285","2023-11-18 10:25:49"
"3515554","d0f91ed6-70cc-46b2-a259-70a86a759203","ESP014","NC046526",,"Juglans","regia","L.","","","Juglans regia L.","USA","",,"false","","false","","20","",,"","","1285","2023-11-18 10:26:01"
"3515556","2bbecda9-0a84-44b9-a655-077dc688fae7","ESP014","NC046528",,"Juglans","regia","L.","","","Juglans regia L.","USA","",,"false","","false","","20","",,"","","1285","2023-11-18 10:26:01"
"3515557","0f443f9e-5b1c-4973-b21f-27ce04ea7808","ESP014","NC046529",,"Juglans","regia","L.","","","Juglans regia L.","USA","",,"false","","false","","20","",,"","","1285","2023-11-18 10:26:01"
"3515558","e45b2409-b3db-409d-bc92-a317d87ae78a","ESP014","NC046530",,"Juglans","regia","L.","","","Juglans regia L.","FRA","",,"false","","false","","20","",,"","","1285","2023-11-18 10:26:01"
"3515559","7243212a-7517-4348-b31b-2190ab0dae7f","ESP014","NC046531",,"Juglans","regia","L.","","","Juglans regia L.","FRA","",,"false","","false","","20","",,"","","1285","2023-11-18 10:26:01"
"3515560","aebea0f3-8d87-49c7-ad4c-1af4fd4cd5cd","ESP014","NC046532",,"Juglans","regia","L.","","","Juglans regia L.","USA","",,"false","","false","","20","",,"","","1285","2023-11-18 10:26:01"
"3515562","c3ab5f83-93cf-4e77-bb2e-8266807d714f","ESP014","NC046534",,"Juglans","regia","L.","","","Juglans regia L.","FRA","",,"false","","false","","20","",,"","","1285","2023-11-18 10:26:01"
"3515563","1d629d7c-4903-4869-b017-1334575c9fad","ESP014","NC046535",,"Juglans","regia","L.","","","Juglans regia L.","FRA","",,"false","","false","","20","",,"","","1285","2023-11-18 10:26:01"
"3515564","e0da1347-4074-4148-b106-1af29e3386bb","ESP014","NC046536",,"Juglans","regia","L.","","","Juglans regia L.","ESP","",,"false","","false","","20","",,"","","1285","2023-11-18 10:26:01"
"3515565","b82d51ff-b94d-4cc2-a9e1-8f161f061f50","ESP014","NC046537",,"Juglans","regia","L.","","","Juglans regia L.","ESP","",,"false","","false","","20","",,"","","1285","2023-11-18 10:26:01"
"3515566","d487ddb3-2856-46ff-8561-f51c8f7fba46","ESP014","NC046538",,"Juglans","regia","L.","","","Juglans regia L.","ESP","",,"false","","false","","20","",,"","","1285","2023-11-18 10:26:01"
"3515567","54f680d5-99e4-4291-87bd-111902d67c36","ESP014","NC046539",,"Juglans","regia","L.","","","Juglans regia L.","USA","",,"false","","false","","20","",,"","","1285","2023-11-18 10:26:01"
"3515570","a3904c8b-a42f-4d8a-81eb-11e6cc8c000b","ESP014","NC046542",,"Juglans","regia","L.","","","Juglans regia L.","USA","",,"false","","false","","20","",,"","","1285","2023-11-18 10:26:01"
"3515573","eb079b83-bae7-441e-bf48-cb0ac982fc84","ESP014","NC046545",,"Juglans","regia","L.","","","Juglans regia L.","USA","",,"false","","false","","20","",,"","","1285","2023-11-18 10:26:01"
"3515574","dc5dc061-b0e4-4e42-abbb-5beb7f87db4e","ESP014","NC046546",,"Juglans","regia","L.","","","Juglans regia L.","USA","",,"false","","false","","20","",,"","","1285","2023-11-18 10:26:01"
"3515575","e4678e54-cb08-4798-b77c-7f6af086a03f","ESP014","NC046547",,"Juglans","regia","L.","","","Juglans regia L.","USA","",,"false","","false","","20","",,"","","1285","2023-11-18 10:26:01"
"3515576","990a029f-b4ee-4284-9560-aafb1bcd3d79","ESP014","NC046548",,"Juglans","regia","L.","","","Juglans regia L.","USA","",,"false","","false","","20","",,"","","1285","2023-11-18 10:26:01"
"3764091","3850e1fc-fc71-4f8f-b982-7e4bb09812a7","AUT006","IOGWIEN-JUG-033",,"Juglans","regia","L.","","","Juglans regia L.","AUT","",,"false","","false","","20","",,"","","1285","2023-11-18 10:07:15"
"3822258","ba537cf3-dbff-4d7c-b466-6b45bc43dc6c","GBR004","71716",,"Juglans","regia","L.","","","Juglans regia L.","OMN","","19881120","false","false","false","","10","110",,"","","4","2022-02-02 09:49:37"
"3905651","2699b308-3d30-41b6-a9ba-0ad007cf19cf","UKR033","UN7500184",,"Juglans","regia","L.","","","Juglans regia L.","UKR","",,"","","false","","20","100",,"","","1285","2024-10-28 15:03:16"
"3910081","c6a1d0de-f578-44be-a9b0-5238b8dede53","UKR033","UN7500183",,"Juglans","regia","L.","","","Juglans regia L.","UKR","",,"","","false","","20","100",,"","","1285","2024-10-28 15:03:29"
"3910082","71fa05a4-3c94-4b3d-9973-a54ba8bd6629","UKR033","UN7500182",,"Juglans","regia","L.","","","Juglans regia L.","UKR","",,"","","false","","20","100",,"","","1285","2023-11-18 08:52:37"
"3910083","8c6dc6a1-ca37-4317-98ee-7f12d994eb31","UKR033","UN7500181",,"Juglans","regia","L.","","","Juglans regia L.","UKR","",,"","","false","","20","100",,"","","1285","2024-10-28 15:03:29"
"3910084","a4b763ce-889d-4522-8952-b1bd24826504","UKR033","UN7500180",,"Juglans","regia","L.","","","Juglans regia L.","MDA","",,"","","false","","20","300",,"","","1285","2023-11-18 08:52:37"
"3910099","b5ebc8d8-0b78-48ed-bdaf-380b8c97d746","UKR033","UN7500230",,"Juglans","regia","L.","","","Juglans regia L.","UKR","",,"","","false","","20","100",,"","","1285","2023-11-18 09:52:30"
"3910100","74ae4fee-0788-4e4c-8799-8632cf435022","UKR033","UN7500229",,"Juglans","regia","L.","","","Juglans regia L.","UKR","",,"","","false","","20","100",,"","","1285","2023-11-18 09:52:30"
"3910101","cc6aa835-d919-4696-b0fa-e3518b1c6b67","UKR033","UN7500228",,"Juglans","regia","L.","","","Juglans regia L.","UKR","",,"","","false","","20","100",,"","","1285","2024-10-28 15:03:16"
"3910102","1bc1e386-908a-4db7-86c4-006bf86dab46","UKR033","UN7500227",,"Juglans","regia","L.","","","Juglans regia L.","UKR","",,"","","false","","20","100",,"","","1285","2023-11-18 09:52:30"
"3910103","a4f80a61-06e4-4e1c-bf39-38944ddab3f9","UKR033","UN7500226",,"Juglans","regia","L.","","","Juglans regia L.","UKR","",,"","","false","","20","100",,"","","1285","2024-10-28 15:03:16"
"3910104","c3426c35-3b51-4a3b-b8d6-186cccdff4bf","UKR033","UN7500225",,"Juglans","regia","L.","","","Juglans regia L.","UKR","",,"","","false","","20","100",,"","","1285","2024-10-28 15:03:16"
"3910105","997fd16d-5ffb-459b-b74d-10a717f9027e","UKR033","UN7500224",,"Juglans","regia","L.","","","Juglans regia L.","UKR","",,"","","false","","20","100",,"","","1285","2023-11-18 09:52:30"
"3910106","86bdd9ef-f6fc-4938-9e0f-5beac54c4582","UKR033","UN7500223",,"Juglans","regia","L.","","","Juglans regia L.","UKR","",,"","","false","","20","100",,"","","1285","2024-10-28 15:03:16"
"3910107","431549b1-2b80-406a-921f-50137f71c79e","UKR033","UN7500222",,"Juglans","regia","L.","","","Juglans regia L.","UKR","",,"","","false","","20","100",,"","","1285","2023-11-18 09:52:30"
"3910108","27961c5b-e426-4147-a80d-29e3d228743f","UKR033","UN7500221",,"Juglans","regia","L.","","","Juglans regia L.","UKR","",,"","","false","","20","100",,"","","1285","2024-10-28 15:03:16"
"3910109","fa60f0c0-ac94-42ba-a6b4-bfbe22246135","UKR033","UN7500220",,"Juglans","regia","L.","","","Juglans regia L.","UKR","",,"","","false","","20","100",,"","","1285","2024-10-28 15:03:16"
"3910110","299be2cf-0766-49c9-b017-63cbdaa485e7","UKR033","UN7500218",,"Juglans","regia","L.","","","Juglans regia L.","UKR","",,"","","false","","20","100",,"","","1285","2023-11-18 09:52:30"
"3910111","e1e4e04c-ed33-4834-b582-93d956adda05","UKR033","UN7500219",,"Juglans","regia","L.","","","Juglans regia L.","UKR","",,"","","false","","20","100",,"","","1285","2024-10-28 15:03:16"
"3910112","7e65296a-3ccf-4da3-b0c3-1a4dacc755ac","UKR033","UN7500217",,"Juglans","regia","L.","","","Juglans regia L.","UKR","",,"","","false","","20","100",,"","","1285","2024-10-28 15:03:16"
"3910113","f95c982a-c674-481b-a21a-d94cf9b6befc","UKR033","UN7500215",,"Juglans","regia","L.","","","Juglans regia L.","UKR","",,"","","false","","20","100",,"","","1285","2023-11-18 09:52:30"
"3910114","1ddb0e37-a634-4f9d-bd6d-1095ab213596","UKR033","UN7500216",,"Juglans","regia","L.","","","Juglans regia L.","UKR","",,"","","false","","20","100",,"","","1285","2024-10-28 15:03:16"
"3910115","b943197f-835a-4098-8ae2-e305aacb4ace","UKR033","UN7500213",,"Juglans","regia","L.","","","Juglans regia L.","UKR","",,"","","false","","20","100",,"","","1285","2024-10-28 15:03:16"
"3910116","5d65ba5a-f2b6-401c-a2de-2f2edd43effd","UKR033","UN7500214",,"Juglans","regia","L.","","","Juglans regia L.","UKR","",,"","","false","","20","100",,"","","1285","2024-10-28 15:03:16"
"3910117","7a0f238f-cd4a-4c14-807e-7b67b79fe5d2","UKR033","UN7500212",,"Juglans","regia","L.","","","Juglans regia L.","UKR","",,"","","false","","20","100",,"","","1285","2024-10-28 15:03:16"
"3910118","19e896a4-b7ee-476d-94d0-d7a4424db6d1","UKR033","UN7500211",,"Juglans","regia","L.","","","Juglans regia L.","UKR","",,"","","false","","20","100",,"","","1285","2023-11-18 09:52:46"
"3910119","34f5963f-8f6e-4ea4-acfb-94c01184542d","UKR033","UN7500209",,"Juglans","regia","L.","","","Juglans regia L.","UKR","",,"","","false","","20","100",,"","","1285","2024-10-28 15:03:16"
"3910120","ac090039-65df-43e8-b3cd-110bd46daf93","UKR033","UN7500210",,"Juglans","regia","L.","","","Juglans regia L.","UKR","",,"","","false","","20","100",,"","","1285","2023-11-18 09:52:46"
"3910121","420ea9b0-9311-4afa-981a-a88907388e1f","UKR033","UN7500208",,"Juglans","regia","L.","","","Juglans regia L.","UKR","",,"","","false","","20","100",,"","","1285","2023-11-18 09:52:46"
"3910122","a99beb50-8fb9-4527-8555-d498800241cf","UKR033","UN7500206",,"Juglans","regia","L.","","","Juglans regia L.","UKR","",,"","","false","","20","100",,"","","1285","2023-11-18 09:52:46"
"3910123","ee14e729-b577-46fc-bae8-d7502c2a16f6","UKR033","UN7500207",,"Juglans","regia","L.","","","Juglans regia L.","UKR","",,"","","false","","20","100",,"","","1285","2024-10-28 15:03:16"
"3910124","033dea6b-9338-41e4-bd1d-a86b40c0ec2c","UKR033","UN7500205",,"Juglans","regia","L.","","","Juglans regia L.","UKR","",,"","","false","","20","100",,"","","1285","2023-11-18 09:52:46"
"3910125","8477a93a-8e02-404c-b1ea-1b4dd27f2a2c","UKR033","UN7500204",,"Juglans","regia","L.","","","Juglans regia L.","UKR","",,"","","false","","20","100",,"","","1285","2024-10-28 15:03:16"
"3910126","dc7a9fb5-5d8c-4917-beb0-27adcbed7f33","UKR033","UN7500202",,"Juglans","regia","L.","","","Juglans regia L.","UKR","",,"","","false","","20","100",,"","","1285","2024-10-28 15:03:16"
"3910127","298b01a1-09a3-46d5-bf23-b33549b625f3","UKR033","UN7500203",,"Juglans","regia","L.","","","Juglans regia L.","UKR","",,"","","false","","20","100",,"","","1285","2023-11-18 09:52:46"
"3910128","f7d62b40-8685-4515-a647-7e04d0e611c9","UKR033","UN7500201",,"Juglans","regia","L.","","","Juglans regia L.","UKR","",,"","","false","","20","100",,"","","1285","2024-10-28 15:03:16"
"3910129","9cd090a5-c469-45b7-9795-c6d3044c2cd4","UKR033","UN7500200",,"Juglans","regia","L.","","","Juglans regia L.","UKR","",,"","","false","","20","100",,"","","1285","2024-10-28 15:03:16"
"3910130","cea287ae-00e3-4ee1-a34f-34c73eee367e","UKR033","UN7500199",,"Juglans","regia","L.","","","Juglans regia L.","UKR","",,"","","false","","20","100",,"","","1285","2023-11-18 09:52:46"
"3910131","e24dad30-dc3d-4803-aa3e-2e1c6de332a0","UKR033","UN7500198",,"Juglans","regia","L.","","","Juglans regia L.","UKR","",,"","","false","","20","100",,"","","1285","2023-11-18 09:52:46"
"3910132","7ac56ca1-85de-42ac-a401-fd534597bfa5","UKR033","UN7500197",,"Juglans","regia","L.","","","Juglans regia L.","UKR","",,"","","false","","20","100",,"","","1285","2024-10-28 15:03:16"
"3910133","e895edfd-be93-4ccc-932c-644fe429cdab","UKR033","UN7500196",,"Juglans","regia","L.","","","Juglans regia L.","UKR","",,"","","false","","20","100",,"","","1285","2024-10-28 15:03:16"
"3910134","06788d26-dde5-43b9-8c8c-ce5cf8a66ed7","UKR033","UN7500193",,"Juglans","regia","L.","","","Juglans regia L.","UKR","",,"","","false","","20","100",,"","","1285","2023-11-18 09:52:46"
"3910135","bcaa4af5-79cc-4bc2-ba09-81e8cacef435","UKR033","UN7500195",,"Juglans","regia","L.","","","Juglans regia L.","UKR","",,"","","false","","20","100",,"","","1285","2023-11-18 09:52:46"
"3910136","86f204d6-5400-4d4e-948c-8c73ec55b437","UKR033","UN7500192",,"Juglans","regia","L.","","","Juglans regia L.","UKR","",,"","","false","","20","100",,"","","1285","2024-10-28 15:03:16"
"3910137","56df5309-61d5-493c-a30a-84b0bd82ef14","UKR033","UN7500191",,"Juglans","regia","L.","","","Juglans regia L.","UKR","",,"","","false","","20","100",,"","","1285","2023-11-18 08:52:37"
"3910138","6a080ac1-f227-492d-b9c2-ee2044a7158c","UKR033","UN7500189",,"Juglans","regia","L.","","","Juglans regia L.","UKR","",,"","","false","","20","100",,"","","1285","2024-10-28 15:03:16"
"3910139","9e50c883-5a8f-45c2-ad72-b12ef973aa98","UKR033","UN7500190",,"Juglans","regia","L.","","","Juglans regia L.","UKR","",,"","","false","","20","100",,"","","1285","2024-10-28 15:03:16"
"3910140","1ce657c6-03f1-4efb-8ef3-11ac5613beab","UKR033","UN7500188",,"Juglans","regia","L.","","","Juglans regia L.","UKR","",,"","","false","","20","100",,"","","1285","2024-10-28 15:03:16"
"3910141","e48febf1-6dea-4a32-95d0-9a01b9d163b7","UKR033","UN7500187",,"Juglans","regia","L.","","","Juglans regia L.","UKR","",,"","","false","","20","100",,"","","1285","2023-11-18 08:52:37"
"3910142","b8a4ef1f-9d4d-4c88-ac79-f572c7f8cbae","UKR033","UN7500186",,"Juglans","regia","L.","","","Juglans regia L.","UKR","",,"","","false","","20","100",,"","","1285","2023-11-18 08:52:37"
"3910143","81b62f93-2166-4ab8-8a51-a78db056766f","UKR033","UN7500185",,"Juglans","regia","L.","","","Juglans regia L.","UKR","",,"","","false","","20","100",,"","","1285","2023-11-18 08:52:37"
"3914198","8d98254d-1aeb-41c4-88bc-443479f915ec","UKR036","UN7500237",,"Juglans","regia","L.","","","Juglans regia L.","UKR","","20070413","","","false","","20","500",,"","","1285","2024-10-28 15:04:27"
"3914199","cf9b4891-e2f4-4427-9e4d-30fbc878976e","UKR036","UN7500236",,"Juglans","regia","L.","","","Juglans regia L.","UKR","","20070413","","","false","","20","500",,"","","1285","2024-10-28 15:04:27"
"3914200","1eb2d72d-82fe-4147-b8bf-881d5526ad54","UKR036","UN7500235",,"Juglans","regia","L.","","","Juglans regia L.","UKR","","20070413","","","false","","20","500",,"","","1285","2024-10-28 15:04:27"
"3914301","9399d4cd-1ce6-4c8b-ac3d-583780094ae4","UKR008","UN7500241",,"Juglans","rupestris","Engelm.","","","Juglans rupestris Engelm.",,"",,"","","false","","99","110",,"","","1285","2023-11-18 11:12:45"
"3914302","14ca68d4-e205-4a2a-bc69-0b4820de473e","UKR008","UN7500239",,"Juglans","nigra","L.","","","Juglans nigra L.",,"",,"","","false","","99","110",,"","","1285","2024-10-28 15:05:01"
"3914303","6ce504ea-611f-4b1e-beb9-fc250332b500","UKR008","UN7500240",,"Juglans","regia","L.","","","Juglans regia L.",,"",,"","","false","","99","110",,"","","1285","2024-10-28 15:04:34"
"3914304","2f6e3051-b8a6-4430-b7ba-b279cfc3485f","UKR008","UN7500238",,"Juglans","mandshurica","Maxim.","","","Juglans mandshurica Maxim.",,"",,"","","false","","99","110",,"","","1285","2023-11-18 10:09:16"
"3914306","9ba8c744-ca19-4a35-9558-dc1eb0dd7d56","UKR008","UN7500242",,"Juglans","cinerea","L.","","","Juglans cinerea L.",,"",,"","","false","","99","110",,"","","1285","2023-11-18 11:17:02"
"3938736","6e82cd4a-a50b-433c-af8b-490dc8c8b207","CHE065","RH-LU-37",,"Juglans","regia","L.","","","Juglans regia L.",,"",,"true","","false","","20","300",,"","","1285","2023-11-18 09:57:17"
"3938737","761e8744-a9b1-4b5b-8553-21106deb3d82","CHE065","RH-LU-38",,"Juglans","regia","L.","","","Juglans regia L.",,"",,"true","","false","","20","400",,"","","1285","2023-11-18 09:57:17"
"3938740","e2bc7785-9c33-479e-83f2-b5d98acc85d1","CHE065","RH-LU-39",,"Juglans","regia","L.","","","Juglans regia L.",,"",,"true","","false","","20","300",,"","","1285","2024-10-28 14:38:12"
"3938742","bbf60e9b-6dd2-41ec-b69d-3c6f86597bdf","CHE065","RH-LU-36",,"Juglans","regia","L.","","","Juglans regia L.",,"",,"true","","false","","20","300",,"","","1285","2024-10-28 14:38:12"
"3938744","fddbf889-da26-48e3-b097-5efd0685c13d","CHE065","RH-LU-35",,"Juglans","regia","L.","","","Juglans regia L.",,"",,"true","","false","","20","300",,"","","1285","2024-10-28 14:38:12"
"3938746","60ae4663-0e71-4df5-af90-5fc503897a64","CHE065","RH-LU-4",,"Juglans","regia","L.","","","Juglans regia L.","CHE","",,"true","","false","","20","120",,"","","1285","2023-11-18 09:57:19"
"3938748","4f9104cc-b1eb-42bb-9673-277dbc3fce1b","CHE065","RH-LU-40",,"Juglans","regia","","","","Juglans regia",,"",,"true","","false","","20","",,"","","1285","2023-11-18 09:59:39"
"3942902","91eec169-526e-4edd-830c-c94f4e23ead4","AUT024","KLBG-SCH-000114",,"Juglans","regia","L.","","","Juglans regia L.",,"","1997----","false","","false","","20","500",,"","","1285","2023-11-18 10:07:39"
"3942903","8a7bbf9e-cd12-49e6-80ce-ed23e1b8ebe3","AUT024","KLBG-SCH-000113",,"Juglans","regia","L.","","","Juglans regia L.",,"","1997----","false","","false","","20","500",,"","","1285","2023-11-18 10:07:39"
"3942904","4768aa78-a08b-4ad6-b398-216d2a93b42a","AUT024","KLBG-SCH-000112",,"Juglans","regia","L.","","","Juglans regia L.",,"","1997----","false","","false","","20","500",,"","","1285","2023-11-18 10:07:39"
"3942905","9c6c5794-d935-4d72-bef1-9cce2ab6b656","AUT024","KLBG-SCH-000109",,"Juglans","regia","L.","","","Juglans regia L.",,"","1968----","false","","false","","20","300",,"","","1285","2023-11-18 10:07:39"
"3942906","fa59ac2f-15bd-4347-8311-dc2f8da613f3","AUT024","KLBG-SCH-000110",,"Juglans","regia","L.","","","Juglans regia L.",,"","2003----","false","","false","","20","300",,"","","1285","2023-11-18 10:07:39"
"3942907","a6ba1872-7a75-4ae4-a925-e711bcf5c3a9","AUT024","KLBG-SCH-000111",,"Juglans","regia","L.","","","Juglans regia L.",,"","1997----","false","","false","","20","500",,"","","1285","2023-11-18 10:07:39"
"3942908","687270fa-48ed-4fe9-a674-5b4b52313f38","AUT024","KLBG-SCH-000108",,"Juglans","regia","L.","","","Juglans regia L.",,"","2003----","false","","false","","20","300",,"","","1285","2023-11-18 10:07:39"
"3942909","b90ac305-bc61-43a5-8e27-a00d54e1ef23","AUT024","KLBG-SCH-000105",,"Juglans","regia","L.","","","Juglans regia L.",,"","1968----","false","","false","","20","300",,"","","1285","2023-11-18 10:07:39"
"3942910","606845e4-7044-4f65-b566-1a4d4d2960d1","AUT024","KLBG-SCH-000106",,"Juglans","regia","L.","","","Juglans regia L.",,"","1968----","false","","false","","20","300",,"","","1285","2023-11-18 10:07:39"
"3942911","b92de4d7-7dab-4092-a977-773e34a0abfc","AUT024","KLBG-SCH-000107",,"Juglans","regia","L.","","","Juglans regia L.",,"","2003----","false","","false","","20","300",,"","","1285","2023-11-18 10:07:39"
"3942912","ff0daf53-a3bc-43cd-ba81-8825f9a80f8c","AUT024","KLBG-SCH-000104",,"Juglans","regia","L.","","","Juglans regia L.",,"","1968----","false","","false","","20","300",,"","","1285","2023-11-18 10:07:39"
"3942913","82e78f44-345b-4cf0-b90f-4f104e2d3ae3","AUT024","KLBG-SCH-000102",,"Juglans","regia","L.","","","Juglans regia L.",,"","1996----","false","","false","","20","500",,"","","1285","2023-11-18 10:07:39"
"3942914","3fed112c-5ea6-49cf-9cf9-c5b9e6639bfb","AUT024","KLBG-SCH-000103",,"Juglans","regia","L.","","","Juglans regia L.",,"","1996----","false","","false","","20","500",,"","","1285","2023-11-18 10:07:39"
"3942915","e04638de-8796-429c-a509-952ce0e039e5","AUT024","KLBG-SCH-000101",,"Juglans","regia","L.","","","Juglans regia L.",,"","2003----","false","","false","","20","500",,"","","1285","2023-11-18 10:07:39"
"3942916","80563872-d829-4e8f-8628-545feca16117","AUT024","KLBG-SCH-000099",,"Juglans","regia","L.","","","Juglans regia L.",,"","1996----","false","","false","","20","500",,"","","1285","2023-11-18 10:07:39"
"3942917","0740cc5b-9ae8-435c-9361-8b706eb205aa","AUT024","KLBG-SCH-000100",,"Juglans","regia","L.","","","Juglans regia L.",,"","2003----","false","","false","","20","500",,"","","1285","2023-11-18 10:07:39"
"3942918","efc00be5-d556-4f92-80a2-9336ee145c80","AUT024","KLBG-SCH-000098",,"Juglans","regia","L.","","","Juglans regia L.",,"","1996----","false","","false","","20","500",,"","","1285","2023-11-18 10:07:39"
"3942919","f69e050f-3eea-4bc0-be6c-304a12f80949","AUT024","KLBG-SCH-000095",,"Juglans","regia","L.","","","Juglans regia L.",,"","1996----","false","","false","","20","500",,"","","1285","2023-11-18 10:07:39"
"3942920","0d23c9f4-a91c-4bbf-9d5e-10f132c39cb1","AUT024","KLBG-SCH-000097",,"Juglans","regia","L.","","","Juglans regia L.",,"","1996----","false","","false","","20","500",,"","","1285","2023-11-18 10:07:45"
"3942921","77b43b62-9e19-4496-85e1-88a783996955","AUT024","KLBG-SCH-000096",,"Juglans","regia","L.","","","Juglans regia L.",,"","1968----","false","","false","","20","500",,"","","1285","2023-11-18 10:07:45"
"3942922","f631c63b-89cf-4381-a418-6e417b12043c","AUT024","KLBG-SCH-000093",,"Juglans","regia","L.","","","Juglans regia L.",,"","1996----","false","","false","","20","500",,"","","1285","2023-11-18 10:07:45"
"3942923","c1498afa-cca0-44fa-aefe-df72d0832cb3","AUT024","KLBG-SCH-000094",,"Juglans","regia","L.","","","Juglans regia L.",,"","1996----","false","","false","","20","500",,"","","1285","2023-11-18 10:07:45"
"3942924","02396138-f5ab-4a18-aab0-ca207d437ba6","AUT024","KLBG-SCH-000092",,"Juglans","regia","L.","","","Juglans regia L.",,"","1968----","false","","false","","20","500",,"","","1285","2023-11-18 10:07:45"
"3942925","06ade0ac-6411-46de-886c-5ebcdbd78229","AUT024","KLBG-SCH-000091",,"Juglans","regia","L.","","","Juglans regia L.",,"","1968----","false","","false","","20","500",,"","","1285","2023-11-18 10:07:45"
"3942926","aef47c04-12be-44b4-8f3f-624ece139412","AUT024","KLBG-SCH-000090",,"Juglans","regia","L.","","","Juglans regia L.",,"","1968----","false","","false","","20","500",,"","","1285","2023-11-18 10:07:45"
"3942927","90f3b395-16f6-4225-9074-67f015d55d17","AUT024","KLBG-SCH-000087",,"Juglans","regia","L.","","","Juglans regia L.",,"","1968----","false","","false","","20","500",,"","","1285","2023-11-18 10:07:39"
"3942928","5b083b95-8e22-4647-b566-99109dd32bbc","AUT024","KLBG-SCH-000088",,"Juglans","regia","L.","","","Juglans regia L.",,"","1968----","false","","false","","20","500",,"","","1285","2023-11-18 10:07:39"
"3942929","95205a43-5309-430c-b4b4-25ed56736209","AUT024","KLBG-SCH-000089",,"Juglans","regia","L.","","","Juglans regia L.",,"","1968----","false","","false","","20","500",,"","","1285","2023-11-18 10:07:39"
"3942930","aac5e55a-fad7-413f-89c1-e785d1d47408","AUT024","KLBG-SCH-000085",,"Juglans","regia","L.","","","Juglans regia L.",,"","1968----","false","","false","","20","500",,"","","1285","2023-11-18 10:07:39"
"3942931","809fc2d1-c569-4fac-b1bb-c9ad930d2271","AUT024","KLBG-SCH-000086",,"Juglans","regia","L.","","","Juglans regia L.",,"","1968----","false","","false","","20","500",,"","","1285","2023-11-18 10:07:39"
"3942932","bbe16417-62be-420c-8305-4289e1033322","AUT024","KLBG-SCH-000084",,"Juglans","regia","L.","","","Juglans regia L.",,"","1984----","false","","false","","20","500",,"","","1285","2023-11-18 10:07:39"
"3942933","81327f96-c5a5-448e-9aa0-40b3e109d015","AUT024","KLBG-SCH-000083",,"Juglans","regia","L.","","","Juglans regia L.",,"","1984----","false","","false","","20","500",,"","","1285","2023-11-18 10:07:39"
"3942934","d3f872e7-2590-4bd7-b2e6-8d71ca5a75ed","AUT024","KLBG-SCH-000082",,"Juglans","regia","L.","","","Juglans regia L.",,"","1968----","false","","false","","20","500",,"","","1285","2023-11-18 10:07:39"
"3942935","d05c21a1-26d6-4610-acd8-537d1d7ae743","AUT024","KLBG-SCH-000080",,"Juglans","regia","L.","","","Juglans regia L.",,"","1968----","false","","false","","20","500",,"","","1285","2023-11-18 10:07:39"
"3942936","dcf676d6-1fbb-4c5c-bf55-8865ce8a7f30","AUT024","KLBG-SCH-000081",,"Juglans","regia","L.","","","Juglans regia L.",,"","1968----","false","","false","","20","500",,"","","1285","2023-11-18 10:07:39"
"3942937","d020a062-3af4-47bd-b91d-d85336f9a455","AUT024","KLBG-SCH-000078",,"Juglans","regia","L.","","","Juglans regia L.",,"","1968----","false","","false","","20","500",,"","","1285","2023-11-18 10:07:39"
"3942938","babcb7f7-2d1d-4460-bfad-f871b28d7ab6","AUT024","KLBG-SCH-000079",,"Juglans","regia","L.","","","Juglans regia L.",,"","1968----","false","","false","","20","500",,"","","1285","2023-11-18 10:07:39"
"3942939","92df9a07-8b26-46d6-91e5-b3eb12d7c142","AUT024","KLBG-SCH-000077",,"Juglans","regia","L.","","","Juglans regia L.",,"","1968----","false","","false","","20","500",,"","","1285","2023-11-18 10:07:39"
"3942940","e4b45628-86ad-4eb4-b70d-4ec22b14b8c7","AUT024","KLBG-SCH-000076",,"Juglans","regia","L.","","","Juglans regia L.",,"","1968----","false","","false","","20","500",,"","","1285","2023-11-18 10:07:39"
"3942941","e72eb4d9-a9fc-41b1-ae57-8eee516e5a99","AUT024","KLBG-SCH-000073",,"Juglans","regia","L.","","","Juglans regia L.",,"","2006----","false","","false","","20","500",,"","","1285","2023-11-18 10:07:39"
"3942942","9685da2d-a6c1-4b97-8b59-7a8603f146f2","AUT024","KLBG-SCH-000074",,"Juglans","regia","L.","","","Juglans regia L.",,"","2006----","false","","false","","20","500",,"","","1285","2023-11-18 10:07:39"
"3942943","4a557953-238f-4e85-8563-98a8aa355fa0","AUT024","KLBG-SCH-000075",,"Juglans","regia","L.","","","Juglans regia L.",,"",,"false","","false","","20","500",,"","","1285","2023-11-18 10:07:39"
"3942947","8895f906-2460-4603-9b23-85843dfdbbf9","AUT024","KLBG-SCH-000072",,"Juglans","regia","L.","","","Juglans regia L.",,"","2006----","false","","false","","20","500",,"","","1285","2023-11-18 10:07:39"
"3956696","59b356f7-c351-4e29-9f63-82482d72e5d6","CHE065","955-03",,"Juglans","regia","L.","","","Juglans regia L.","CHE","",,"false","","false","",,"120",,"","","1285","2024-10-28 15:00:24"
"3962954","753a978d-b7bd-45c9-9428-5b38eac0c066","ESP172","NC094019",,"Juglans","regia","L.","","","Juglans regia L.","ESP","",,"false","","false","","20","300",,"","","1285","2023-11-18 10:26:25"
"3962959","2e19a176-c3e3-4383-b224-5cf88089da76","ESP172","NC094014",,"Juglans","regia","L.","","","Juglans regia L.","ESP","",,"false","","false","","20","300",,"","","1285","2023-11-18 10:26:25"
"3963058","18ccbba4-f0f5-4973-90e4-8c1da9217bd0","ESP172","NC093916",,"Juglans","regia","L.","","","Juglans regia L.","ESP","",,"false","","false","","20","300",,"","","1285","2023-11-18 10:26:36"
"3963067","601ade55-5c67-4795-b588-3ee442441e7d","ESP172","NC093905",,"Juglans","regia","L.","","","Juglans regia L.","ESP","",,"false","","false","","20","300",,"","","1285","2023-11-18 10:26:36"
"3963076","59b9abfc-62bc-40c9-bbdd-4fb1c4ca2dcd","ESP172","NC093896",,"Juglans","regia","L.","","","Juglans regia L.","ESP","",,"false","","false","","20","300",,"","","1285","2023-11-18 10:26:25"
"3963078","3ae4a1e7-42e1-429f-a9f9-55bfa6214a2b","ESP172","NC093894",,"Juglans","regia","L.","","","Juglans regia L.","ESP","",,"false","","false","","20","300",,"","","1285","2023-11-18 10:26:25"
"3963079","99e05fbd-57ef-4678-9a00-93ef95c33a33","ESP172","NC093895",,"Juglans","regia","L.","","","Juglans regia L.","ESP","",,"false","","false","","20","300",,"","","1285","2023-11-18 10:26:25"
"3963080","b1c17c7b-8343-48cf-8bc4-85c9f6be7a55","ESP172","NC093893",,"Juglans","regia","L.","","","Juglans regia L.","ESP","",,"false","","false","","20","300",,"","","1285","2023-11-18 10:26:25"
"3963119","e71447f1-0139-4707-aeeb-fa5f1b734d6c","ESP172","NC093856",,"Juglans","regia","L.","","","Juglans regia L.","ESP","",,"false","","false","","20","300",,"","","1285","2023-11-18 10:26:28"
"3963150","fc6ec0bc-6b6c-4d0b-9ff7-ec12b44db63a","ESP172","NC093822",,"Juglans","regia","L.","","","Juglans regia L.","ESP","",,"false","","false","","20","300",,"","","1285","2023-11-18 10:26:28"
"3963315","9a1dd45c-fc8a-4b47-bc88-5e126dde399b","ESP172","NC093659",,"Juglans","regia","L.","","","Juglans regia L.","ESP","",,"false","","false","","20","300",,"","","1285","2023-11-18 10:26:25"
"3963405","793540ad-7a53-43f7-abe8-a9d4535de0b8","ESP172","NC093566",,"Juglans","regia","L.","","","Juglans regia L.","ESP","",,"false","","false","","20","300",,"","","1285","2023-11-18 10:26:25"
"3963558","7eee7b25-ee42-4034-b5e6-35fb57dfc5c5","ESP172","NC093414",,"Juglans","regia","L.","","","Juglans regia L.","ESP","",,"false","","false","","20","300",,"","","1285","2023-11-18 10:26:32"
"3963562","85c39ead-dec5-4606-ba43-60ff3cb42ced","ESP172","NC093412",,"Juglans","regia","L.","","","Juglans regia L.","ESP","",,"false","","false","","20","300",,"","","1285","2023-11-18 10:26:36"
"3963637","85e3ec1d-d8ab-42af-ac16-73fa6ee1123e","ESP172","NC093335",,"Juglans","regia","L.","","","Juglans regia L.","ESP","",,"false","","false","","20","300",,"","","1285","2023-11-18 10:26:41"
"3963642","2ddd7dc2-23ce-4f98-b34a-198ad00f90e0","ESP172","NC093330",,"Juglans","regia","L.","","","Juglans regia L.","ESP","",,"false","","false","","20","300",,"","","1285","2023-11-18 10:26:41"
"3963653","00a8cc3b-8daa-437a-804e-22ab3fd93cda","ESP172","NC093319",,"Juglans","regia","L.","","","Juglans regia L.","ESP","",,"false","","false","","20","300",,"","","1285","2023-11-18 09:29:26"
"3963666","27809690-cf93-4567-a5f8-72f268a6a356","ESP172","NC093307",,"Juglans","regia","L.","","","Juglans regia L.","ESP","",,"false","","false","","20","300",,"","","1285","2023-11-18 10:26:38"
"3963672","f7342530-3b18-4e7b-8a54-02eb97b7b6d9","ESP172","NC093298",,"Juglans","regia","L.","","","Juglans regia L.","ESP","",,"false","","false","","20","300",,"","","1285","2023-11-18 10:26:41"
"3963676","90778f7d-d7e8-4637-9574-42ca42b1d435","ESP172","NC093297",,"Juglans","regia","L.","","","Juglans regia L.","ESP","",,"false","","false","","20","300",,"","","1285","2023-11-18 10:26:41"
"3963699","3ea17b3a-4e5a-4473-aa36-ef1a0b2adc42","ESP172","NC093273",,"Juglans","regia","L.","","","Juglans regia L.","ESP","",,"false","","false","","20","300",,"","","1285","2023-11-18 10:26:38"
"3963718","9ea2ad11-e576-4b8b-bd3c-7934c4fe9811","ESP172","NC093254",,"Juglans","regia","L.","","","Juglans regia L.","ESP","",,"false","","false","","20","300",,"","","1285","2023-11-18 10:26:41"
"4005734","cdcf277e-8c20-446a-b80e-ec0c5a5fbccb","BEL002","10001843",,"Juglans","ailantifolia","Carr.","","","Juglans ailantifolia Carr.",,"",,"true","","false","",,"",,"","","1285","2024-10-28 14:37:35"
"4005740","d1e17ff5-1d00-416c-9f1a-fef978d39cf0","BEL002","10001839",,"Juglans","cinerea","L.","","","Juglans cinerea L.",,"",,"true","","false","",,"",,"","","1285","2023-11-18 10:12:12"
"4005744","813af8e1-77a4-4378-a36e-c91f439e4c02","BEL002","10001835",,"Juglans","nigra","L.","","","Juglans nigra L.",,"",,"true","","false","",,"",,"","","1285","2023-11-18 10:11:50"
"4005812","02596b1e-1276-44d3-8601-1ef2dec4e865","BEL002","10001771",,"Juglans","x intermedia","Carr.","var. vilmoreana","(Car.) Schneid.","Juglans x intermedia Carr. var. vilmoreana (Car.) Schneid.",,"",,"true","","false","",,"",,"","","1285","2023-11-18 10:00:05"
"4005855","e62c08fe-65b9-49d8-a03d-dc6e40ef2bbd","BEL002","10001729",,"Juglans","regia","L.","","","Juglans regia L.",,"",,"true","","false","",,"",,"","","1285","2024-10-28 14:37:47"
"4007195","9460deac-6e83-462f-85fe-43ae8bc8062c","BEL002","10000375",,"Juglans","nigra","L.","","","Juglans nigra L.",,"",,"true","","false","",,"",,"","","1285","2023-11-18 10:11:50"
"4017713","5826cdb2-98c9-4d26-b776-9f55cf0d6b4f","BEL098","1157",,"Juglans","regia","","~sp","","Juglans regia ~sp",,"",,"true","","false","",,"",,"","2014-01-09 16:58:16","1285","2023-11-18 10:00:38"
"4017721","e9d4399e-ea23-4438-8523-10386c598f88","BEL098","1156",,"Juglans","nigra","","~sp","","Juglans nigra ~sp",,"",,"true","","false","",,"",,"","2014-01-09 16:58:16","1285","2023-11-18 08:33:52"
"4018600","fec3ed97-5de7-415e-9d73-93650cf82980","BEL098","834",,"Juglans","nigra","","~sp","","Juglans nigra ~sp",,"",,"true","","false","",,"",,"","2014-01-09 16:58:24","1285","2023-11-18 08:32:12"
"4024723","f5b50dc6-8d30-4cee-b284-72da064185d8","CHE065","4.04",,"Juglans","regia","","","","Juglans regia","CHE","",,"true","","false","","20","",,"","2014-01-09 17:09:46","1285","2023-11-18 09:59:54"
"4024727","5c1175e2-abac-4fb1-940b-3120965bf7d7","CHE065","4.06",,"Juglans","regia","","","","Juglans regia","CHE","",,"true","","false","","20","",,"","2014-01-09 17:09:46","1285","2023-11-18 09:59:54"
"4024730","f40944df-6eb4-453e-840b-9c63916dc3bf","CHE065","4.03",,"Juglans","regia","","","","Juglans regia","CHE","",,"true","","false","","20","",,"","2014-01-09 17:09:47","1285","2023-11-18 09:59:54"
"4024731","64fe1f60-5da2-47bb-9717-232127e2f02b","CHE065","4.01",,"Juglans","regia","","","","Juglans regia","CHE","",,"true","","false","","20","",,"","2014-01-09 17:09:47","1285","2023-11-18 09:59:54"
"4024732","751d45bf-303d-4e4a-8c64-bf18505d79a9","CHE065","4.23",,"Juglans","regia","","","","Juglans regia","CHE","",,"true","","false","","20","",,"","2014-01-09 17:09:47","1285","2023-11-18 09:59:50"
"4024733","9daad753-a771-4d30-9bed-7e797931e9ec","CHE065","4.46",,"Juglans","regia","","","","Juglans regia","CHE","",,"true","","false","","20","",,"","2014-01-09 17:09:47","1285","2023-11-18 09:59:50"
"4024734","aab4eb04-b864-4ddf-b429-592199b4ce39","CHE065","4.36",,"Juglans","regia","","","","Juglans regia","CHE","",,"true","","false","","20","",,"","2014-01-09 17:09:47","1285","2023-11-18 09:59:50"
"4024735","a6a99cf6-1363-4f44-a95b-91b62e5af168","CHE065","4.12",,"Juglans","regia","","","","Juglans regia","CHE","",,"true","","false","","20","",,"","2014-01-09 17:09:47","1285","2023-11-18 09:59:54"
"4024736","07e1bf9f-6775-44f5-a105-6065077772c4","CHE065","4.42",,"Juglans","regia","","","","Juglans regia","CHE","",,"true","","false","","20","",,"","2014-01-09 17:09:47","1285","2023-11-18 09:59:50"
"4024737","9b3083b0-e7af-4b04-9723-248f96201b2a","CHE065","4.18",,"Juglans","regia","","","","Juglans regia","CHE","",,"true","","false","","20","",,"","2014-01-09 17:09:47","1285","2023-11-18 09:59:54"
"4024738","83793d34-7614-4c31-9f36-7a3ff03b3001","CHE065","4.08",,"Juglans","regia","","","","Juglans regia","CHE","",,"true","","false","","20","",,"","2014-01-09 17:09:47","1285","2023-11-18 09:59:54"
"4024739","2bc30f7f-81f1-4e35-958e-2ceb000ab6cf","CHE065","4.48",,"Juglans","regia","","","","Juglans regia","CHE","",,"true","","false","","20","",,"","2014-01-09 17:09:47","1285","2023-11-18 09:59:50"
"4024740","f0f4e045-98e4-485a-9f61-42b4b7a06505","CHE065","4.28",,"Juglans","regia","","","","Juglans regia","CHE","",,"true","","false","","20","",,"","2014-01-09 17:09:47","1285","2023-11-18 09:59:50"
"4024741","046addd5-7806-415d-ae27-235f22cd373d","CHE065","4.13",,"Juglans","regia","","","","Juglans regia","CHE","",,"true","","false","","20","",,"","2014-01-09 17:09:47","1285","2023-11-18 09:59:54"
"4024742","2902eafa-db1f-47c5-b39f-90ac4b1d9c02","CHE065","4.25",,"Juglans","regia","","","","Juglans regia","CHE","",,"true","","false","","20","",,"","2014-01-09 17:09:47","1285","2023-11-18 09:59:50"
"4024745","e9167a29-4cde-4225-8a46-4eebae47b25b","CHE065","4.51",,"Juglans","regia","","","","Juglans regia","CHE","",,"true","","false","","20","",,"","2014-01-09 17:09:47","1285","2023-11-18 09:59:50"
"4024746","68c95a0a-3a7d-4af8-bc71-97ace1df1ab4","CHE065","4.21",,"Juglans","regia","","","","Juglans regia","CHE","",,"true","","false","","20","",,"","2014-01-09 17:09:47","1285","2023-11-18 09:59:50"
"4024747","4b4461e8-72db-49c1-a718-fea9af817815","CHE065","4.34",,"Juglans","regia","","","","Juglans regia","CHE","",,"false","","false","","20","",,"","2014-01-09 17:09:47","1285","2023-11-18 09:59:54"
"4024748","d7670d3c-d152-478c-bd11-3be4c19cbb0c","CHE065","4.29",,"Juglans","regia","","","","Juglans regia","CHE","",,"true","","false","","20","",,"","2014-01-09 17:09:47","1285","2023-11-18 09:59:50"
"4024749","8b905956-be41-437a-bfcc-9af2f7e0c214","CHE065","4.24",,"Juglans","regia","","","","Juglans regia","CHE","",,"true","","false","","20","",,"","2014-01-09 17:09:47","1285","2023-11-18 09:59:50"
"4024750","6437ef45-08c2-4c13-aa20-aface1edc12e","CHE065","4.44",,"Juglans","regia","","","","Juglans regia","CHE","",,"true","","false","","20","",,"","2014-01-09 17:09:47","1285","2023-11-18 09:59:50"
"4024751","5597e348-2432-40c9-b4fa-1c32f2e012bc","CHE065","4.09",,"Juglans","regia","","","","Juglans regia","CHE","",,"true","","false","","20","",,"","2014-01-09 17:09:47","1285","2023-11-18 09:59:54"
"4024752","6489bef8-baa0-4690-94c2-a2b383bce1af","CHE065","4.17",,"Juglans","regia","","","","Juglans regia","CHE","",,"true","","false","","20","",,"","2014-01-09 17:09:47","1285","2023-11-18 09:59:54"
"4024753","0bc24ca3-a7b3-42a3-b2fa-82165d2675a8","CHE065","4.19",,"Juglans","regia","","","","Juglans regia","CHE","",,"true","","false","","20","",,"","2014-01-09 17:09:47","1285","2023-11-18 09:59:54"
"4024754","e65dc387-5793-48a1-b5a0-d1110cd91643","CHE065","4.54",,"Juglans","regia","","","","Juglans regia","CHE","",,"true","","false","","20","",,"","2014-01-09 17:09:47","1285","2023-11-18 09:59:50"
"4024755","c0a47e50-c92a-496f-b29e-9233e074c7b0","CHE065","4.45",,"Juglans","regia","","","","Juglans regia","CHE","",,"true","","false","","20","",,"","2014-01-09 17:09:47","1285","2023-11-18 09:59:50"
"4024756","86b85134-f1c5-4541-a765-2b7e0c58c064","CHE065","4.15",,"Juglans","regia","","","","Juglans regia","CHE","",,"true","","false","","20","",,"","2014-01-09 17:09:47","1285","2023-11-18 09:59:54"
"4024757","bef08c96-0fe4-4d92-9b1b-2e1b598f2cd5","CHE065","4.53",,"Juglans","regia","","","","Juglans regia","CHE","",,"true","","false","","20","",,"","2014-01-09 17:09:47","1285","2023-11-18 09:59:50"
"4024758","4578cf38-b0c2-4e8b-bb82-3e6ce943be87","CHE065","4.27",,"Juglans","regia","","","","Juglans regia","CHE","",,"true","","false","","20","",,"","2014-01-09 17:09:47","1285","2023-11-18 09:59:50"
"4024759","72297f93-d297-4d84-a769-cd0c812de4bd","CHE065","4.07",,"Juglans","regia","","","","Juglans regia","CHE","",,"true","","false","","20","",,"","2014-01-09 17:09:47","1285","2023-11-18 09:59:54"
"4024760","e45558d9-9d39-43a9-8cf4-f66cf00de489","CHE065","4.22",,"Juglans","regia","","","","Juglans regia","CHE","",,"true","","false","","20","",,"","2014-01-09 17:09:47","1285","2023-11-18 09:59:50"
"4024761","c1366b7f-d569-4054-a6de-0f43ee336649","CHE065","4.52",,"Juglans","regia","","","","Juglans regia","CHE","",,"true","","false","","20","",,"","2014-01-09 17:09:47","1285","2023-11-18 09:59:50"
"4024762","5b89d1e2-cb52-4be2-af29-6426eaf34bf7","CHE065","4.02",,"Juglans","regia","","","","Juglans regia","CHE","",,"true","","false","","20","",,"","2014-01-09 17:09:47","1285","2023-11-18 09:59:54"
"4024763","f8167848-c671-44cf-8bf6-f8acad25a856","CHE065","4.33",,"Juglans","regia","","","","Juglans regia","CHE","",,"true","","false","","20","",,"","2014-01-09 17:09:47","1285","2023-11-18 09:59:54"
"4024764","23b9309a-c956-4ba9-b7f3-4a3669ee8415","CHE065","4.43",,"Juglans","regia","","","","Juglans regia","CHE","",,"true","","false","","20","",,"","2014-01-09 17:09:47","1285","2023-11-18 09:59:50"
"4024765","cb3ca263-9208-408e-9805-64c361882807","CHE065","4.38",,"Juglans","regia","","","","Juglans regia","CHE","",,"true","","false","","20","",,"","2014-01-09 17:09:47","1285","2023-11-18 09:59:50"
"4024766","89507a95-b136-4a07-b9d0-5b22a0541cde","CHE065","4.47",,"Juglans","regia","","","","Juglans regia","CHE","",,"true","","false","","20","",,"","2014-01-09 17:09:47","1285","2023-11-18 09:59:50"
"4024767","ca9081ac-706d-4d27-a9d1-7c6f914a3980","CHE065","4.41",,"Juglans","regia","","","","Juglans regia","CHE","",,"false","","false","","20","",,"","2014-01-09 17:09:47","1285","2023-11-18 09:59:50"
"4024768","db0498b4-0a51-4503-9c4b-655f4d06069e","CHE065","4.05",,"Juglans","regia","","","","Juglans regia","CHE","",,"true","","false","","20","",,"","2014-01-09 17:09:47","1285","2023-11-18 09:59:54"
"4024769","e059f815-7b7c-445f-91b1-63624449928c","CHE065","4.32",,"Juglans","regia","","","","Juglans regia","CHE","",,"true","","false","","20","",,"","2014-01-09 17:09:47","1285","2023-11-18 09:59:54"
"4024770","4b4f8f6d-c576-420e-9cb4-b62d4aeb4ea6","CHE065","4.31",,"Juglans","regia","","","","Juglans regia","CHE","",,"true","","false","","20","",,"","2014-01-09 17:09:47","1285","2023-11-18 09:59:50"
"4024771","ffe03a85-3661-4cc4-abbb-f9a83edb70ad","CHE065","4.11",,"Juglans","regia","","","","Juglans regia","CHE","",,"true","","false","","20","",,"","2014-01-09 17:09:47","1285","2023-11-18 09:59:54"
"4024772","152afc05-6381-45af-a6af-aebcf7ca50d9","CHE065","4.49",,"Juglans","regia","","","","Juglans regia","CHE","",,"true","","false","","20","",,"","2014-01-09 17:09:47","1285","2023-11-18 09:59:50"
"4024773","0f2fc913-547b-4892-a04e-39210ca03a98","CHE065","4.37",,"Juglans","regia","","","","Juglans regia","CHE","",,"true","","false","","20","",,"","2014-01-09 17:09:47","1285","2023-11-18 09:59:50"
"4024774","835ee1ce-4880-4779-ad03-79512f80b233","CHE065","4.35",,"Juglans","regia","","","","Juglans regia","CHE","",,"true","","false","","20","",,"","2014-01-09 17:09:47","1285","2023-11-18 09:59:50"
"4024775","9c4d3012-2431-45bf-a366-957b4f03b86f","CHE065","4.39",,"Juglans","regia","","","","Juglans regia","CHE","",,"true","","false","","20","",,"","2014-01-09 17:09:47","1285","2023-11-18 09:59:50"
"4024776","3b507c88-f738-4455-9b7a-c8a79336f597","CHE065","4.14",,"Juglans","regia","","","","Juglans regia","CHE","",,"true","","false","","20","",,"","2014-01-09 17:09:47","1285","2023-11-18 09:59:54"
"4024777","6984a99a-0e1c-43ee-9c04-ae290b8d20ee","CHE065","4.16",,"Juglans","regia","","","","Juglans regia","CHE","",,"true","","false","","20","",,"","2014-01-09 17:09:47","1285","2023-11-18 09:59:54"
"4024778","b8d17166-11c8-4bde-9834-00a93508bf62","CHE065","4.26",,"Juglans","regia","","","","Juglans regia","CHE","",,"true","","false","","20","",,"","2014-01-09 17:09:47","1285","2023-11-18 09:59:50"
"4024779","166c54c3-f2fa-465a-a0dc-3f261c7afa7a","CHE065","5.31",,"Juglans","regia","L.","","","Juglans regia L.","CHE","",,"true","","false","","20","",,"","2014-01-09 17:09:47","1285","2024-10-28 15:00:11"
"4024780","376570c6-c73e-4b1c-93c9-b44edc6cb9f9","CHE065","6.07",,"Juglans","regia","L.","","","Juglans regia L.","CHE","",,"true","","false","","20","",,"","2014-01-09 17:09:47","1285","2024-10-28 15:00:11"
"4024781","49833ab2-f48a-4688-b22b-032650a2ee2a","CHE065","6.08",,"Juglans","regia","L.","","","Juglans regia L.","CHE","",,"true","","false","","20","",,"","2014-01-09 17:09:47","1285","2024-10-28 15:00:11"
"4024782","099e4078-3e07-48a3-82e3-53f8acc21ac5","CHE065","6.48",,"Juglans","regia","L.","","","Juglans regia L.","CHE","",,"true","","false","","20","",,"","2014-01-09 17:09:47","1285","2024-10-28 14:38:23"
"4024783","7a735938-20fb-4fb8-99ee-1ee0479769b0","CHE065","4.55",,"Juglans","regia","","","","Juglans regia","CHE","",,"true","","false","","20","",,"","2014-01-09 17:09:47","1285","2023-11-18 09:59:50"
"4024784","abc684a4-d86d-4b39-825f-fa07677efd63","CHE065","6.51",,"Juglans","regia","L.","","","Juglans regia L.","CHE","",,"true","","false","","20","",,"","2014-01-09 17:09:47","1285","2024-10-28 14:38:23"
"4024785","58c70c79-5e66-443c-90f7-ea4f79b23be9","CHE065","6.22",,"Juglans","regia","L.","","","Juglans regia L.",,"",,"true","","false","",,"",,"","2014-01-09 17:09:47","1285","2024-10-28 15:00:11"
"4024786","e64c70ba-9750-4989-88e0-26c84309e7d4","CHE065","6.32",,"Juglans","regia","L.","","","Juglans regia L.","CHE","",,"true","","false","","20","",,"","2014-01-09 17:09:47","1285","2023-11-18 09:57:30"
"4024787","615bca18-215a-4956-b0a7-8d75fd79f8df","CHE065","6.01",,"Juglans","regia","L.","","","Juglans regia L.","CHE","",,"true","","false","","20","",,"","2014-01-09 17:09:47","1285","2023-11-18 09:57:14"
"4024788","3fe75c88-5b1c-475b-ab4e-6a778ded9022","CHE065","6.12",,"Juglans","regia","L.","","","Juglans regia L.","CHE","",,"true","","false","","20","",,"","2014-01-09 17:09:47","1285","2023-11-18 09:57:13"
"4024789","0db48618-9430-4f13-b1f7-e1d601c10924","CHE065","6.15",,"Juglans","regia","L.","","","Juglans regia L.","CHE","",,"true","","false","","20","",,"","2014-01-09 17:09:47","1285","2024-10-28 15:00:11"
"4024790","c9e2afeb-40a5-49b8-af13-acc84d3a3ab3","CHE065","6.24",,"Juglans","regia","L.","","","Juglans regia L.","CHE","",,"true","","false","","20","",,"","2014-01-09 17:09:47","1285","2024-10-28 15:00:11"
"4024791","87c0b372-205a-43fd-b470-baff8e7511a0","CHE065","6.29",,"Juglans","regia","L.","","","Juglans regia L.","CHE","",,"true","","false","","20","",,"","2014-01-09 17:09:47","1285","2023-11-18 09:57:13"
"4024792","183f37cd-159c-4b1f-9bd8-f134eb7c65b1","CHE065","6.41",,"Juglans","regia","L.","","","Juglans regia L.","CHE","",,"true","","false","","20","",,"","2014-01-09 17:09:47","1285","2024-10-28 14:38:23"
"4024793","a7fa31b3-3631-4b82-8767-57d7c55d50e9","CHE065","6.31",,"Juglans","regia","L.","","","Juglans regia L.","CHE","",,"true","","false","","20","",,"","2014-01-09 17:09:47","1285","2024-10-28 14:38:23"
"4024794","b63fc047-32f1-457c-89e0-0a613613f543","CHE065","6.21",,"Juglans","regia","L.","","","Juglans regia L.","CHE","",,"true","","false","","20","",,"","2014-01-09 17:09:47","1285","2024-10-28 15:00:11"
"4024795","fa511408-297e-47fa-80db-854610866684","CHE065","6.43",,"Juglans","regia","L.","","","Juglans regia L.","CHE","",,"true","","false","","20","",,"","2014-01-09 17:09:47","1285","2024-10-28 14:38:23"
"4024796","a553da88-ebbd-4d00-8d64-0ba385b38d64","CHE065","6.46",,"Juglans","regia","L.","","","Juglans regia L.","CHE","",,"true","","false","","20","",,"","2014-01-09 17:09:47","1285","2023-11-18 09:57:30"
"4024797","375bda01-0a69-4759-af8c-558ebe526402","CHE065","6.06",,"Juglans","regia","L.","","","Juglans regia L.","CHE","",,"true","","false","","20","",,"","2014-01-09 17:09:47","1285","2024-10-28 15:00:11"
"4024798","35af5f16-619f-4212-9876-66d6b65d1210","CHE065","6.39",,"Juglans","regia","L.","","","Juglans regia L.","CHE","",,"true","","false","","20","",,"","2014-01-09 17:09:47","1285","2024-10-28 14:38:23"
"4024799","704a9de2-4254-4618-b300-ae0c605ebe03","CHE065","6.11",,"Juglans","regia","L.","","","Juglans regia L.","CHE","",,"true","","false","","20","",,"","2014-01-09 17:09:47","1285","2023-11-18 09:57:13"
"4024800","1f390170-834d-4e54-967f-4a172d5f5c31","CHE065","6.49",,"Juglans","regia","L.","","","Juglans regia L.","CHE","",,"true","","false","","20","",,"","2014-01-09 17:09:47","1285","2024-10-28 14:38:23"
"4024801","f044d3fa-f330-4082-9f87-afac67ed743a","CHE065","6.05",,"Juglans","regia","L.","","","Juglans regia L.","CHE","",,"true","","false","","20","",,"","2014-01-09 17:09:47","1285","2024-10-28 15:00:11"
"4024802","2ffcca7a-70bd-40fb-9ec6-f125d4e8feb9","CHE065","6.16",,"Juglans","regia","L.","","","Juglans regia L.","CHE","",,"true","","false","","20","",,"","2014-01-09 17:09:47","1285","2024-10-28 15:00:11"
"4024803","784356a4-6615-418b-9079-0ac0a297b8c2","CHE065","7.08",,"Juglans","regia","","","","Juglans regia","CHE","",,"true","","false","","20","",,"","2014-01-09 17:09:47","1285","2023-11-18 09:59:50"
"4024804","3499b471-51c8-4015-9255-511ef67a59bd","CHE065","6.45",,"Juglans","regia","L.","","","Juglans regia L.","CHE","",,"true","","false","","20","",,"","2014-01-09 17:09:47","1285","2024-10-28 14:38:23"
"4024805","4091ecc3-87ec-4db1-a242-2458b106c43c","CHE065","6.19",,"Juglans","regia","L.","","","Juglans regia L.","CHE","",,"true","","false","",,"",,"","2014-01-09 17:09:47","1285","2024-10-28 15:00:11"
"4024806","198a1653-7865-4b9d-81d1-4a898b505426","CHE065","6.27",,"Juglans","regia","L.","","","Juglans regia L.","CHE","",,"true","","false","","20","",,"","2014-01-09 17:09:47","1285","2023-11-18 09:57:13"
"4024807","4d7aa37c-5748-47b8-a9db-f50fcc20d3cc","CHE065","6.26",,"Juglans","regia","L.","","","Juglans regia L.","CHE","",,"true","","false","","20","",,"","2014-01-09 17:09:47","1285","2024-10-28 15:00:11"
"4024808","2d70a961-6a92-4aa5-bcd6-6e6845286db7","CHE065","6.42",,"Juglans","regia","L.","","","Juglans regia L.","CHE","",,"true","","false","","20","",,"","2014-01-09 17:09:47","1285","2023-11-18 09:57:30"
"4024809","db7c7096-fe70-4db7-8246-e134b715311f","CHE065","6.13",,"Juglans","regia","L.","","","Juglans regia L.","CHE","",,"true","","false","","20","",,"","2014-01-09 17:09:47","1285","2024-10-28 15:00:11"
"4024810","b3f69cc2-aa50-4505-9a80-e29ac3572795","CHE065","6.34",,"Juglans","regia","L.","","","Juglans regia L.","CHE","",,"true","","false","","20","",,"","2014-01-09 17:09:47","1285","2024-10-28 14:38:23"
"4024811","3892811d-5e4d-44aa-9086-7e2f7dfe2562","CHE065","6.37",,"Juglans","regia","L.","","","Juglans regia L.","CHE","",,"true","","false","","20","",,"","2014-01-09 17:09:47","1285","2024-10-28 14:38:23"
"4024812","2b2df907-1f24-49cb-a12b-e6783c50059f","CHE065","6.23",,"Juglans","regia","L.","","","Juglans regia L.","CHE","",,"true","","false","","20","",,"","2014-01-09 17:09:47","1285","2024-10-28 15:00:11"
"4024813","9b2779c9-981c-4f85-bb2a-49ff5b264743","CHE065","6.36",,"Juglans","regia","L.","","","Juglans regia L.","CHE","",,"true","","false","","20","",,"","2014-01-09 17:09:47","1285","2024-10-28 14:38:23"
"4024814","39ec950d-6db8-47e1-91f8-2d7db2c26e34","CHE065","6.02",,"Juglans","regia","","","","Juglans regia","CHE","",,"false","","false","",,"",,"","2014-01-09 17:09:47","1285","2023-11-18 09:59:50"
"4024815","b367d15b-ee5f-4235-a1dc-40f724e04b48","CHE065","6.44",,"Juglans","regia","","","","Juglans regia","CHE","",,"false","","false","",,"",,"","2014-01-09 17:09:47","1285","2023-11-18 09:59:50"
"4024816","2cb42f3e-0706-4798-9912-d48eb26645ec","CHE065","6.17",,"Juglans","regia","L.","","","Juglans regia L.","CHE","",,"true","","false","","20","",,"","2014-01-09 17:09:47","1285","2024-10-28 15:00:11"
"4024817","cf7c0d6a-602b-44ce-a6c1-32a13fed0ac6","CHE065","6.28",,"Juglans","regia","L.","","","Juglans regia L.","CHE","",,"true","","false","","20","",,"","2014-01-09 17:09:47","1285","2024-10-28 15:00:11"
"4024818","ad0b00eb-65d3-4018-baa6-a2937c658657","CHE065","6.35",,"Juglans","regia","L.","","","Juglans regia L.","CHE","",,"true","","false","","20","",,"","2014-01-09 17:09:47","1285","2023-11-18 09:57:19"
"4024819","54f4c22d-a199-4b68-9605-d34ad05d05f8","CHE065","6.03",,"Juglans","regia","L.","","","Juglans regia L.","CHE","",,"true","","false","","20","",,"","2014-01-09 17:09:47","1285","2024-10-28 15:00:11"
"4024820","6bdf19a6-25fd-4e03-a7ca-0bea28e0a773","CHE065","6.09",,"Juglans","regia","L.","","","Juglans regia L.","CHE","",,"true","","false","","20","",,"","2014-01-09 17:09:47","1285","2024-10-28 15:00:11"
"4024821","2fd78581-a64f-4379-ad79-c843a4538e6d","CHE065","6.14",,"Juglans","regia","L.","","","Juglans regia L.","CHE","",,"true","","false","","20","",,"","2014-01-09 17:09:47","1285","2024-10-28 15:00:11"
"4024822","7360118b-80e5-4b71-89eb-5f2960083148","CHE065","6.47",,"Juglans","regia","L.","","","Juglans regia L.","CHE","",,"true","","false","","20","",,"","2014-01-09 17:09:47","1285","2024-10-28 14:38:23"
"4024823","81a7628d-4b7e-457a-9746-272cbafecfbe","CHE065","6.38",,"Juglans","regia","L.","","","Juglans regia L.","CHE","",,"true","","false","","20","",,"","2014-01-09 17:09:47","1285","2023-11-18 09:57:19"
"4024825","7912c901-fe00-4a5b-907e-d31c246c3262","CHE065","6.25",,"Juglans","regia","L.","","","Juglans regia L.","CHE","",,"true","","false","","20","",,"","2014-01-09 17:09:47","1285","2023-11-18 09:57:13"
"4024826","b77165e4-8351-415d-9fa1-60c8a7a29665","CHE065","6.33",,"Juglans","regia","L.","","","Juglans regia L.","CHE","",,"true","","false","","20","",,"","2014-01-09 17:09:47","1285","2024-10-28 14:38:23"
"4024827","48e40ae9-0705-4d57-bddb-e897ec8fe553","CHE065","6.52",,"Juglans","regia","L.","","","Juglans regia L.","CHE","",,"true","","false","","20","",,"","2014-01-09 17:09:47","1285","2024-10-28 14:38:23"
"4024828","32bf3d4b-3ec0-48e4-ba88-a66da5ca14a9","CHE065","6.18",,"Juglans","regia","L.","","","Juglans regia L.","CHE","",,"true","","false","","20","",,"","2014-01-09 17:09:47","1285","2024-10-28 15:00:11"
"4024829","8d89e801-70a1-4069-9060-44bf44aa5641","CHE065","6.04",,"Juglans","regia","L.","","","Juglans regia L.","CHE","",,"true","","false","","20","",,"","2014-01-09 17:09:47","1285","2024-10-28 15:00:11"
"4024832","c547776c-a739-4e09-b8ce-ccd8a94cefc3","CHE065","7.04",,"Juglans","regia","L.","","","Juglans regia L.","CHE","",,"true","","false","","20","",,"","2014-01-09 17:09:48","1285","2024-10-28 14:38:11"
"4024833","2f0071a0-6dcd-4cf0-933d-63c622f130bf","CHE065","7.12",,"Juglans","regia","","","","Juglans regia","CHE","",,"true","","false","","20","",,"","2014-01-09 17:09:48","1285","2023-11-18 09:59:39"
"4024834","44de1a50-9426-47dc-b8cb-1c786c8b2f30","CHE065","7.03",,"Juglans","regia","","","","Juglans regia","CHE","",,"true","","false","","20","",,"","2014-01-09 17:09:48","1285","2023-11-18 09:59:39"
"4024836","8e919e29-cf68-44cd-b823-bd16837feef9","CHE065","7.22",,"Juglans","regia","","","","Juglans regia","CHE","",,"true","","false","","20","",,"","2014-01-09 17:09:48","1285","2023-11-18 09:59:39"
"4024838","8ec92c41-cc3c-45d0-9b74-e6739cf53d8c","CHE065","7.16",,"Juglans","regia","L.","","","Juglans regia L.","CHE","",,"true","","false","","20","",,"","2014-01-09 17:09:48","1285","2024-10-28 15:00:24"
"4024839","c9796309-a7f6-49e1-9a56-35cf6ffaf9a2","CHE065","7.09",,"Juglans","regia","","","","Juglans regia","CHE","",,"true","","false","","20","",,"","2014-01-09 17:09:48","1285","2023-11-18 09:59:39"
"4024840","e97f6944-2fda-4683-9693-67fa13dcc03e","CHE065","7.05",,"Juglans","regia","L.","","","Juglans regia L.","CHE","",,"true","","false","","20","",,"","2014-01-09 17:09:48","1285","2023-11-18 09:57:16"
"4024845","6ecf0941-64f6-4686-9233-e02affb54030","CHE065","7.13",,"Juglans","regia","L.","","","Juglans regia L.","CHE","",,"true","","false","","20","",,"","2014-01-09 17:09:48","1285","2023-11-18 09:57:15"
"4024851","cb45c8dd-ad6e-4177-9435-92d5bb5f4d18","CHE065","7.14",,"Juglans","regia","","","","Juglans regia","CHE","",,"true","","false","","20","",,"","2014-01-09 17:09:48","1285","2023-11-18 09:59:39"
"4024853","3155b1f7-22bd-4f80-9353-b35a0f2fa8a2","CHE065","7.23",,"Juglans","regia","","","","Juglans regia","CHE","",,"true","","false","","20","",,"","2014-01-09 17:09:48","1285","2023-11-18 09:59:39"
"4024856","9c3a4eea-b4f8-45d8-9e9f-19948ea8e223","CHE065","7.07",,"Juglans","regia","L.","","","Juglans regia L.","CHE","",,"true","","false","","20","",,"","2014-01-09 17:09:48","1285","2023-11-18 09:57:16"
"4024859","15c22c60-889c-4b23-9d50-465480de4b96","CHE065","7.06",,"Juglans","regia","","","","Juglans regia","CHE","",,"true","","false","","20","",,"","2014-01-09 17:09:48","1285","2023-11-18 09:59:39"
"4024860","44000d8c-04aa-4aab-8df5-b1a3b52842e6","CHE065","7.01",,"Juglans","regia","","","","Juglans regia","CHE","",,"true","","false","","20","",,"","2014-01-09 17:09:48","1285","2023-11-18 09:59:39"
"4024862","0242bb90-bd79-43a5-be0b-7681d4dcb5e1","CHE065","7.24",,"Juglans","regia","","","","Juglans regia","CHE","",,"true","","false","","20","",,"","2014-01-09 17:09:48","1285","2023-11-18 09:59:39"
"4024863","e547731b-c08d-42cc-8a9c-d406afa4df57","CHE065","7.17",,"Juglans","regia","L.","","","Juglans regia L.","CHE","",,"true","","false","","20","",,"","2014-01-09 17:09:48","1285","2024-10-28 15:00:24"
"4024865","c21532d9-aad3-405c-9ac3-920f8fac17d1","CHE065","7.19",,"Juglans","regia","","","","Juglans regia","CHE","",,"true","","false","","20","",,"","2014-01-09 17:09:48","1285","2023-11-18 09:59:39"
"4024867","0a3223ac-11bc-48ec-bfe9-3c6911a17079","CHE065","7.15",,"Juglans","regia","","","","Juglans regia","CHE","",,"true","","false","","20","",,"","2014-01-09 17:09:48","1285","2023-11-18 09:59:39"
"4024869","6f5aad81-74db-47cb-8e73-ae0522899147","CHE065","7.18",,"Juglans","regia","","","","Juglans regia","CHE","",,"true","","false","","20","",,"","2014-01-09 17:09:48","1285","2023-11-18 09:59:39"
"4024872","543d561d-51e0-4f1c-93b3-882751d9d9a6","CHE065","7.11",,"Juglans","regia","","","","Juglans regia","CHE","",,"true","","false","","20","",,"","2014-01-09 17:09:48","1285","2023-11-18 09:59:39"
"4024874","0dab84ab-fd27-4cdb-8683-73459f3de33f","CHE065","7.21",,"Juglans","regia","","","","Juglans regia","CHE","",,"true","","false","","20","",,"","2014-01-09 17:09:48","1285","2023-11-18 09:59:39"
"4024877","2780da75-fcf0-42f5-b77e-8ff8c5ab4b54","CHE065","7.02",,"Juglans","regia","L.","","","Juglans regia L.","CHE","",,"true","","false","","20","",,"","2014-01-09 17:09:48","1285","2023-11-18 09:57:16"
"4024880","ca50a3e4-be55-4b0d-9429-2f12407c8ae5","CHE065","RH-LU-26",,"Juglans","regia","L.","","","Juglans regia L.","CHE","",,"true","","false","","20","120",,"","2014-01-09 17:09:48","1285","2023-11-18 09:57:15"
"4024881","9f296e01-ac15-40a2-a778-81d42af7d5a6","CHE065","RH-LU-8",,"Juglans","regia","L.","","","Juglans regia L.","CHE","",,"true","","false","","20","120",,"","2014-01-09 17:09:48","1285","2024-10-28 15:00:11"
"4024882","548afdef-cc3f-45b7-b307-d4e6439bfe8c","CHE065","8",,"Juglans","regia","L.","","","Juglans regia L.","CHE","",,"true","","false","","20","120",,"","2014-01-09 17:09:48","1285","2024-10-28 15:00:11"
"4024883","17eb393d-ed40-4f28-8df2-16bb5937e933","CHE065","9",,"Juglans","regia","L.","","","Juglans regia L.","CHE","",,"true","","false","",,"",,"","2014-01-09 17:09:48","1285","2024-10-28 15:00:11"
"4024884","f9b29052-9430-4166-85c7-00f82b5944dc","CHE065","14",,"Juglans","regia","L.","","","Juglans regia L.","CHE","",,"true","","false","","20","120",,"","2014-01-09 17:09:48","1285","2023-11-18 09:57:14"
"4024885","541f3840-c2ba-44ba-b490-42d8a24d97f5","CHE065","RH-LU-17",,"Juglans","regia","L.","","","Juglans regia L.","CHE","",,"true","","false","","20","120",,"","2014-01-09 17:09:48","1285","2024-10-28 15:00:12"
"4024886","122be359-d0da-4ef7-8fcc-8823de86a3ec","CHE065","38",,"Juglans","regia","L.","","","Juglans regia L.","CHE","",,"true","","false","","20","120",,"","2014-01-09 17:09:48","1285","2024-10-28 15:00:11"
"4024888","aef611ad-2f91-4c6d-8ed8-dcaf9a25fafc","CHE065","23",,"Juglans","regia","L.","","","Juglans regia L.","CHE","",,"true","","false","","20","120",,"","2014-01-09 17:09:48","1285","2023-11-18 09:57:15"
"4024889","96f0e550-850b-4af1-a64e-1e6739ee3bc4","CHE065","4",,"Juglans","regia","L.","","","Juglans regia L.","CHE","",,"true","","false","","20","120",,"","2014-01-09 17:09:48","1285","2024-10-28 15:00:12"
"4024890","a858b5b3-c11d-4062-ad14-ae8d4d61d66d","CHE065","34",,"Juglans","regia","L.","","","Juglans regia L.","CHE","",,"true","","false","","20","120",,"","2014-01-09 17:09:48","1285","2024-10-28 15:00:12"
"4024891","41a13ba8-8fe1-4c2a-a5a4-a5328878100d","CHE065","RH-LU-19",,"Juglans","regia","L.","","","Juglans regia L.","CHE","",,"true","","false","","20","120",,"","2014-01-09 17:09:48","1285","2024-10-28 15:00:12"
"4024893","cf5081d2-89bc-4c34-86a3-9bd882f8c63f","CHE065","RH-LU-3",,"Juglans","regia","L.","","","Juglans regia L.","CHE","",,"true","","false","","20","120",,"","2014-01-09 17:09:48","1285","2023-11-18 09:57:14"
"4024894","233198eb-5c1a-4056-a76c-4c047b14a8ae","CHE065","RH-LU-9",,"Juglans","regia","L.","","","Juglans regia L.","CHE","",,"true","","false","","20","120",,"","2014-01-09 17:09:48","1285","2023-11-18 09:57:13"
"4024895","a4f253e0-2ff9-4c57-ad5c-88ff10346254","CHE065","RH-LU-1",,"Juglans","regia","L.","","","Juglans regia L.","CHE","",,"true","","false","","20","120",,"","2014-01-09 17:09:48","1285","2023-11-18 09:57:14"
"4024897","8b7d68f3-b274-472f-b21d-e497f0bbad3a","CHE065","39",,"Juglans","regia","L.","","","Juglans regia L.","CHE","",,"true","","false","","20","120",,"","2014-01-09 17:09:48","1285","2024-10-28 15:00:11"
"4024898","e9bb42c9-599e-49ff-be12-0c015d2dbd9c","CHE065","32",,"Juglans","regia","L.","","","Juglans regia L.","CHE","",,"true","","false","","20","120",,"","2014-01-09 17:09:48","1285","2024-10-28 15:00:12"
"4024901","2500e7f2-541c-48b7-8864-01a1c2174f4f","CHE065","RH-LU-16",,"Juglans","regia","L.","","","Juglans regia L.","CHE","",,"true","","false","","20","120",,"","2014-01-09 17:09:48","1285","2023-11-18 09:57:14"
"4024902","6990e6d2-a88e-4acb-b719-eaaa6c906152","CHE065","54",,"Juglans","regia","L.","","","Juglans regia L.","CHE","",,"true","","false","","20","120",,"","2014-01-09 17:09:48","1285","2024-10-28 15:00:11"
"4024903","d1f596df-6176-4927-a876-ff0b56f7b8c1","CHE065","47",,"Juglans","regia","L.","","","Juglans regia L.","CHE","",,"true","","false","","20","120",,"","2014-01-09 17:09:48","1285","2023-11-18 09:57:14"
"4024904","572dfce9-61f2-4139-989d-94146181f13c","CHE065","RH-LU-21",,"Juglans","regia","L.","","","Juglans regia L.","CHE","",,"true","","false","","20","120",,"","2014-01-09 17:09:48","1285","2023-11-18 09:57:13"
"4024905","eb03bbd5-31cd-4d28-ae60-b00c5128f4a7","CHE065","RH-LU-28",,"Juglans","regia","L.","","","Juglans regia L.","CHE","",,"true","","false","","20","120",,"","2014-01-09 17:09:48","1285","2023-11-18 09:57:13"
"4024906","50c7a61b-94ce-4d22-a364-b1dc6acd24d7","CHE065","45",,"Juglans","regia","L.","","","Juglans regia L.","CHE","",,"true","","false","","20","120",,"","2014-01-09 17:09:48","1285","2024-10-28 15:00:12"
"4024907","d5e8318f-6c6c-4e0e-8faf-39ea74856538","CHE065","41",,"Juglans","regia","L.","","","Juglans regia L.","CHE","",,"true","","false","","20","120",,"","2014-01-09 17:09:48","1285","2023-11-18 09:57:14"
"4024908","b96cd884-b520-4709-ae7a-37cbc528f961","CHE065","RH-LU-22",,"Juglans","regia","L.","","","Juglans regia L.","CHE","",,"true","","false","","20","120",,"","2014-01-09 17:09:48","1285","2023-11-18 09:57:13"
"4024910","9b6db339-ef70-4e15-ac79-9175003f46c2","CHE065","33",,"Juglans","regia","L.","","","Juglans regia L.","CHE","",,"true","","false","","20","120",,"","2014-01-09 17:09:48","1285","2023-11-18 09:57:13"
"4024911","59f77591-c73f-43cd-ad9e-3aa562703fcb","CHE065","22",,"Juglans","regia","L.","","","Juglans regia L.","CHE","",,"true","","false","","20","120",,"","2014-01-09 17:09:48","1285","2024-10-28 15:00:12"
"4024912","4af96995-0d36-4a27-bebd-03ed2f0bc7c3","CHE065","20",,"Juglans","regia","L.","","","Juglans regia L.","CHE","",,"true","","false","","20","120",,"","2014-01-09 17:09:48","1285","2024-10-28 15:00:12"
"4024913","35533630-ceb8-4041-a751-bbfae6479e70","CHE065","43",,"Juglans","regia","L.","","","Juglans regia L.","CHE","",,"true","","false","","20","120",,"","2014-01-09 17:09:48","1285","2023-11-18 09:57:13"
"4024914","8afdb68f-4031-4d05-8b6b-42e1cfe9f8f9","CHE065","16",,"Juglans","regia","L.","","","Juglans regia L.","CHE","",,"true","","false","","20","120",,"","2014-01-09 17:09:48","1285","2024-10-28 15:00:12"
"4024915","3ed45c29-d961-4223-9f77-653486008461","CHE065","RH-LU-6",,"Juglans","regia","L.","","","Juglans regia L.","CHE","",,"true","","false","","20","120",,"","2014-01-09 17:09:48","1285","2024-10-28 15:00:12"
"4024916","0638089a-44bf-4af1-a141-af46f93358cd","CHE065","15",,"Juglans","regia","L.","","","Juglans regia L.","CHE","",,"true","","false","","20","120",,"","2014-01-09 17:09:48","1285","2023-11-18 09:57:14"
"4024917","3625b106-a01f-474b-828d-8dc840d4c146","CHE065","RH-LU-20",,"Juglans","regia","L.","","","Juglans regia L.","CHE","",,"true","","false","","20","120",,"","2014-01-09 17:09:48","1285","2024-10-28 15:00:12"
"4024918","12449e26-5a04-474e-a9b6-2938a9555d8b","CHE065","46",,"Juglans","regia","L.","","","Juglans regia L.","CHE","",,"true","","false","","20","120",,"","2014-01-09 17:09:48","1285","2024-10-28 15:00:11"
"4024919","e4bc59f9-45cc-4dea-b6aa-2d899a7583a0","CHE065","10",,"Juglans","regia","L.","","","Juglans regia L.","CHE","",,"true","","false","","20","120",,"","2014-01-09 17:09:48","1285","2024-10-28 15:00:11"
"4024920","eb2a7d14-aa3f-4541-9278-0044d2a186d1","CHE065","RH-LU-7",,"Juglans","regia","L.","","","Juglans regia L.","CHE","",,"true","","false","","20","120",,"","2014-01-09 17:09:48","1285","2024-10-28 15:00:11"
"4024921","cd6f2b96-d1f6-434e-b673-1f3287184cdb","CHE065","RH-LU-29",,"Juglans","regia","L.","","","Juglans regia L.","CHE","",,"false","","false","","20","120",,"","2014-01-09 17:09:48","1285","2024-10-28 15:00:11"
"4024923","de3509ac-63ee-42f5-b1f6-bcc1810563a1","CHE065","40",,"Juglans","regia","L.","","","Juglans regia L.","CHE","",,"true","","false","","20","120",,"","2014-01-09 17:09:48","1285","2024-10-28 15:00:12"
"4024924","e1348fd2-9722-4a00-9f4a-b2ad021294f9","CHE065","2",,"Juglans","regia","L.","","","Juglans regia L.","CHE","",,"true","","false","","20","120",,"","2014-01-09 17:09:48","1285","2024-10-28 15:00:12"
"4024926","17f40dda-e670-4731-902a-e69c10cf4888","CHE065","6",,"Juglans","regia","L.","","","Juglans regia L.","CHE","",,"true","","false","","20","120",,"","2014-01-09 17:09:48","1285","2023-11-18 09:57:13"
"4024927","b635f0ff-5843-4879-a3c0-79b412ea1a29","CHE065","RH-LU-18",,"Juglans","regia","L.","","","Juglans regia L.","CHE","",,"true","","false","","20","120",,"","2014-01-09 17:09:48","1285","2024-10-28 15:00:11"
"4024928","591fd200-4424-4164-9da3-166c47e8f0d7","CHE065","3",,"Juglans","regia","L.","","","Juglans regia L.","CHE","",,"true","","false","","20","120",,"","2014-01-09 17:09:48","1285","2024-10-28 15:00:12"
"4024929","07b4c353-7526-46a7-b92d-ff8a2b15cc54","CHE065","19",,"Juglans","regia","L.","","","Juglans regia L.","CHE","",,"true","","false","","20","120",,"","2014-01-09 17:09:48","1285","2023-11-18 09:57:15"
"4024930","926b3568-8d28-46a4-a1e1-df75c81d151f","CHE065","RH-LU-24",,"Juglans","regia","L.","","","Juglans regia L.","CHE","",,"true","","false","","20","120",,"","2014-01-09 17:09:49","1285","2024-10-28 14:38:12"
"4024931","386fe2e1-20f8-4ffa-a7ed-1743feaa2d39","CHE065","RH-LU-32",,"Juglans","regia","L.","","","Juglans regia L.","CHE","",,"true","","false","","20","120",,"","2014-01-09 17:09:49","1285","2024-10-28 14:38:23"
"4024932","3786be23-e1a5-4d17-8787-3c283889fb15","CHE065","49",,"Juglans","regia","L.","","","Juglans regia L.","CHE","",,"true","","false","","20","120",,"","2014-01-09 17:09:49","1285","2024-10-28 14:38:12"
"4024933","45f27008-a6c7-45c9-a52d-ee847a2ed16d","CHE065","28",,"Juglans","regia","L.","","","Juglans regia L.",,"",,"true","","false","","20","300",,"","2014-01-09 17:09:49","1285","2024-10-28 14:38:11"
"4024934","cef717ac-6a21-43fb-95f0-71e0b4129855","CHE065","17",,"Juglans","regia","L.","","","Juglans regia L.","CHE","",,"true","","false","","20","120",,"","2014-01-09 17:09:49","1285","2024-10-28 14:38:12"
"4024935","0baa70af-faff-451c-9d36-f97de2886f63","CHE065","11",,"Juglans","regia","L.","","","Juglans regia L.","CHE","",,"true","","false","","20","120",,"","2014-01-09 17:09:49","1285","2023-11-18 09:57:19"
"4024936","f461ea90-d348-4f7b-8ada-1cc3a68b6e09","CHE065","31",,"Juglans","regia","L.","","","Juglans regia L.",,"",,"true","","false","","20","400",,"","2014-01-09 17:09:49","1285","2024-10-28 14:38:11"
"4024937","b2f3fd5c-f0e1-4b83-94e8-7882a94d9448","CHE065","RH-LU-34",,"Juglans","regia","L.","","","Juglans regia L.","CHE","",,"true","","false","","20","120",,"","2014-01-09 17:09:49","1285","2023-11-18 09:57:17"
"4024938","51db6773-85da-4f54-a483-37d467881e7a","CHE065","RH-LU-12",,"Juglans","regia","L.","","","Juglans regia L.","CHE","",,"true","","false","","20","120",,"","2014-01-09 17:09:49","1285","2024-10-28 14:38:12"
"4024939","fbcb9964-cfd6-48d4-8429-cbe8bee1999a","CHE065","51",,"Juglans","regia","L.","","","Juglans regia L.","CHE","",,"true","","false","","20","120",,"","2014-01-09 17:09:49","1285","2023-11-18 09:57:16"
"4024940","46e2bac0-f678-445e-bb3d-b484c6b1cb92","CHE065","RH-LU-10",,"Juglans","regia","L.","","","Juglans regia L.","CHE","",,"true","","false","","20","120",,"","2014-01-09 17:09:49","1285","2023-11-18 09:57:19"
"4024941","aa565edf-8713-4c17-9c13-0db4c6c1b54a","CHE065","RH-LU-23",,"Juglans","regia","L.","","","Juglans regia L.","CHE","",,"true","","false","","20","120",,"","2014-01-09 17:09:49","1285","2023-11-18 09:57:17"
"4024942","cba06fc8-9218-4af1-a50a-a551afc7522b","CHE065","RH-LU-15",,"Juglans","regia","L.","","","Juglans regia L.","CHE","",,"true","","false","","20","120",,"","2014-01-09 17:09:49","1285","2024-10-28 14:38:12"
"4024943","0458f2aa-78f7-423a-95af-e142828a7a38","CHE065","57",,"Juglans","regia","L.","","","Juglans regia L.","CHE","",,"true","","false","","20","120",,"","2014-01-09 17:09:49","1285","2024-10-28 14:38:12"
"4024944","20a7cc26-1529-4d03-bf5c-eb467d3d9667","CHE065","RH-LU-14",,"Juglans","regia","L.","","","Juglans regia L.","CHE","",,"true","","false","","20","120",,"","2014-01-09 17:09:49","1285","2024-10-28 14:38:12"
"4024945","b58d6b93-74ce-4119-bcf8-f60b7d699cdc","CHE065","50",,"Juglans","regia","L.","","","Juglans regia L.","CHE","",,"true","","false","","20","120",,"","2014-01-09 17:09:49","1285","2023-11-18 09:57:13"
"4024946","b3c2af56-99d0-473c-aca8-2bba505a75ab","CHE065","RH-LU-30",,"Juglans","regia","L.","","","Juglans regia L.","CHE","",,"false","","false","","20","120",,"","2014-01-09 17:09:49","1285","2024-10-28 14:38:12"
"4024947","5b4435d6-f68d-454d-84f8-d299db8384bd","CHE065","RH-LU-13",,"Juglans","regia","L.","","","Juglans regia L.","CHE","",,"true","","false","","20","120",,"","2014-01-09 17:09:49","1285","2023-11-18 09:57:19"
"4024948","76ea9a46-01fd-4c15-a0d8-09974fe10358","CHE065","21",,"Juglans","regia","L.","","","Juglans regia L.","CHE","",,"true","","false","","20","120",,"","2014-01-09 17:09:49","1285","2024-10-28 14:38:11"
"4024949","647c8d2c-fa16-4614-bbbd-4cbcbe754581","CHE065","53",,"Juglans","regia","L.","","","Juglans regia L.","CHE","",,"true","","false","","20","120",,"","2014-01-09 17:09:49","1285","2023-11-18 09:57:17"
"4024950","c7a19586-4069-4023-858b-66b8fc35a78a","CHE065","RH-LU-27",,"Juglans","regia","L.","","","Juglans regia L.","CHE","",,"true","","false","","20","120",,"","2014-01-09 17:09:49","1285","2024-10-28 14:38:12"
"4024951","ae44c252-dec7-44f8-a88d-79b2b506d227","CHE065","59",,"Juglans","regia","L.","","","Juglans regia L.","CHE","",,"true","","false","","20","120",,"","2014-01-09 17:09:49","1285","2024-10-28 14:38:12"
"4024952","2112b86d-8dc9-4d18-bdb5-ecaff279dda0","CHE065","35",,"Juglans","regia","L.","","","Juglans regia L.","CHE","",,"true","","false","","20","120",,"","2014-01-09 17:09:49","1285","2023-11-18 09:57:17"
"4024953","138574dc-e47c-431e-a065-71b581c85347","CHE065","18",,"Juglans","regia","L.","","","Juglans regia L.","CHE","",,"true","","false","","20","120",,"","2014-01-09 17:09:49","1285","2023-11-18 09:57:13"
"4024954","71c370f4-3759-44dc-931f-5ce8bf090cb4","CHE065","13",,"Juglans","regia","L.","","","Juglans regia L.","CHE","",,"true","","false","","20","120",,"","2014-01-09 17:09:49","1285","2024-10-28 14:38:12"
"4024955","b13f89fd-22b9-4ca7-a827-796ab2cd4c89","CHE065","1",,"Juglans","regia","L.","","","Juglans regia L.","CHE","",,"true","","false","","20","120",,"","2014-01-09 17:09:49","1285","2023-11-18 09:57:17"
"4024956","4650bd1f-263c-4517-bc97-310deefbb42a","CHE065","55",,"Juglans","regia","L.","","","Juglans regia L.","CHE","",,"true","","false","","20","120",,"","2014-01-09 17:09:49","1285","2024-10-28 14:38:12"
"4024957","b1e8fe79-4718-4148-b4d5-ebc12d86d339","CHE065","42",,"Juglans","regia","L.","","","Juglans regia L.","CHE","",,"true","","false","","20","120",,"","2014-01-09 17:09:49","1285","2024-10-28 14:38:12"
"4024958","8b641c6d-53e6-4c9f-bbde-6fbae9ca11ff","CHE065","58",,"Juglans","regia","L.","","","Juglans regia L.","CHE","",,"true","","false","","20","120",,"","2014-01-09 17:09:49","1285","2024-10-28 14:38:12"
"4024959","7533f667-2d83-40fe-9c61-100896f55f2b","CHE065","RH-LU-33",,"Juglans","regia","L.","","","Juglans regia L.","CHE","",,"true","","false","","20","300",,"","2014-01-09 17:09:49","1285","2024-10-28 14:38:12"
"4024960","748d2048-25c7-420a-9dd6-7496301ca3c7","CHE065","RH-LU-25",,"Juglans","regia","L.","","","Juglans regia L.","CHE","",,"false","","false","","20","120",,"","2014-01-09 17:09:49","1285","2024-10-28 14:38:11"
"4024961","4ebe8a86-4e35-41d6-b84e-a393bb9cdd58","CHE065","27",,"Juglans","regia","L.","","","Juglans regia L.","CHE","",,"true","","false","","20","120",,"","2014-01-09 17:09:49","1285","2023-11-18 09:57:14"
"4024962","143ae190-010f-4cb2-ac9a-571cde7d9dd4","CHE065","7",,"Juglans","regia","L.","","","Juglans regia L.","CHE","",,"true","","false","","20","300",,"","2014-01-09 17:09:49","1285","2023-11-18 09:57:19"
"4024963","ff642475-655a-4785-ab0a-49507e310c96","CHE065","RH-LU-11",,"Juglans","regia","L.","","","Juglans regia L.","CHE","",,"true","","false","","20","120",,"","2014-01-09 17:09:49","1285","2024-10-28 15:00:11"
"4024964","9eb39261-e235-4d41-8a25-91ab77d65898","CHE065","56",,"Juglans","regia","L.","","","Juglans regia L.","CHE","",,"true","","false","","20","120",,"","2014-01-09 17:09:49","1285","2023-11-18 09:57:14"
"4024965","e597fca0-e3d7-4327-a074-4ad9a7443990","CHE065","24",,"Juglans","regia","L.","","","Juglans regia L.","CHE","",,"true","","false","","20","120",,"","2014-01-09 17:09:49","1285","2023-11-18 09:57:17"
"4024966","1fabcf66-e7b5-4932-b9b5-ced7c120181c","CHE065","RH-LU-5",,"Juglans","regia","L.","","","Juglans regia L.","CHE","",,"true","","false","","20","120",,"","2014-01-09 17:09:49","1285","2024-10-28 14:38:12"
"4024967","e3736b06-40ae-46b4-80da-79a24002962b","CHE065","5",,"Juglans","regia","L.","","","Juglans regia L.","CHE","",,"true","","false","","20","120",,"","2014-01-09 17:09:49","1285","2024-10-28 14:38:12"
"4024968","d5a42e04-3b4d-40ba-9c55-fd817b7048b3","CHE065","44",,"Juglans","regia","L.","","","Juglans regia L.",,"",,"true","","false","","20","300",,"","2014-01-09 17:09:49","1285","2024-10-28 14:38:11"
"4024969","771048ef-bdce-4481-b925-b1d0e72c6c6c","CHE065","12",,"Juglans","regia","L.","","","Juglans regia L.",,"",,"true","","false","","20","300",,"","2014-01-09 17:09:49","1285","2024-10-28 14:38:11"
"4024970","99e8a122-4aeb-4103-b0a1-acdc37b85cd3","CHE065","36",,"Juglans","regia","L.","","","Juglans regia L.","CHE","",,"true","","false","","20","120",,"","2014-01-09 17:09:49","1285","2024-10-28 14:38:12"
"4024971","f38c0e6b-0f1c-456a-8af4-7520b79b0de9","CHE065","RH-LU-2",,"Juglans","regia","L.","","","Juglans regia L.","CHE","",,"true","","false","","20","120",,"","2014-01-09 17:09:49","1285","2023-11-18 09:57:19"
"4024972","00d1571f-78b1-4464-bc58-69ba1275917a","CHE065","48",,"Juglans","regia","L.","","","Juglans regia L.","CHE","",,"true","","false","","20","120",,"","2014-01-09 17:09:49","1285","2024-10-28 14:38:12"
"4024973","557604f5-f1d7-47ae-96f1-8ee295e4eb17","CHE065","26",,"Juglans","regia","L.","","","Juglans regia L.","CHE","",,"true","","false","","20","120",,"","2014-01-09 17:09:49","1285","2023-11-18 09:57:19"
"4024974","1103de1d-add6-4553-aa4b-be2900e2cfc6","CHE065","52",,"Juglans","regia","L.","","","Juglans regia L.","CHE","",,"true","","false","","20","120",,"","2014-01-09 17:09:49","1285","2023-11-18 09:57:19"
"4024975","a0937335-5889-4f7f-bb22-3ddc6628f93f","CHE065","37",,"Juglans","regia","L.","","","Juglans regia L.","CHE","",,"true","","false","","20","120",,"","2014-01-09 17:09:49","1285","2024-10-28 14:38:11"
"4024976","0346a945-a1e5-45c5-a7b0-a4837461c8f0","CHE065","25",,"Juglans","regia","L.","","","Juglans regia L.","CHE","",,"true","","false","","20","120",,"","2014-01-09 17:09:49","1285","2024-10-28 14:38:12"
"4024977","dc1ab913-66c8-4d5b-9dd8-da5fb14a6a85","CHE065","29",,"Juglans","regia","","","","Juglans regia",,"",,"true","","false","","20","300",,"","2014-01-09 17:09:49","1285","2023-11-18 09:59:50"
"4024978","630625f6-f9b5-4bac-b01d-7e2910bfd583","CHE065","RH-LU-31",,"Juglans","regia","L.","","","Juglans regia L.","CHE","",,"false","","false","","20","120",,"","2014-01-09 17:09:49","1285","2024-10-28 14:38:12"
"4024979","920c333c-a3f3-4783-87f9-81de03a09db8","CHE065","60",,"Juglans","regia","L.","","","Juglans regia L.","CHE","","20130000","true","","false","","20","",,"","2014-01-09 17:09:49","1285","2024-10-28 14:38:11"
"4024980","3f70241f-63c7-49be-b7ab-a7ec87250e59","CHE065","190-01",,"Juglans","regia","L.","","","Juglans regia L.","CHE","",,"false","","false","",,"120",,"","2014-01-09 17:09:49","1285","2024-10-28 15:00:12"
"4024981","7a36fce2-5ede-4bda-96b9-c9f7d857f8ff","CHE065","390-02",,"Juglans","regia","L.","","","Juglans regia L.","CHE","",,"true","","false","","20","120",,"","2014-01-09 17:09:49","1285","2023-11-18 09:57:14"
"4024982","4b9514cc-f6d9-4c9c-833e-260ce62d6bba","CHE065","472-01",,"Juglans","regia","L.","","","Juglans regia L.","CHE","",,"false","","false","",,"120",,"","2014-01-09 17:09:49","1285","2024-10-28 15:00:24"
"4024983","354d4621-64dc-4109-98ff-fd24e5bfc047","CHE065","612-01",,"Juglans","regia","L.","","","Juglans regia L.","CHE","",,"true","","false","","20","120",,"","2014-01-09 17:09:49","1285","2024-10-28 15:00:24"
"4024984","6a111df9-a750-4492-99d0-60a4518d30a8","CHE065","024-01",,"Juglans","regia","L.","","","Juglans regia L.","CHE","",,"true","","false","","20","120",,"","2014-01-09 17:09:49","1285","2024-10-28 15:00:12"
"4024985","1aeaa6e8-0d4a-4455-819e-ad6bd10ff205","CHE065","439-01",,"Juglans","regia","L.","","","Juglans regia L.","CHE","",,"false","","false","",,"120",,"","2014-01-09 17:09:49","1285","2023-11-18 09:57:15"
"4024986","b30147c9-fd80-4bff-89ec-186c57dbd0fa","CHE065","488-01",,"Juglans","regia","L.","","","Juglans regia L.","CHE","",,"false","","false","",,"120",,"","2014-01-09 17:09:49","1285","2024-10-28 15:00:24"
"4024987","42134115-56ef-4536-ad6a-352979837441","CHE065","494-01",,"Juglans","regia","L.","","","Juglans regia L.","CHE","",,"true","","false","","20","120",,"","2014-01-09 17:09:49","1285","2023-11-18 09:57:15"
"4024988","6581b258-eba2-40bc-85b7-7c04aee23300","CHE065","170-01",,"Juglans","regia","L.","","","Juglans regia L.","CHE","",,"false","","false","",,"120",,"","2014-01-09 17:09:49","1285","2023-11-18 09:57:14"
"4024989","25899aee-67ee-45ac-8565-0385d97821e1","CHE065","150-02",,"Juglans","regia","L.","","","Juglans regia L.","CHE","",,"false","","false","",,"120",,"","2014-01-09 17:09:49","1285","2024-10-28 15:00:12"
"4024990","144dca88-d6a8-4380-a6fc-a81cb35ed48f","CHE065","591-01",,"Juglans","regia","L.","","","Juglans regia L.","CHE","",,"false","","false","",,"120",,"","2014-01-09 17:09:49","1285","2024-10-28 15:00:24"
"4024991","89c51ae8-0922-447f-83ed-2bff863bac46","CHE065","153-01",,"Juglans","regia","L.","","","Juglans regia L.","CHE","",,"false","","false","",,"120",,"","2014-01-09 17:09:49","1285","2024-10-28 15:00:12"
"4024992","a850b7a2-91eb-4e7a-8b86-60d7e98662aa","CHE065","429-01",,"Juglans","regia","L.","","","Juglans regia L.","CHE","",,"false","","false","",,"120",,"","2014-01-09 17:09:49","1285","2023-11-18 09:57:13"
"4024993","8bb22d32-05ff-406b-a38f-ba8ee72cf4ee","CHE065","497-01",,"Juglans","regia","L.","","","Juglans regia L.","CHE","",,"true","","false","","20","120",,"","2014-01-09 17:09:49","1285","2024-10-28 15:00:24"
"4024994","ce9fc50e-5b2d-4dc7-ad73-1672c001a806","CHE065","601-01",,"Juglans","regia","L.","","","Juglans regia L.","CHE","",,"false","","false","",,"120",,"","2014-01-09 17:09:49","1285","2024-10-28 15:00:24"
"4024995","aabe05db-0e46-49b5-a049-fa03a429b44d","CHE065","661-01",,"Juglans","regia","L.","","","Juglans regia L.","CHE","",,"false","","false","",,"120",,"","2014-01-09 17:09:49","1285","2024-10-28 15:00:12"
"4024996","bcd87cbf-6d76-42f0-91e7-9ddb1d572a97","CHE065","418-01",,"Juglans","regia","L.","","","Juglans regia L.","CHE","",,"false","","false","",,"120",,"","2014-01-09 17:09:49","1285","2024-10-28 15:00:12"
"4024997","ffe595ef-2f76-4788-8804-828a6eaa4547","CHE065","579-01",,"Juglans","regia","L.","","","Juglans regia L.","CHE","",,"false","","false","",,"120",,"","2014-01-09 17:09:49","1285","2023-11-18 09:57:15"
"4024998","4b5b503f-6de5-4436-b163-3aabe1883386","CHE065","487-01",,"Juglans","regia","L.","","","Juglans regia L.","CHE","",,"false","","false","",,"120",,"","2014-01-09 17:09:49","1285","2024-10-28 15:00:24"
"4024999","7f0c5334-8e5e-4d28-883c-66969f0545b5","CHE065","591-02",,"Juglans","regia","L.","","","Juglans regia L.","CHE","",,"true","","false","","20","120",,"","2014-01-09 17:09:49","1285","2024-10-28 15:00:24"
"4025000","38ebc49f-6df4-489a-9894-03f76518b907","CHE065","494-02",,"Juglans","regia","L.","","","Juglans regia L.","CHE","",,"false","","false","",,"120",,"","2014-01-09 17:09:49","1285","2023-11-18 09:57:15"
"4025001","ee556e24-c6f8-403f-a99b-8ba549c57d7e","CHE065","179-01",,"Juglans","regia","L.","","","Juglans regia L.","CHE","",,"false","","false","",,"120",,"","2014-01-09 17:09:49","1285","2024-10-28 15:00:12"
"4025002","efdce37f-b075-4341-9b64-c3064b7a4f3e","CHE065","580-01",,"Juglans","regia","L.","","","Juglans regia L.","CHE","",,"false","","false","",,"120",,"","2014-01-09 17:09:49","1285","2024-10-28 15:00:12"
"4025003","915380b7-1a03-4830-8d2f-55c3fc57a285","CHE065","629-01",,"Juglans","regia","L.","","","Juglans regia L.","CHE","",,"false","","false","",,"120",,"","2014-01-09 17:09:49","1285","2024-10-28 15:00:12"
"4025004","13305f9d-8d26-4fb1-8ee3-cfb351e44ca3","CHE065","614-01",,"Juglans","regia","L.","","","Juglans regia L.","CHE","",,"true","","false","","20","120",,"","2014-01-09 17:09:49","1285","2024-10-28 15:00:24"
"4025005","fbec3ea5-cbd2-4470-bfbc-1eb9970ff7b6","CHE065","160-01",,"Juglans","regia","L.","","","Juglans regia L.","CHE","",,"true","","false","","20","120",,"","2014-01-09 17:09:49","1285","2023-11-18 09:57:14"
"4025006","d830c8b3-d2bc-461e-a28e-cacd8ed3839f","CHE065","414-01",,"Juglans","regia","L.","","","Juglans regia L.","CHE","",,"false","","false","",,"120",,"","2014-01-09 17:09:49","1285","2024-10-28 15:00:12"
"4025007","19018d19-be67-4265-ad15-ac76e1156c5b","CHE065","420-02",,"Juglans","regia","L.","","","Juglans regia L.","CHE","",,"true","","false","","20","120",,"","2014-01-09 17:09:49","1285","2023-11-18 09:57:13"
"4025008","4760354c-62bf-4fc0-9ecd-dcbe3734861d","CHE065","487-02",,"Juglans","regia","L.","","","Juglans regia L.","CHE","",,"true","","false","","20","120",,"","2014-01-09 17:09:49","1285","2024-10-28 15:00:24"
"4025009","fae9b19f-9854-4307-8136-9e1a5dfb9b59","CHE065","664-01",,"Juglans","regia","L.","","","Juglans regia L.","CHE","",,"false","","false","",,"120",,"","2014-01-09 17:09:49","1285","2024-10-28 15:00:12"
"4025010","6b992eb0-f81f-4087-abcd-caac6bc370d8","CHE065","506-01",,"Juglans","regia","L.","","","Juglans regia L.","CHE","",,"true","","false","","20","120",,"","2014-01-09 17:09:49","1285","2024-10-28 15:00:24"
"4025011","1b19b956-8ca9-4e3b-8dab-acaec97027eb","CHE065","641-02",,"Juglans","regia","L.","","","Juglans regia L.","CHE","",,"false","","false","",,"120",,"","2014-01-09 17:09:49","1285","2024-10-28 15:00:12"
"4025012","2b88e386-2c76-45ea-82bf-062d636d90bf","CHE065","048-01",,"Juglans","regia","L.","","","Juglans regia L.","CHE","",,"false","","false","",,"120",,"","2014-01-09 17:09:49","1285","2023-11-18 09:57:14"
"4025013","5c3ca9a6-84b4-4c03-aa62-0aefcdb41f60","CHE065","186-01",,"Juglans","regia","L.","","","Juglans regia L.","CHE","",,"true","","false","","20","120",,"","2014-01-09 17:09:49","1285","2023-11-18 09:57:14"
"4025014","a18b17e5-522d-46d4-a0d1-bb19fbef02d5","CHE065","440-02",,"Juglans","regia","L.","","","Juglans regia L.","CHE","",,"true","","false","","20","120",,"","2014-01-09 17:09:49","1285","2024-10-28 15:00:24"
"4025015","f1e97eac-e2a6-473d-82e3-fe24d11555ec","CHE065","468-01",,"Juglans","regia","L.","","","Juglans regia L.","CHE","",,"true","","false","","20","120",,"","2014-01-09 17:09:49","1285","2024-10-28 15:00:24"
"4025016","bf3b031f-91b5-4934-bede-2ba5f0b63586","CHE065","420-01",,"Juglans","regia","L.","","","Juglans regia L.","CHE","",,"false","","false","",,"120",,"","2014-01-09 17:09:49","1285","2023-11-18 09:57:14"
"4025017","e03675e0-e710-42cc-8db3-20c43aeef805","CHE065","662-01",,"Juglans","regia","L.","","","Juglans regia L.","CHE","",,"false","","false","",,"120",,"","2014-01-09 17:09:49","1285","2024-10-28 15:00:12"
"4025018","2c830985-9419-4236-8bc8-8bbfde224236","CHE065","641-01",,"Juglans","regia","L.","","","Juglans regia L.","CHE","",,"false","","false","",,"120",,"","2014-01-09 17:09:49","1285","2024-10-28 15:00:12"
"4025019","e0645b22-a596-4f1a-afb5-dbd8c3f34280","CHE065","638-01",,"Juglans","regia","L.","","","Juglans regia L.","CHE","",,"true","","false","","20","120",,"","2014-01-09 17:09:49","1285","2024-10-28 15:00:12"
"4025020","d69a60da-891c-466b-870f-a445e25e67fe","CHE065","612-02",,"Juglans","regia","L.","","","Juglans regia L.","CHE","",,"false","","false","",,"120",,"","2014-01-09 17:09:49","1285","2024-10-28 15:00:24"
"4025021","ccf3b8c1-088d-4b20-b6b8-ecb451b1321c","CHE065","390-01",,"Juglans","regia","L.","","","Juglans regia L.","CHE","",,"false","","false","",,"120",,"","2014-01-09 17:09:49","1285","2024-10-28 15:00:12"
"4025022","01d51382-716d-47d6-b638-d14a1079e362","CHE065","506-02",,"Juglans","regia","L.","","","Juglans regia L.","CHE","",,"false","","false","",,"120",,"","2014-01-09 17:09:49","1285","2023-11-18 09:57:15"
"4025023","a64e9860-1987-47c1-9966-5890ce95d51e","CHE065","601-02",,"Juglans","regia","L.","","","Juglans regia L.","CHE","",,"false","","false","",,"120",,"","2014-01-09 17:09:49","1285","2024-10-28 15:00:24"
"4025024","93f35b85-2654-4f17-a20c-8a432ebaa872","CHE065","671-02",,"Juglans","regia","L.","","","Juglans regia L.","CHE","",,"false","","false","",,"120",,"","2014-01-09 17:09:49","1285","2024-10-28 15:00:12"
"4025025","4ed94b52-b4f0-4aa8-b23c-2e4aee61d938","CHE065","440-01",,"Juglans","regia","L.","","","Juglans regia L.","CHE","",,"false","","false","",,"120",,"","2014-01-09 17:09:49","1285","2024-10-28 15:00:12"
"4025026","a637bbf8-3ccc-4d0c-9dc1-ff2323222ce8","CHE065","150-01",,"Juglans","regia","L.","","","Juglans regia L.","CHE","",,"true","","false","","20","120",,"","2014-01-09 17:09:49","1285","2023-11-18 09:57:14"
"4025027","a615db51-fe26-43a1-9449-17c28f4eaf40","CHE065","671-01",,"Juglans","regia","L.","","","Juglans regia L.","CHE","",,"false","","false","",,"120",,"","2014-01-09 17:09:49","1285","2024-10-28 15:00:12"
"4025028","89947d2f-e21b-407a-96a8-fa5991edc63e","CHE065","638-02",,"Juglans","regia","L.","","","Juglans regia L.","CHE","",,"false","","false","",,"120",,"","2014-01-09 17:09:49","1285","2024-10-28 15:00:12"
"4025029","393a173a-5f33-477d-ad6c-5d2e3b777851","CHE065","629-02",,"Juglans","regia","L.","","","Juglans regia L.","CHE","",,"false","","false","","20","120",,"","2014-01-09 17:09:49","1285","2024-10-28 15:00:12"
"4025030","85eddce1-57ec-445f-9628-43c4fa819f20","CHE065","382-01",,"Juglans","regia","L.","","","Juglans regia L.","CHE","",,"false","","false","",,"120",,"","2014-01-09 17:09:49","1285","2024-10-28 14:38:23"
"4025031","9b88721b-ebd1-4ef2-9251-68fc6e4f69ec","CHE065","172-01",,"Juglans","regia","L.","","","Juglans regia L.","CHE","",,"false","","false","",,"120",,"","2014-01-09 17:09:49","1285","2023-11-18 09:57:14"
"4025032","62eafcff-9197-4433-8435-0af28dcf573f","CHE065","084-01",,"Juglans","regia","L.","","","Juglans regia L.","CHE","",,"false","","false","",,"120",,"","2014-01-09 17:09:49","1285","2023-11-18 09:57:15"
"4025033","35468fd7-54d1-4ff6-a239-8899a6edf625","CHE065","127-01",,"Juglans","regia","L.","","","Juglans regia L.","CHE","",,"true","","false","","20","120",,"","2014-01-09 17:09:49","1285","2023-11-18 09:57:13"
"4025034","bfa1b83b-c69f-4758-a445-88d7431aa67c","CHE065","221-03",,"Juglans","regia","L.","","","Juglans regia L.","CHE","",,"false","","false","",,"120",,"","2014-01-09 17:09:49","1285","2024-10-28 15:00:12"
"4025035","3463cc2b-15b2-4e0c-b489-cd60b816d898","CHE065","219-04",,"Juglans","regia","L.","","","Juglans regia L.","CHE","",,"false","","false","",,"120",,"","2014-01-09 17:09:49","1285","2023-11-18 09:57:13"
"4025036","c086d5be-4fd1-4502-b4a7-fa28f34a6da8","CHE065","209-01",,"Juglans","regia","L.","","","Juglans regia L.","CHE","",,"true","","false","","20","120",,"","2014-01-09 17:09:49","1285","2024-10-28 15:00:12"
"4025037","b8cb4c53-c806-4ed8-b0b5-f3004dc29bae","CHE065","859-01",,"Juglans","regia","L.","","","Juglans regia L.","CHE","",,"false","","false","",,"120",,"","2014-01-09 17:09:49","1285","2024-10-28 15:00:12"
"4025038","f7192ec7-48f2-4c0b-bcd7-1d55d6eecdbb","CHE065","014-02",,"Juglans","regia","L.","","","Juglans regia L.","CHE","",,"false","","false","",,"120",,"","2014-01-09 17:09:49","1285","2024-10-28 14:38:23"
"4025039","c63840f4-c7e9-4480-b891-b06631d2d06a","CHE065","014-04",,"Juglans","regia","L.","","","Juglans regia L.","CHE","",,"false","","false","",,"120",,"","2014-01-09 17:09:49","1285","2023-11-18 09:57:16"
"4025040","3244ed53-2d5c-46f6-9e8f-673d8bd50023","CHE065","015-01",,"Juglans","regia","L.","","","Juglans regia L.","CHE","",,"false","","false","",,"120",,"","2014-01-09 17:09:49","1285","2024-10-28 15:00:24"
"4025041","c58210f4-ac70-4e38-8b11-caaaeb6e8174","CHE065","073-01",,"Juglans","regia","L.","","","Juglans regia L.","CHE","",,"false","","false","",,"120",,"","2014-01-09 17:09:49","1285","2024-10-28 15:00:12"
"4025042","5ea8fc8b-c0f0-4c97-858b-26a7d95d7296","CHE065","140-01",,"Juglans","regia","L.","","","Juglans regia L.","CHE","",,"false","","false","",,"120",,"","2014-01-09 17:09:49","1285","2023-11-18 09:57:30"
"4025043","78af92d4-0e1b-4b7a-b2b1-d46f7eb3137e","CHE065","027-01",,"Juglans","regia","L.","","","Juglans regia L.","CHE","",,"false","","false","",,"120",,"","2014-01-09 17:09:49","1285","2024-10-28 15:00:24"
"4025044","f937a885-419c-448b-a7b5-24ac89452cce","CHE065","039-01",,"Juglans","regia","L.","","","Juglans regia L.","CHE","",,"true","","false","","20","120",,"","2014-01-09 17:09:49","1285","2024-10-28 15:00:11"
"4025045","7e51e6bb-afac-4b99-8e03-620f538f2fac","CHE065","002-03",,"Juglans","regia","L.","","","Juglans regia L.","CHE","",,"false","","false","",,"120",,"","2014-01-09 17:09:49","1285","2024-10-28 14:38:23"
"4025046","265f1cb3-8ed3-48bc-814f-249f85dd13c9","CHE065","123-03",,"Juglans","regia","L.","","","Juglans regia L.","CHE","",,"false","","false","",,"120",,"","2014-01-09 17:09:49","1285","2023-11-18 09:57:13"
"4025047","5cea185d-249c-4f78-920a-4e3f42fa5c22","CHE065","858-01",,"Juglans","regia","L.","","","Juglans regia L.","CHE","",,"true","","false","","20","120",,"","2014-01-09 17:09:49","1285","2024-10-28 15:00:12"
"4025048","32121b50-ef1b-4da8-b9c7-b8be297c500e","CHE065","014-06",,"Juglans","regia","L.","","","Juglans regia L.","CHE","",,"false","","false","",,"120",,"","2014-01-09 17:09:49","1285","2023-11-18 09:57:30"
"4025049","29e6d1aa-615c-4c0d-96cf-3491b962ab5a","CHE065","002-01",,"Juglans","regia","L.","","","Juglans regia L.","CHE","",,"false","","false","","20","120",,"","2014-01-09 17:09:49","1285","2024-10-28 15:00:11"
"4025050","1f883cfe-e479-4673-bb21-e01f6b0eb089","CHE065","029-01",,"Juglans","regia","L.","","","Juglans regia L.","CHE","",,"false","","false","",,"120",,"","2014-01-09 17:09:49","1285","2024-10-28 15:00:24"
"4025051","caaeb928-7daf-4541-aab7-56760adffe2f","CHE065","027-02",,"Juglans","regia","L.","","","Juglans regia L.","CHE","",,"false","","false","",,"120",,"","2014-01-09 17:09:49","1285","2023-11-18 09:57:16"
"4025052","58272696-1936-417a-9a80-ba78794aa601","CHE065","112-01",,"Juglans","regia","L.","","","Juglans regia L.","CHE","",,"false","","false","",,"120",,"","2014-01-09 17:09:49","1285","2023-11-18 09:57:16"
"4025053","4fdf1f03-294b-43d6-b807-3f75502e5a55","CHE065","014-07",,"Juglans","regia","L.","","","Juglans regia L.","CHE","",,"false","","false","",,"120",,"","2014-01-09 17:09:49","1285","2024-10-28 14:38:23"
"4025054","72869915-be33-4617-ac43-57a38c582a0f","CHE065","391-01",,"Juglans","regia","L.","","","Juglans regia L.","CHE","",,"false","","false","",,"120",,"","2014-01-09 17:09:49","1285","2024-10-28 15:00:11"
"4025055","e2167ce4-2868-4581-8f27-ca2d241bc817","CHE065","145-01",,"Juglans","regia","L.","","","Juglans regia L.","CHE","",,"false","","false","",,"120",,"","2014-01-09 17:09:49","1285","2024-10-28 15:00:24"
"4025056","ebf2d905-0784-4c56-aafa-ae340202390e","CHE065","221-01",,"Juglans","regia","L.","","","Juglans regia L.","CHE","",,"true","","false","","20","120",,"","2014-01-09 17:09:49","1285","2024-10-28 15:00:12"
"4025057","d937ef20-ad07-465b-9a7d-e9c4106a62f7","CHE065","123-01",,"Juglans","regia","L.","","","Juglans regia L.","CHE","",,"false","","false","",,"120",,"","2014-01-09 17:09:49","1285","2023-11-18 09:57:13"
"4025058","c94376b8-11a4-440b-bf7d-7cf5a242b4ba","CHE065","815-01",,"Juglans","regia","L.","","","Juglans regia L.","CHE","",,"true","","false","","20","120",,"","2014-01-09 17:09:49","1285","2023-11-18 09:57:15"
"4025059","d8efd9a8-ff66-42e8-9d7b-eb6376d0c6b2","CHE065","014-03",,"Juglans","regia","L.","","","Juglans regia L.","CHE","",,"true","","false","","20","120",,"","2014-01-09 17:09:49","1285","2023-11-18 09:57:30"
"4025060","a537d308-ff00-4ba2-ae66-21f1c0699341","CHE065","391-02",,"Juglans","regia","L.","","","Juglans regia L.","CHE","",,"false","","false","",,"120",,"","2014-01-09 17:09:49","1285","2024-10-28 15:00:11"
"4025061","8a75bea7-7cc7-46be-968f-067e694cd8a0","CHE065","096-01",,"Juglans","regia","L.","","","Juglans regia L.","CHE","",,"false","","false","",,"120",,"","2014-01-09 17:09:49","1285","2023-11-18 09:57:16"
"4025062","57609ed7-9de5-45e3-8d07-8ca8063bce40","CHE065","806-01",,"Juglans","regia","L.","","","Juglans regia L.","CHE","",,"false","","false","",,"120",,"","2014-01-09 17:09:49","1285","2024-10-28 15:00:24"
"4025063","aa94bd93-39b7-4d72-bfc2-25f3fa6c4320","CHE065","123-04",,"Juglans","regia","L.","","","Juglans regia L.","CHE","",,"true","","false","","20","120",,"","2014-01-09 17:09:49","1285","2024-10-28 15:00:11"
"4025064","69b62d58-726f-444c-904f-4304e331386d","CHE065","123-02",,"Juglans","regia","L.","","","Juglans regia L.","CHE","",,"false","","false","",,"120",,"","2014-01-09 17:09:49","1285","2023-11-18 09:57:13"
"4025065","eae0d65d-d4e8-4409-9d1f-daf3f42bef1f","CHE065","062-01",,"Juglans","regia","L.","","","Juglans regia L.","CHE","",,"true","","false","","20","120",,"","2014-01-09 17:09:49","1285","2024-10-28 15:00:11"
"4025066","aeefc2ae-83a8-4140-a38d-c7c9d9a12f5a","CHE065","219-03",,"Juglans","regia","L.","","","Juglans regia L.","CHE","",,"true","","false","","20","120",,"","2014-01-09 17:09:49","1285","2023-11-18 09:57:13"
"4025067","97f9910a-49ed-44db-9fb7-ffbab05c968a","CHE065","219-02",,"Juglans","regia","L.","","","Juglans regia L.","CHE","",,"false","","false","",,"120",,"","2014-01-09 17:09:49","1285","2023-11-18 09:57:13"
"4025068","02b25e66-a5c7-4f9c-905c-f3b50985e2ab","CHE065","012-01",,"Juglans","regia","L.","","","Juglans regia L.","CHE","",,"true","","false","","20","120",,"","2014-01-09 17:09:49","1285","2023-11-18 09:57:30"
"4025069","7b18cd7c-e1c0-4693-b3be-ede202889b5b","CHE065","082-02",,"Juglans","regia","L.","","","Juglans regia L.","CHE","",,"true","","false","","20","120",,"","2014-01-09 17:09:49","1285","2024-10-28 15:00:12"
"4025070","4592026c-3010-44dc-b32d-1a447916451e","CHE065","219-01",,"Juglans","regia","L.","","","Juglans regia L.","CHE","",,"false","","false","",,"120",,"","2014-01-09 17:09:49","1285","2024-10-28 15:00:12"
"4025071","6614a329-eb00-4bd0-9277-5471143f5582","CHE065","853-01",,"Juglans","regia","L.","","","Juglans regia L.","CHE","",,"false","","false","",,"120",,"","2014-01-09 17:09:49","1285","2023-11-18 09:57:16"
"4025072","1f9053b9-f8eb-4cf7-b84d-b47c1ab35ebe","CHE065","082-01",,"Juglans","regia","L.","","","Juglans regia L.","CHE","",,"false","","false","",,"120",,"","2014-01-09 17:09:49","1285","2023-11-18 09:57:15"
"4025073","fda99dcc-7d86-4071-b7d6-250484fec14f","CHE065","875-01",,"Juglans","regia","L.","","","Juglans regia L.","CHE","",,"false","","false","",,"120",,"","2014-01-09 17:09:49","1285","2024-10-28 15:00:12"
"4025074","47932d18-7b3b-4134-97c5-ac856ff9474c","CHE065","014-01",,"Juglans","regia","L.","","","Juglans regia L.","CHE","",,"false","","false","",,"120",,"","2014-01-09 17:09:49","1285","2024-10-28 14:38:23"
"4025075","4c5dc9d1-7f29-4ce8-8646-f8dce5f7cdc6","CHE065","002-02",,"Juglans","regia","L.","","","Juglans regia L.","CHE","",,"false","","false","",,"120",,"","2014-01-09 17:09:49","1285","2023-11-18 09:57:30"
"4025076","c8841bdc-c315-4267-9a5b-0285eaf8989f","CHE065","039-02",,"Juglans","regia","L.","","","Juglans regia L.","CHE","",,"true","","false","","20","120",,"","2014-01-09 17:09:49","1285","2023-11-18 09:57:13"
"4025077","9ddabeae-a779-4175-861b-30b80d83a7ab","CHE065","802-01",,"Juglans","regia","L.","","","Juglans regia L.","CHE","",,"false","","false","",,"120",,"","2014-01-09 17:09:49","1285","2024-10-28 14:38:23"
"4025078","8089b1cd-ce87-485f-b417-7c56fe409f43","CHE065","852-01",,"Juglans","regia","L.","","","Juglans regia L.","CHE","",,"false","","false","",,"120",,"","2014-01-09 17:09:49","1285","2024-10-28 15:00:12"
"4025079","37851fda-71a6-40b9-85f1-08a5920f24d9","CHE065","380-01",,"Juglans","regia","L.","","","Juglans regia L.","CHE","",,"true","","false","","20","120",,"","2014-01-09 17:09:49","1285","2024-10-28 14:38:23"
"4025080","f308bad8-b862-4301-bb0c-03d8efcdde94","CHE065","563-01",,"Juglans","regia","L.","","","Juglans regia L.","CHE","",,"false","","false","",,"120",,"","2014-01-09 17:09:50","1285","2024-10-28 15:00:11"
"4025081","8f50d834-fbee-487a-95c8-98fdf27035c1","CHE065","941-01",,"Juglans","regia","L.","","","Juglans regia L.","CHE","",,"false","","false","",,"120",,"","2014-01-09 17:09:50","1285","2024-10-28 14:38:12"
"4025082","9ed12837-67d6-425a-9bc3-b30e44d74264","CHE065","764-02",,"Juglans","regia","L.","","","Juglans regia L.","FRA","",,"false","","false","",,"120",,"","2014-01-09 17:09:50","1285","2023-11-18 09:57:17"
"4025083","4c6d66fc-98a3-469c-bcbf-536bcd97e789","CHE065","043-01",,"Juglans","regia","L.","","","Juglans regia L.","CHE","",,"true","","false","","20","120",,"","2014-01-09 17:09:50","1285","2023-11-18 09:57:19"
"4025084","526bb3e5-e00b-4876-a36f-8cf6939fd4ac","CHE065","835-01",,"Juglans","regia","L.","","","Juglans regia L.","CHE","",,"true","","false","","20","120",,"","2014-01-09 17:09:50","1285","2024-10-28 15:00:11"
"4025085","5da7557f-c621-4146-b4f1-d6182460f579","CHE065","763-01",,"Juglans","regia","L.","","","Juglans regia L.","CHE","",,"false","","false","",,"120",,"","2014-01-09 17:09:50","1285","2023-11-18 09:57:16"
"4025086","9c5afcc0-6693-495d-aabe-0944376b097b","CHE065","216-02",,"Juglans","regia","L.","","","Juglans regia L.","CHE","",,"true","","false","","20","120",,"","2014-01-09 17:09:50","1285","2024-10-28 15:00:12"
"4025087","9356a7bc-789a-41b1-a1ff-7a64d3608467","CHE065","799-01",,"Juglans","regia","L.","","","Juglans regia L.","CHE","",,"true","","false","","20","120",,"","2014-01-09 17:09:50","1285","2024-10-28 15:00:24"
"4025088","8bf5887f-fbe1-4d3c-a5c7-ace09a9988c8","CHE065","043-02",,"Juglans","regia","L.","","","Juglans regia L.","CHE","",,"false","","false","",,"120",,"","2014-01-09 17:09:50","1285","2023-11-18 09:57:17"
"4025089","373c02ca-a2ae-40f7-90a9-2c9bf0c756cb","CHE065","286-03",,"Juglans","regia","L.","","","Juglans regia L.","CHE","",,"false","","false","",,"120",,"","2014-01-09 17:09:50","1285","2024-10-28 14:38:11"
"4025090","cc61457e-c9e7-44a8-adc5-da6edde3d153","CHE065","890-02",,"Juglans","regia","L.","","","Juglans regia L.","CHE","",,"false","","false","",,"120",,"","2014-01-09 17:09:50","1285","2024-10-28 15:00:11"
"4025091","ae176ea9-7b39-4bb4-996f-36be54e6046a","CHE065","018-01",,"Juglans","regia","L.","","","Juglans regia L.","CHE","",,"true","","false","","20","120",,"","2014-01-09 17:09:50","1285","2024-10-28 15:00:11"
"4025092","bf1a4969-c541-44b6-ab9a-bda24a299fdd","CHE065","955-01",,"Juglans","regia","L.","","","Juglans regia L.","CHE","",,"false","","false","",,"120",,"","2014-01-09 17:09:50","1285","2024-10-28 14:38:12"
"4025093","10c1c0b8-b761-4c93-8a6c-4d336aa21262","CHE065","904-01",,"Juglans","regia","L.","","","Juglans regia L.","CHE","",,"true","","false","","20","300",,"","2014-01-09 17:09:50","1285","2024-10-28 14:38:12"
"4025094","533e792c-cb1b-4f41-9f07-f530d8e1b24c","CHE065","887-01",,"Juglans","regia","L.","","","Juglans regia L.","CHE","",,"false","","false","",,"120",,"","2014-01-09 17:09:50","1285","2024-10-28 15:00:11"
"4025095","73348343-1c6c-442d-979e-8e799a926cd6","CHE065","503-01",,"Juglans","regia","L.","","","Juglans regia L.","CHE","",,"true","","false","","20","120",,"","2014-01-09 17:09:50","1285","2024-10-28 15:00:24"
"4025096","b304654d-6410-43a2-ba71-9e7e821adb99","CHE065","934-01",,"Juglans","regia","L.","","","Juglans regia L.","CHE","",,"false","","false","",,"120",,"","2014-01-09 17:09:50","1285","2023-11-18 09:57:13"
"4025097","248a3571-4036-4c61-895b-10d5309e902b","CHE065","520-03",,"Juglans","regia","L.","","","Juglans regia L.","CHE","",,"false","","false","",,"120",,"","2014-01-09 17:09:50","1285","2023-11-18 09:57:16"
"4025098","1244c5b1-7f87-4745-8d29-da06b42ed9eb","CHE065","279-01",,"Juglans","regia","L.","","","Juglans regia L.","CHE","",,"false","","false","",,"120",,"","2014-01-09 17:09:50","1285","2023-11-18 09:57:17"
"4025099","7fb85a6e-d278-4785-9c11-ff2bedfe3463","CHE065","925-01",,"Juglans","regia","L.","","","Juglans regia L.","CHE","",,"false","","false","",,"120",,"","2014-01-09 17:09:50","1285","2024-10-28 14:38:12"
"4025100","afa6daec-6323-4d96-bb6e-316dda69a3f9","CHE065","291-01",,"Juglans","regia","L.","","","Juglans regia L.","CHE","",,"true","","false","","20","120",,"","2014-01-09 17:09:50","1285","2024-10-28 14:38:12"
"4025101","62dac57b-6e4a-49d4-915f-cfd6932ad6f8","CHE065","798-01",,"Juglans","regia","L.","","","Juglans regia L.","FRA","",,"false","","false","",,"120",,"","2014-01-09 17:09:50","1285","2024-10-28 15:00:24"
"4025102","c4462f99-7e7d-4347-a53a-47bd1ff8ddea","CHE065","890-01",,"Juglans","regia","L.","","","Juglans regia L.","CHE","",,"false","","false","",,"120",,"","2014-01-09 17:09:50","1285","2024-10-28 15:00:11"
"4025103","0fa98fb6-e5ba-4f81-86c7-846ed51983e8","CHE065","963-01",,"Juglans","regia","L.","","","Juglans regia L.","CHE","",,"false","","false","",,"120",,"","2014-01-09 17:09:50","1285","2023-11-18 09:57:16"
"4025104","4ab9681e-42a0-4208-a1f3-ea39f39aadda","CHE065","283-01",,"Juglans","regia","L.","","","Juglans regia L.","CHE","",,"false","","false","",,"120",,"","2014-01-09 17:09:50","1285","2023-11-18 09:57:16"
"4025105","f83760d6-7c90-4e5d-8b19-8fff631c9b6d","CHE065","789-01",,"Juglans","regia","L.","","","Juglans regia L.","CHE","",,"false","","false","",,"120",,"","2014-01-09 17:09:50","1285","2024-10-28 15:00:24"
"4025106","7c2498a1-dace-48c9-bb46-e2e8df2c22fd","CHE065","960-01",,"Juglans","regia","L.","","","Juglans regia L.","CHE","",,"false","","false","",,"120",,"","2014-01-09 17:09:50","1285","2024-10-28 14:38:11"
"4025107","dee45778-90b8-4dbe-905e-e22cead24202","CHE065","216-03",,"Juglans","regia","L.","","","Juglans regia L.","CHE","",,"false","","false","",,"120",,"","2014-01-09 17:09:50","1285","2023-11-18 09:57:13"
"4025108","06b8438e-d86f-4105-a2aa-a91975b00832","CHE065","520-02",,"Juglans","regia","L.","","","Juglans regia L.","CHE","",,"false","","false","",,"120",,"","2014-01-09 17:09:50","1285","2024-10-28 15:00:24"
"4025109","e87cd3e6-70bc-4e46-a176-c5e83fd4496b","CHE065","334-02",,"Juglans","regia","L.","","","Juglans regia L.","CHE","",,"false","","false","","20","120",,"","2014-01-09 17:09:50","1285","2023-11-18 09:57:19"
"4025110","d70f5477-a56e-4217-aca0-daefc443f83d","CHE065","925-02",,"Juglans","regia","L.","","","Juglans regia L.","CHE","",,"false","","false","",,"120",,"","2014-01-09 17:09:50","1285","2024-10-28 14:38:12"
"4025111","5ac254cc-f71d-4b2d-af84-742b41d70cd7","CHE065","794-01",,"Juglans","regia","L.","","","Juglans regia L.","FRA","",,"false","","false","",,"120",,"","2014-01-09 17:09:50","1285","2024-10-28 15:00:24"
"4025112","6f849b97-ecf4-4d7d-a70b-3f4c0252eef9","CHE065","520-01",,"Juglans","regia","L.","","","Juglans regia L.","CHE","",,"false","","false","",,"120",,"","2014-01-09 17:09:50","1285","2024-10-28 15:00:24"
"4025113","d6d5eb8c-510c-40d9-95b6-1edf6119e8df","CHE065","312-01",,"Juglans","regia","L.","","","Juglans regia L.","CHE","",,"true","","false","","20","120",,"","2014-01-09 17:09:50","1285","2023-11-18 09:57:19"
"4025114","8520306c-f524-405e-9b20-a33e980960dc","CHE065","043-03",,"Juglans","regia","L.","","","Juglans regia L.","CHE","",,"false","","false","",,"120",,"","2014-01-09 17:09:50","1285","2024-10-28 14:38:12"
"4025115","0b971564-e152-4dd3-90d4-b994f97fbaa0","CHE065","775-02",,"Juglans","regia","L.","","","Juglans regia L.","CHE","",,"false","","false","",,"120",,"","2014-01-09 17:09:50","1285","2023-11-18 09:57:19"
"4025116","1a792bb0-54f1-46e5-b53d-cee98629a56b","CHE065","286-01",,"Juglans","regia","L.","","","Juglans regia L.","CHE","",,"false","","false","",,"120",,"","2014-01-09 17:09:50","1285","2023-11-18 09:57:16"
"4025117","85a8533a-7fc7-4b92-b9c2-6312e5a6d650","CHE065","940-02",,"Juglans","regia","L.","","","Juglans regia L.","CHE","",,"false","","false","",,"120",,"","2014-01-09 17:09:50","1285","2024-10-28 14:38:12"
"4025118","4d4195e1-a27f-4eb1-8de6-a95fe809ab21","CHE065","903-01",,"Juglans","regia","L.","","","Juglans regia L.","CHE","",,"false","","false","",,"120",,"","2014-01-09 17:09:50","1285","2024-10-28 14:38:12"
"4025119","3ec3d8c8-51d1-42d9-9aed-5408e21f789e","CHE065","955-02",,"Juglans","regia","L.","","","Juglans regia L.","CHE","",,"false","","false","",,"120",,"","2014-01-09 17:09:50","1285","2024-10-28 14:38:12"
"4025120","9dbfa9d2-01c6-417d-b0a2-4cf802fb7e64","CHE065","766-01",,"Juglans","regia","L.","","","Juglans regia L.","CHE","",,"false","","false","",,"120",,"","2014-01-09 17:09:50","1285","2023-11-18 09:57:17"
"4025121","1e7ff32a-dfe1-41be-b20c-b488c0e0a217","CHE065","940-01",,"Juglans","regia","L.","","","Juglans regia L.","CHE","",,"false","","false","",,"120",,"","2014-01-09 17:09:50","1285","2024-10-28 14:38:12"
"4025122","aae44ed7-afad-4b92-a6c7-1a9e24acdffe","CHE065","890-03",,"Juglans","regia","L.","","","Juglans regia L.","CHE","",,"false","","false","",,"120",,"","2014-01-09 17:09:50","1285","2023-11-18 09:57:13"
"4025123","6760f7b3-ff4c-4775-89f9-f90fe8711ff7","CHE065","217-01",,"Juglans","regia","L.","","","Juglans regia L.","CHE","",,"false","","false","",,"120",,"","2014-01-09 17:09:50","1285","2023-11-18 09:57:14"
"4025124","e98aff02-c101-4777-a032-c05b261c2d2c","CHE065","216-01",,"Juglans","regia","L.","","","Juglans regia L.","CHE","",,"false","","false","",,"120",,"","2014-01-09 17:09:50","1285","2023-11-18 09:57:13"
"4025125","1d8dd30d-8bea-4e96-905d-b774c66befd7","CHE065","936-01",,"Juglans","regia","L.","","","Juglans regia L.","CHE","",,"false","","false","",,"120",,"","2014-01-09 17:09:50","1285","2024-10-28 15:00:11"
"4025126","13fccf06-b4aa-4346-b141-e27bf00c88a6","CHE065","334-01",,"Juglans","regia","L.","","","Juglans regia L.","CHE","",,"true","","false","","20","120",,"","2014-01-09 17:09:50","1285","2024-10-28 14:38:12"
"4025127","cf2b1646-169a-4b85-8c4e-3ddbbab007ae","CHE065","764-01",,"Juglans","regia","L.","","","Juglans regia L.","FRA","",,"false","","false","",,"120",,"","2014-01-09 17:09:50","1285","2024-10-28 14:38:12"
"4025128","b82d238c-80ff-4d7f-b666-e5cf7a87386d","CHE065","286-02",,"Juglans","regia","L.","","","Juglans regia L.","CHE","",,"true","","false","","20","120",,"","2014-01-09 17:09:50","1285","2023-11-18 09:57:16"
"4025129","093c9f40-9680-4018-ae9d-24411f830a7b","CHE065","216-04",,"Juglans","regia","L.","","","Juglans regia L.","CHE","",,"false","","false","",,"120",,"","2014-01-09 17:09:50","1285","2024-10-28 15:00:12"
"4025130","5b1ba6d0-c42d-48ad-9acf-957900c37dab","CHE065","34288",,"Juglans","regia","","","","Juglans regia","CHE","",,"true","","false","",,"413",,"","2014-01-09 17:09:51","1285","2023-11-18 09:59:50"
"4025131","080c90d2-aaae-44de-b69b-88840ff9c9d5","CHE065","735-01",,"Juglans","regia","L.","","","Juglans regia L.","CHE","",,"false","","false","",,"120",,"","2014-01-09 17:09:51","1285","2023-11-18 09:57:14"
"4025132","24845c18-d43c-4c7a-98f6-09ddbc9ee95c","CHE065","146407",,"Juglans","regia","","","","Juglans regia","CHE","",,"true","","false","",,"413",,"","2014-01-09 17:09:51","1285","2023-11-18 09:59:50"
"4025133","b9ae88c7-53be-4ca3-b341-00ac729ccc3f","CHE065","973-03",,"Juglans","regia","L.","","","Juglans regia L.","CHE","",,"false","","false","",,"120",,"","2014-01-09 17:09:51","1285","2024-10-28 15:00:24"
"4025134","9242783a-ec61-41c7-88fe-8ec9bbb05c39","CHE065","973-01",,"Juglans","regia","L.","","","Juglans regia L.","CHE","",,"true","","false","","20","120",,"","2014-01-09 17:09:51","1285","2024-10-28 15:00:24"
"4025135","10f681ab-4694-48df-b506-e44872e42357","CHE065","53677",,"Juglans","regia","","","","Juglans regia","CHE","",,"true","","false","",,"413",,"","2014-01-09 17:09:51","1285","2023-11-18 09:59:54"
"4025136","a9ef16e9-3296-41a4-a4dc-efef88271e8d","CHE065","739-01",,"Juglans","regia","L.","","","Juglans regia L.","CHE","",,"false","","false","",,"120",,"","2014-01-09 17:09:51","1285","2023-11-18 09:57:14"
"4025137","93410780-9216-4ee7-b707-0cf65d64bf35","CHE065","536-02",,"Juglans","regia","L.","","","Juglans regia L.","CHE","",,"false","","false","",,"120",,"","2014-01-09 17:09:51","1285","2023-11-18 09:57:15"
"4025138","1112e95c-5592-40ab-8a2d-6f80bead6360","CHE065","795-01",,"Juglans","regia","L.","","","Juglans regia L.","CHE","",,"false","","false","",,"120",,"","2014-01-09 17:09:51","1285","2023-11-18 09:57:16"
"4025139","164ff008-ce14-443a-9ae4-9f410ecfd85e","CHE065","705-01",,"Juglans","regia","L.","","","Juglans regia L.","CHE","",,"false","","false","",,"120",,"","2014-01-09 17:09:51","1285","2023-11-18 09:57:14"
"4025140","2423efeb-f671-4465-8bcd-5e3c42d5359a","CHE065","536-01",,"Juglans","regia","L.","","","Juglans regia L.","CHE","",,"false","","false","",,"120",,"","2014-01-09 17:09:51","1285","2024-10-28 15:00:24"
"4025141","d249d4e3-04c4-43b9-b3fa-512bfe81d27e","CHE065","38847",,"Juglans","regia","","","","Juglans regia","CHE","",,"true","","false","",,"413",,"","2014-01-09 17:09:51","1285","2023-11-18 09:59:50"
"4025142","f987420e-ada3-49ad-9734-03cb704adaee","CHE065","716-01",,"Juglans","regia","L.","","","Juglans regia L.","CHE","",,"false","","false","",,"120",,"","2014-01-09 17:09:51","1285","2023-11-18 09:57:14"
"4025143","3bb81358-6b76-4ff9-8aee-44f8e993c898","CHE065","751-01",,"Juglans","regia","L.","","","Juglans regia L.","CHE","",,"false","","false","",,"120",,"","2014-01-09 17:09:51","1285","2023-11-18 09:57:13"
"4025144","3220f6dc-f9b2-441b-b34d-0f49eaf32bbf","CHE065","45343",,"Juglans","regia","","","","Juglans regia","CHE","",,"true","","false","",,"413",,"","2014-01-09 17:09:51","1285","2023-11-18 09:59:39"
"4025145","20a3ec21-f888-4a03-9a8a-f2a45d99435d","CHE065","521-01",,"Juglans","regia","L.","","","Juglans regia L.","CHE","",,"false","","false","",,"120",,"","2014-01-09 17:09:51","1285","2023-11-18 09:57:16"
"4025146","d98372ca-11ab-413b-a233-2a29b26fdc9e","CHE065","704",,"Juglans","regia","","","","Juglans regia","CHE","",,"true","","false","",,"413",,"","2014-01-09 17:09:51","1285","2023-11-18 09:59:54"
"4025147","d0155b2a-944a-44d0-82af-b79a66bf2f01","CHE065","693-01",,"Juglans","regia","L.","","","Juglans regia L.","CHE","",,"false","","false","","20","120",,"","2014-01-09 17:09:51","1285","2024-10-28 15:00:12"
"4025148","146e4813-2165-4412-861d-7ed41f74be42","CHE065","516-02",,"Juglans","regia","L.","","","Juglans regia L.","CHE","",,"false","","false","","20","120",,"","2014-01-09 17:09:51","1285","2024-10-28 15:00:24"
"4025149","3b23bf4c-121c-4036-9afe-b584541b2fef","CHE065","359-01",,"Juglans","regia","L.","","","Juglans regia L.","CHE","",,"true","","false","",,"120",,"","2014-01-09 17:09:51","1285","2024-10-28 15:00:24"
"4025150","5b3df9de-e707-4fa0-9ee1-286e3965bee4","CHE065","1109",,"Juglans","regia","L.","","","Juglans regia L.","CHE","",,"true","","false","",,"413",,"","2014-01-09 17:09:51","1285","2024-10-28 15:00:12"
"4025151","ddad47fa-5817-4598-afa8-d25ac1a94bfd","CHE065","750-01",,"Juglans","regia","L.","","","Juglans regia L.","CHE","",,"true","","false","","20","120",,"","2014-01-09 17:09:51","1285","2024-10-28 15:00:11"
"4025152","d924be9b-0ff3-43e3-b046-241c8365af5d","CHE065","696-01",,"Juglans","regia","L.","","","Juglans regia L.","CHE","",,"false","","false","",,"120",,"","2014-01-09 17:09:51","1285","2024-10-28 15:00:11"
"4025153","839ca959-0335-4f93-a4fa-0ae70e3911e7","CHE065","55858",,"Juglans","regia","","","","Juglans regia","CHE","",,"true","","false","",,"413",,"","2014-01-09 17:09:51","1285","2023-11-18 09:59:54"
"4025154","fa25865b-0276-4d34-b159-4940ecfe2cbc","CHE065","1122",,"Juglans","regia","L.","","","Juglans regia L.","CHE","",,"true","","false","",,"413",,"","2014-01-09 17:09:51","1285","2023-11-18 09:57:13"
"4025155","4e3f6c1f-3161-491d-9031-26f709a81229","CHE065","171225",,"Juglans","regia","","","","Juglans regia","CHE","",,"true","","false","",,"413",,"","2014-01-09 17:09:51","1285","2023-11-18 09:59:50"
"4025156","0838d58e-bb92-49f4-8f36-2fae0482bc5a","CHE065","1045",,"Juglans","regia","L.","","","Juglans regia L.","CHE","",,"true","","false","",,"413",,"","2014-01-09 17:09:51","1285","2024-10-28 15:00:24"
"4025157","c49de2e7-0c1d-4a30-81db-2eed83406783","CHE065","135007",,"Juglans","regia","","","","Juglans regia","CHE","",,"true","","false","",,"413",,"","2014-01-09 17:09:51","1285","2023-11-18 09:59:50"
"4025158","a6e69f65-345b-4cb9-8b44-c5a48a9e68f6","CHE065","505-02",,"Juglans","regia","L.","","","Juglans regia L.","CHE","",,"false","","false","","20","120",,"","2014-01-09 17:09:51","1285","2023-11-18 09:57:13"
"4025159","0bf40b0a-e3a0-45af-bbe3-9cd3bf2fa60e","CHE065","536-03",,"Juglans","regia","L.","","","Juglans regia L.","CHE","",,"false","","false","",,"120",,"","2014-01-09 17:09:51","1285","2024-10-28 15:00:24"
"4025160","afa0556d-47e5-49d8-880b-3ea9e0cdbe9b","CHE065","504-01",,"Juglans","regia","L.","","","Juglans regia L.","CHE","",,"true","","false","","20","120",,"","2014-01-09 17:09:51","1285","2024-10-28 15:00:24"
"4025161","c47e4800-7496-4e37-95df-b14883bdc20b","CHE065","560-02",,"Juglans","regia","L.","","","Juglans regia L.","CHE","",,"true","","false","","20","120",,"","2014-01-09 17:09:51","1285","2024-10-28 15:00:24"
"4025162","ec6ee466-d86b-4358-af6f-0bdde39bb2ae","CHE065","752-01",,"Juglans","regia","L.","","","Juglans regia L.","CHE","",,"false","","false","",,"120",,"","2014-01-09 17:09:51","1285","2024-10-28 15:00:11"
"4025163","db92ce55-33c5-4d30-a0f2-00df9223e98b","CHE065","1104",,"Juglans","regia","L.","","","Juglans regia L.","CHE","",,"true","","false","",,"413",,"","2014-01-09 17:09:51","1285","2024-10-28 15:00:24"
"4025164","85e1b02c-ffd1-411b-98ca-3ca651c8eb02","CHE065","33962",,"Juglans","regia","","","","Juglans regia","CHE","",,"true","","false","",,"413",,"","2014-01-09 17:09:51","1285","2023-11-18 09:59:50"
"4025165","bbd92f48-5358-4938-80b5-05105c5dfd66","CHE065","171517",,"Juglans","regia","","","","Juglans regia","CHE","",,"true","","false","",,"413",,"","2014-01-09 17:09:51","1285","2023-11-18 09:59:50"
"4025166","e665d810-b909-4434-8fcb-d1efe2896070","CHE065","115359",,"Juglans","regia","","","","Juglans regia","CHE","",,"true","","false","",,"413",,"","2014-01-09 17:09:51","1285","2023-11-18 09:59:54"
"4025167","beececc5-0ab7-435d-bff1-b97532e85eaf","CHE065","1040",,"Juglans","regia","L.","","","Juglans regia L.","CHE","",,"true","","false","",,"413",,"","2014-01-09 17:09:51","1285","2024-10-28 15:00:24"
"4025168","ac6dd8e7-f00d-4409-b288-2200b4fe98f6","CHE065","704-01",,"Juglans","regia","L.","","","Juglans regia L.","CHE","",,"false","","false","",,"120",,"","2014-01-09 17:09:51","1285","2023-11-18 09:57:14"
"4025169","ea5a95ce-80f5-4ac4-ab93-9991dc71ea9a","CHE065","516-01",,"Juglans","regia","L.","","","Juglans regia L.","CHE","",,"false","","false","",,"120",,"","2014-01-09 17:09:51","1285","2024-10-28 15:00:24"
"4025170","160fc287-7835-403a-b2bd-7b36031949cc","CHE065","683-01",,"Juglans","regia","L.","","","Juglans regia L.","CHE","",,"false","","false","","20","120",,"","2014-01-09 17:09:51","1285","2023-11-18 09:57:15"
"4025171","e457ca65-8c1f-4fea-9c72-af383cee8e81","CHE065","163699",,"Juglans","regia","","","","Juglans regia","CHE","",,"true","","false","",,"413",,"","2014-01-09 17:09:51","1285","2023-11-18 09:59:50"
"4025172","5587a365-13bb-417b-ab4e-23aba693ffe1","CHE065","703-01",,"Juglans","regia","L.","","","Juglans regia L.","CHE","",,"false","","false","",,"120",,"","2014-01-09 17:09:51","1285","2023-11-18 09:57:14"
"4025173","185c845d-8b51-48d1-8fc8-b7040ebab3c3","CHE065","703",,"Juglans","regia","","","","Juglans regia","CHE","",,"true","","false","",,"413",,"","2014-01-09 17:09:51","1285","2023-11-18 09:59:54"
"4025174","99e12f37-93cf-455d-8062-8ee8cf606616","CHE065","171550",,"Juglans","regia","","","","Juglans regia","CHE","",,"true","","false","",,"413",,"","2014-01-09 17:09:51","1285","2023-11-18 09:59:50"
"4025175","f1a937a4-6de4-44b0-a252-ab5fa1adb736","CHE065","128180",,"Juglans","regia","","","","Juglans regia","CHE","",,"true","","false","",,"413",,"","2014-01-09 17:09:51","1285","2023-11-18 09:59:50"
"4025176","905fde1e-db83-4e18-96ec-717fd72ca48b","CHE065","1118",,"Juglans","regia","L.","","","Juglans regia L.","CHE","",,"true","","false","",,"413",,"","2014-01-09 17:09:51","1285","2024-10-28 15:00:12"
"4025177","8c0b6b66-5d7d-4328-9e4c-48e953c558c1","CHE065","532-01",,"Juglans","regia","L.","","","Juglans regia L.","CHE","",,"false","","false","",,"120",,"","2014-01-09 17:09:51","1285","2024-10-28 15:00:24"
"4025178","2e8b5756-ce0d-40d3-acc6-5a6b551ba853","CHE065","1047",,"Juglans","regia","L.","","","Juglans regia L.","CHE","",,"true","","false","",,"413",,"","2014-01-09 17:09:51","1285","2024-10-28 15:00:24"
"4025179","04210c54-1833-4bc3-857e-9c4a2a4ab8d2","CHE065","748-01",,"Juglans","regia","L.","","","Juglans regia L.","CHE","",,"false","","false","",,"120",,"","2014-01-09 17:09:51","1285","2024-10-28 15:00:11"
"4025180","92166e2e-3dd2-41b5-8f37-6797c265d120","CHE065","818",,"Juglans","regia","","","","Juglans regia","CHE","",,"true","","false","",,"300",,"","2014-01-09 17:09:51","1285","2023-11-18 10:00:07"
"4025181","36f39738-9091-4926-97d6-3f30f3537c4f","CHE065","920",,"Juglans","regia","","","","Juglans regia","CHE","",,"true","","false","",,"413",,"","2014-01-09 17:09:51","1285","2023-11-18 09:59:54"
"4025182","9e14d763-478e-4f72-ac95-84f451c7a84b","CHE065","736",,"Juglans","regia","","","","Juglans regia","CHE","",,"true","","false","",,"413",,"","2014-01-09 17:09:51","1285","2023-11-18 09:59:54"
"4025183","8b171e3b-0e5c-4f1d-bd31-54202b225566","CHE065","739",,"Juglans","regia","","","","Juglans regia","CHE","",,"true","","false","",,"413",,"","2014-01-09 17:09:51","1285","2023-11-18 09:59:54"
"4025184","f1239fe7-a0e5-4784-9406-45c71729416c","CHE065","81952",,"Juglans","regia","","","","Juglans regia","CHE","",,"true","","false","",,"413",,"","2014-01-09 17:09:51","1285","2023-11-18 10:00:07"
"4025185","a5f14c21-ce7a-43fb-81fd-f98e3c29d162","CHE065","916",,"Juglans","regia","","","","Juglans regia","CHE","",,"true","","false","",,"413",,"","2014-01-09 17:09:51","1285","2023-11-18 09:59:54"
"4025186","9fe178e3-0f49-4bc6-974d-1c349f41e5f7","CHE065","796",,"Juglans","regia","","","","Juglans regia","CHE","",,"true","","false","",,"413",,"","2014-01-09 17:09:51","1285","2023-11-18 09:59:39"
"4025187","362913e4-99e3-4ad4-a91e-419c912c83d9","CHE065","738",,"Juglans","regia","","","","Juglans regia","CHE","",,"true","","false","",,"413",,"","2014-01-09 17:09:51","1285","2023-11-18 09:59:54"
"4025188","7670f602-b76a-4e11-91eb-37db42b5779f","CHE065","734",,"Juglans","regia","","","","Juglans regia","CHE","",,"true","","false","",,"413",,"","2014-01-09 17:09:51","1285","2023-11-18 09:59:54"
"4025189","ac397f8d-885b-47cb-b65f-8b133584fd09","CHE065","856",,"Juglans","regia","","","","Juglans regia","CHE","",,"true","","false","",,"413",,"","2014-01-09 17:09:51","1285","2023-11-18 10:00:07"
"4025190","736c9481-15d2-483d-bde4-a21f5332f9d1","CHE065","708",,"Juglans","regia","","","","Juglans regia","CHE","",,"true","","false","",,"413",,"","2014-01-09 17:09:51","1285","2023-11-18 09:59:54"
"4025191","c70c8172-cc26-4c61-8c21-d0b6a87afd9d","CHE065","91938",,"Juglans","regia","","","","Juglans regia","CHE","",,"true","","false","",,"413",,"","2014-01-09 17:09:51","1285","2023-11-18 09:59:54"
"4025192","6fa8de16-633b-4c20-99aa-1807f2939007","CHE065","716",,"Juglans","regia","","","","Juglans regia","CHE","",,"true","","false","",,"413",,"","2014-01-09 17:09:51","1285","2023-11-18 09:59:54"
"4025193","c131a2d5-c17d-4aad-a82d-4f49b7ec5990","CHE065","817",,"Juglans","regia","","","","Juglans regia","CHE","",,"true","","false","",,"300",,"","2014-01-09 17:09:51","1285","2023-11-18 10:00:07"
"4025194","a02f5c84-cec6-45d7-ba77-eba4a7ad1182","CHE065","725",,"Juglans","regia","","","","Juglans regia","CHE","",,"true","","false","",,"413",,"","2014-01-09 17:09:51","1285","2023-11-18 09:59:54"
"4025195","94360901-9e1f-4259-afd5-3d84b6d63cd4","CHE065","861",,"Juglans","regia","","","","Juglans regia","CHE","",,"true","","false","",,"413",,"","2014-01-09 17:09:51","1285","2023-11-18 10:00:07"
"4025196","2a4d9100-cacf-45d2-a5b5-5fcd4ea289b9","CHE065","837",,"Juglans","regia","","","","Juglans regia","CHE","",,"true","","false","",,"413",,"","2014-01-09 17:09:51","1285","2023-11-18 10:00:07"
"4025197","34e39a31-d30d-4ee3-9268-30b73f95f088","CHE065","877",,"Juglans","regia","","","","Juglans regia","CHE","",,"true","","false","",,"413",,"","2014-01-09 17:09:51","1285","2023-11-18 09:59:54"
"4025198","b7db059d-15f5-4f71-b49d-70d1ad9af0e3","CHE065","707",,"Juglans","regia","","","","Juglans regia","CHE","",,"true","","false","",,"413",,"","2014-01-09 17:09:51","1285","2023-11-18 09:59:54"
"4025199","38f80130-457e-4d30-98cb-9b9f5a1d16e8","CHE065","723",,"Juglans","regia","","","","Juglans regia","CHE","",,"true","","false","",,"413",,"","2014-01-09 17:09:51","1285","2023-11-18 09:59:54"
"4025200","134a4b6b-8fc2-4409-a54d-80dc5579d2ab","CHE065","878",,"Juglans","regia","","","","Juglans regia","CHE","",,"true","","false","",,"413",,"","2014-01-09 17:09:51","1285","2023-11-18 10:00:07"
"4025201","7249928f-763b-4e90-ae1b-7f9a16efb540","CHE065","724",,"Juglans","regia","","","","Juglans regia","CHE","",,"true","","false","",,"413",,"","2014-01-09 17:09:51","1285","2023-11-18 09:59:54"
"4025202","946f46e8-eddb-4635-88de-0e93d59f9d0d","CHE065","808",,"Juglans","regia","","","","Juglans regia","CHE","",,"true","","false","",,"413",,"","2014-01-09 17:09:51","1285","2023-11-18 10:00:07"
"4025203","2c2a14da-99ba-41d4-ab44-4c7876bd184a","CHE065","816",,"Juglans","regia","","","","Juglans regia","CHE","",,"true","","false","",,"300",,"","2014-01-09 17:09:51","1285","2023-11-18 10:00:07"
"4025204","1dd809f4-976a-4265-a985-da054a9c4845","CHE065","843",,"Juglans","regia","","","","Juglans regia","CHE","",,"true","","false","",,"413",,"","2014-01-09 17:09:51","1285","2023-11-18 10:00:07"
"4025205","bff1edf1-66f2-48d0-8089-1f7b2f39174b","CHE065","921",,"Juglans","regia","","","","Juglans regia","CHE","",,"true","","false","",,"413",,"","2014-01-09 17:09:51","1285","2023-11-18 09:59:54"
"4025206","461c163a-b02d-4ec5-877b-fbb7779e0d6e","CHE065","936",,"Juglans","regia","","","","Juglans regia","CHE","",,"true","","false","",,"413",,"","2014-01-09 17:09:51","1285","2023-11-18 09:59:54"
"4025207","5cbfe1e9-b310-4628-a178-9269638624c9","CHE065","815",,"Juglans","regia","","","","Juglans regia","CHE","",,"true","","false","",,"300",,"","2014-01-09 17:09:51","1285","2023-11-18 10:00:07"
"4025208","673dd1ac-47e8-4a17-8eb6-f774fe1bd19b","CHE065","840",,"Juglans","regia","","","","Juglans regia","CHE","",,"true","","false","",,"413",,"","2014-01-09 17:09:51","1285","2023-11-18 10:00:07"
"4025209","8431847e-0914-4223-b466-9a62898ce6f1","CHE065","849",,"Juglans","regia","","","","Juglans regia","CHE","",,"true","","false","",,"413",,"","2014-01-09 17:09:51","1285","2023-11-18 10:00:07"
"4025210","604e228a-cb8f-49d5-86f6-2e801d40031a","CHE065","859",,"Juglans","regia","","","","Juglans regia","CHE","",,"true","","false","",,"413",,"","2014-01-09 17:09:51","1285","2023-11-18 10:00:07"
"4025211","0b4cf1c6-5d28-4343-91c7-23156a94ac8f","CHE065","824",,"Juglans","regia","","","","Juglans regia","CHE","",,"true","","false","",,"300",,"","2014-01-09 17:09:51","1285","2023-11-18 10:00:07"
"4025212","f57e3575-d403-41b7-94fb-246b40396cda","CHE065","733",,"Juglans","regia","","","","Juglans regia","CHE","",,"true","","false","",,"413",,"","2014-01-09 17:09:51","1285","2023-11-18 09:59:54"
"4025213","5bf447e6-8c55-4f07-8022-c30f2aa56920","CHE065","860",,"Juglans","regia","","","","Juglans regia","CHE","",,"true","","false","",,"413",,"","2014-01-09 17:09:51","1285","2023-11-18 10:00:07"
"4025214","afb4d6fe-8c26-4e3d-a5fb-518163d475c5","CHE065","802",,"Juglans","regia","","","","Juglans regia","CHE","",,"true","","false","",,"413",,"","2014-01-09 17:09:51","1285","2023-11-18 09:59:39"
"4025215","14c3baf6-41eb-429e-8edd-e5010f28d964","CHE065","857",,"Juglans","regia","","","","Juglans regia","CHE","",,"true","","false","",,"413",,"","2014-01-09 17:09:51","1285","2023-11-18 10:00:07"
"4025216","f0677747-965f-44a8-a189-a7e21c55d1d6","CHE065","823",,"Juglans","regia","","","","Juglans regia","CHE","",,"true","","false","",,"300",,"","2014-01-09 17:09:51","1285","2023-11-18 10:00:07"
"4025217","bfe1df34-d17f-4544-9b77-74e2ef506a1b","CHE065","744",,"Juglans","regia","","","","Juglans regia","CHE","",,"true","","false","",,"413",,"","2014-01-09 17:09:51","1285","2023-11-18 09:59:54"
"4025218","d1c3befc-26af-4248-9265-f8c2fa9c0be8","CHE065","737",,"Juglans","regia","","","","Juglans regia","CHE","",,"true","","false","",,"413",,"","2014-01-09 17:09:51","1285","2023-11-18 09:59:54"
"4025219","b574cca8-27ee-400f-a79b-f6ea6d5ef62e","CHE065","866",,"Juglans","regia","","","","Juglans regia","CHE","",,"true","","false","",,"413",,"","2014-01-09 17:09:51","1285","2023-11-18 10:00:07"
"4025220","e451b661-bf3f-4403-8fe1-c0df0cef02b8","CHE065","731",,"Juglans","regia","","","","Juglans regia","CHE","",,"true","","false","",,"413",,"","2014-01-09 17:09:51","1285","2023-11-18 09:59:54"
"4025221","bc0e0e20-4e1e-4869-9030-e78b55f486f2","CHE065","701",,"Juglans","regia","","","","Juglans regia","CHE","",,"true","","false","",,"413",,"","2014-01-09 17:09:51","1285","2023-11-18 09:59:54"
"4025222","0eb33edd-7d7c-4226-87cf-df6d296665e5","CHE065","868",,"Juglans","regia","","","","Juglans regia","CHE","",,"true","","false","",,"413",,"","2014-01-09 17:09:51","1285","2023-11-18 10:00:07"
"4025223","e9ac83ae-cfdc-4df0-951b-ece07c16a554","CHE065","780",,"Juglans","regia","","","","Juglans regia","CHE","",,"true","","false","",,"413",,"","2014-01-09 17:09:51","1285","2023-11-18 09:59:39"
"4025224","84f4ea80-23e6-493a-954d-66860a38ba47","CHE065","846",,"Juglans","regia","","","","Juglans regia","CHE","",,"true","","false","",,"413",,"","2014-01-09 17:09:51","1285","2023-11-18 10:00:07"
"4025225","ef229497-501a-4673-b950-61eedde1dbd7","CHE065","848",,"Juglans","regia","","","","Juglans regia","CHE","",,"true","","false","",,"413",,"","2014-01-09 17:09:51","1285","2023-11-18 10:00:07"
"4025226","14997e6e-9c75-471c-bcd0-29326f8e5b33","CHE065","814",,"Juglans","regia","","","","Juglans regia","CHE","",,"true","","false","",,"300",,"","2014-01-09 17:09:51","1285","2023-11-18 09:59:39"
"4025227","5e84ab59-c4a4-4ab1-8c42-a79ea8ca7c3a","CHE065","807",,"Juglans","regia","","","","Juglans regia","CHE","",,"true","","false","",,"413",,"","2014-01-09 17:09:51","1285","2023-11-18 09:59:39"
"4025228","32e203e1-60b9-40dc-a818-83f5415f574b","CHE065","822",,"Juglans","regia","","","","Juglans regia","CHE","",,"true","","false","",,"300",,"","2014-01-09 17:09:51","1285","2023-11-18 10:00:07"
"4025229","01967fc5-063a-4463-9a96-fdfc6e052446","CHE065","84022",,"Juglans","regia","","","","Juglans regia","CHE","",,"true","","false","",,"413",,"","2014-01-09 17:09:51","1285","2023-11-18 10:00:07"
"4025230","6256f1dd-b5b7-4dcd-b8ec-25fcaf8048bb","CHE065","935",,"Juglans","regia","","","","Juglans regia","CHE","",,"true","","false","",,"413",,"","2014-01-09 17:09:51","1285","2023-11-18 09:59:54"
"4025231","f67bd271-6fb2-4ab9-bf3c-d95c08cb2294","CHE065","934",,"Juglans","regia","","","","Juglans regia","CHE","",,"true","","false","",,"413",,"","2014-01-09 17:09:51","1285","2023-11-18 09:59:54"
"4025232","370c7e64-8fad-44c0-a39b-0f3796e5345f","CHE065","95373",,"Juglans","regia","","","","Juglans regia","CHE","",,"true","","false","",,"413",,"","2014-01-09 17:09:51","1285","2023-11-18 09:59:54"
"4025237","27eb9b24-9e80-42ea-89a1-638c2cd56b8e","CHE065","4.1",,"Juglans","regia","","","","Juglans regia","CHE","",,"true","","false","","20","",,"","2014-01-09 17:09:54","1285","2023-11-18 09:59:50"
"4025239","152de952-3078-4fd2-9cb1-f667869a95ad","CHE065","6.4",,"Juglans","regia","L.","","","Juglans regia L.","CHE","",,"true","","false","","20","",,"","2014-01-09 17:09:55","1285","2023-11-18 09:57:19"
"4025241","577d5029-3bdf-4fd2-8e7b-8f462e7795c2","CHE065","63",,"Juglans","regia","L.","","","Juglans regia L.","CHE","","20130000","true","","false","","20","",,"","2014-01-09 17:09:55","1285","2023-11-18 09:57:16"
"4025242","3719932a-9d33-4b2f-9e48-5a57e6861cbf","CHE065","30",,"Juglans","regia","L.","","","Juglans regia L.","CHE","",,"true","","false","",,"",,"","2014-01-09 17:09:55","1285","2024-10-28 14:38:11"
"4025244","2b822454-305a-44c0-8e24-4e6a8d77267c","CHE065","6.2",,"Juglans","regia","L.","","","Juglans regia L.","CHE","",,"true","","false","","20","",,"","2014-01-09 17:09:55","1285","2024-10-28 14:38:23"
"4025245","43b7ded8-d07b-4132-af30-e390c47cec5c","CHE065","4.4",,"Juglans","regia","","","","Juglans regia","CHE","",,"true","","false","","20","",,"","2014-01-09 17:09:55","1285","2023-11-18 09:59:50"
"4025246","69a36cf0-f444-4b8b-b2d5-c1e2cae903f6","CHE065","4.5",,"Juglans","regia","","","","Juglans regia","CHE","",,"true","","false","","20","",,"","2014-01-09 17:09:55","1285","2023-11-18 09:59:50"
"4025249","e693e4f7-55e9-4f3f-a127-57bfb660610b","CHE065","7.2",,"Juglans","regia","","","","Juglans regia","CHE","",,"true","","false","","20","",,"","2014-01-09 17:09:55","1285","2023-11-18 09:59:50"
"4025254","6ac15b23-be72-4349-b0b4-2af1dce5158a","CHE065","5.2",,"Juglans","regia","","","","Juglans regia","CHE","",,"true","","false","","20","",,"","2014-01-09 17:09:55","1285","2023-11-18 09:59:39"
"4025257","f5b95700-e486-44de-84e5-b6066bd59000","CHE065","7.1",,"Juglans","regia","","","","Juglans regia","CHE","",,"true","","false","","20","",,"","2014-01-09 17:09:55","1285","2023-11-18 09:59:50"
"4025262","37ae00fa-5f3d-40c6-8aaa-0c82762ad0d8","CHE065","4.3",,"Juglans","regia","","","","Juglans regia","CHE","",,"true","","false","","20","",,"","2014-01-09 17:09:55","1285","2023-11-18 09:59:50"
"4025265","16c003c5-1fe2-4904-8076-44629d988c96","CHE065","6.3",,"Juglans","regia","L.","","","Juglans regia L.","CHE","",,"true","","false","","20","",,"","2014-01-09 17:09:55","1285","2024-10-28 14:38:23"
"4025267","a3c224ee-365c-4143-bc71-050c49e20287","CHE065","62",,"Juglans","regia","L.","","","Juglans regia L.","CHE","","20130000","true","","false","","20","",,"","2014-01-09 17:09:55","1285","2024-10-28 15:00:24"
"4025270","120ba815-03e3-40d8-8740-1037e17a28a3","CHE065","6.1",,"Juglans","regia","L.","","","Juglans regia L.","CHE","",,"true","","false","","20","",,"","2014-01-09 17:09:55","1285","2024-10-28 14:38:23"
"4025273","daec416d-29e4-4407-856e-ba8d3be7326d","CHE065","6.5",,"Juglans","regia","L.","","","Juglans regia L.","CHE","",,"true","","false","","20","",,"","2014-01-09 17:09:55","1285","2024-10-28 14:38:23"
"4025275","daa68db4-c09e-4953-ac5b-e4f47c536c94","CHE065","4.2",,"Juglans","regia","","","","Juglans regia","CHE","",,"true","","false","","20","",,"","2014-01-09 17:09:55","1285","2023-11-18 09:59:50"
"4025290","ed354a78-87cd-4fb9-9aae-2726cb6d8f74","CHE065","65",,"Juglans","regia","L.","","","Juglans regia L.","CHE","","20130000","true","","false","","20","",,"","2014-01-09 17:09:55","1285","2023-11-18 09:57:15"
"4025302","9470bf2c-e8e7-4a98-9e74-c7274279048e","CHE065","61",,"Juglans","regia","L.","","","Juglans regia L.","CHE","","20130000","true","","false","","20","",,"","2014-01-09 17:09:55","1285","2024-10-28 15:00:24"
"4025308","fe21e84b-4137-4982-998f-6995e7c8ad90","CHE065","64",,"Juglans","regia","L.","","","Juglans regia L.","CHE","","20130000","true","","false","","20","",,"","2014-01-09 17:09:55","1285","2023-11-18 09:57:15"
"4025313","4452b379-64c8-428a-ae9c-b2502248b908","CHE065","66",,"Juglans","regia","L.","","","Juglans regia L.","CHE","","20130000","true","","false","","20","",,"","2014-01-09 17:09:55","1285","2023-11-18 09:57:15"
"4026800","043a6b99-a3b0-4891-90f2-f4d0b16a169f","CHE127","F-1-00-2012",,"Juglans","regia","L.","","","Juglans regia L.","DEU","","20120000","false","","false","","20","",,"","2014-01-09 17:12:40","1285","2024-10-28 15:00:19"
"4026801","ca68f18e-9c82-476c-8357-d4fa866c7a17","CHE127","F-1-022-2011",,"Juglans","regia","","","","Juglans regia","CHE","","20110000","true","","false","","20","",,"","2014-01-09 17:12:40","1285","2023-11-18 10:00:15"
"4026802","22589f79-d398-490f-bd18-a4fb07a11266","CHE127","F-1-014-2011",,"Juglans","regia","","","","Juglans regia","CHE","","20110000","true","","false","","20","",,"","2014-01-09 17:12:40","1285","2023-11-18 10:00:27"
"4026803","a2ebc925-1d5e-44f1-b7da-c881a1917c18","CHE127","F-1-028-2010",,"Juglans","regia","","","","Juglans regia","CHE","","20100000","true","","false","","20","",,"","2014-01-09 17:12:40","1285","2023-11-18 10:00:15"
"4026804","bf1d5655-e133-45ac-876b-a424d431d69f","CHE127","F-1-049-2010",,"Juglans","regia","","","","Juglans regia","CHE","","20100000","true","","false","","20","",,"","2014-01-09 17:12:40","1285","2023-11-18 10:00:15"
"4026805","862c54fe-a4d4-482a-b130-3042dd9b2fa6","CHE127","F-1-051-2011",,"Juglans","regia","","","","Juglans regia","CHE","","20110000","true","","false","","20","",,"","2014-01-09 17:12:40","1285","2023-11-18 10:00:15"
"4026806","627d0048-f552-405d-86ad-a24fa84bda42","CHE127","F-1-016-2011",,"Juglans","regia","","","","Juglans regia","CHE","","20110000","true","","false","","20","",,"","2014-01-09 17:12:40","1285","2023-11-18 10:00:27"
"4026807","047cb684-f274-4588-ab2a-fde952ad8b81","CHE127","F-1-023-2011",,"Juglans","regia","","","","Juglans regia","CHE","","20110000","true","","false","","20","",,"","2014-01-09 17:12:40","1285","2023-11-18 10:00:15"
"4026808","f274f8ca-8769-4b9a-8164-e942d0194a43","CHE127","F-1-036-2011",,"Juglans","regia","","","","Juglans regia","CHE","","20110000","true","","false","","20","",,"","2014-01-09 17:12:40","1285","2023-11-18 10:00:15"
"4026809","3a40665e-0ef5-4b67-bca3-34c81393415c","CHE127","F-1-012-2010",,"Juglans","regia","","","","Juglans regia","CHE","","20100000","true","","false","","20","",,"","2014-01-09 17:12:40","1285","2023-11-18 10:00:27"
"4026810","eaf35114-7b92-4788-8e8f-6354e9dd445e","CHE127","F-1-040-2010",,"Juglans","regia","","","","Juglans regia","CHE","","20100000","true","","false","","20","",,"","2014-01-09 17:12:40","1285","2023-11-18 10:00:15"
"4026811","6019fa09-2b41-4874-b4a0-ea8ab4258c84","CHE127","F-1-000-2010",,"Juglans","regia","L.","","","Juglans regia L.","FRA","","20100000","true","","false","","20","",,"","2014-01-09 17:12:40","1285","2024-10-28 15:00:19"
"4026812","4f26cf9d-c6ad-4e0e-907d-eec911c17dcb","CHE127","F-1-019-2011",,"Juglans","regia","","","","Juglans regia","CHE","","20110000","true","","false","","20","",,"","2014-01-09 17:12:40","1285","2023-11-18 10:00:15"
"4026813","1ac192cf-9136-45bf-b316-8b7f372636c7","CHE127","F-1-050-2011",,"Juglans","regia","","","","Juglans regia","CHE","","20110000","true","","false","","20","",,"","2014-01-09 17:12:40","1285","2023-11-18 10:00:15"
"4026814","72eeccc4-8265-4994-84b1-04b877daac44","CHE127","F-1-003-2011",,"Juglans","regia","","","","Juglans regia","CHE","","20110000","true","","false","","20","",,"","2014-01-09 17:12:40","1285","2023-11-18 09:59:58"
"4026815","a11dec12-43e1-4eae-b995-3733a4aa2350","CHE127","F-1-043-2012",,"Juglans","regia","","","","Juglans regia","USA","","20120000","true","","false","","20","",,"","2014-01-09 17:12:40","1285","2023-11-18 10:00:15"
"4026816","eecef475-0771-4afa-8a76-9178a35eb715","CHE127","F-1-001-2012",,"Juglans","regia","","","","Juglans regia","CHE","","20120000","true","","false","","20","",,"","2014-01-09 17:12:40","1285","2023-11-18 09:59:58"
"4026817","bf5be034-674c-4d38-8deb-0bc1f5ac90c4","CHE127","F-1-005-2011",,"Juglans","regia","","","","Juglans regia","CHE","","20100000","true","","false","","20","",,"","2014-01-09 17:12:40","1285","2023-11-18 09:59:58"
"4026818","88394103-df8f-4b0b-8038-19506924b223","CHE127","F-1-009-2011",,"Juglans","regia","","","","Juglans regia","CHE","","20110000","true","","false","","20","",,"","2014-01-09 17:12:40","1285","2023-11-18 10:00:27"
"4026819","5029d98a-96a0-4670-864b-e9600f54a966","CHE127","F-1-038-2011",,"Juglans","regia","","","","Juglans regia","CHE","","20110000","true","","false","","20","",,"","2014-01-09 17:12:40","1285","2023-11-18 10:00:15"
"4026820","56d4924b-d4e1-4658-8e9b-8cf55bfb54f4","CHE127","F-1-006-2010",,"Juglans","regia","","","","Juglans regia","CHE","","20100000","true","","false","","20","",,"","2014-01-09 17:12:40","1285","2023-11-18 09:59:58"
"4026821","ed67b1b4-4c9e-40fc-9e59-a9964e61fa8c","CHE127","F-1-045-2011",,"Juglans","regia","","","","Juglans regia","CHE","","20110000","true","","false","","20","",,"","2014-01-09 17:12:40","1285","2023-11-18 10:00:15"
"4026822","79a7d6ed-3d9d-4121-b28d-62c974ab744d","CHE127","F-1-013-2011",,"Juglans","regia","","","","Juglans regia","CHE","","20110000","true","","false","","20","",,"","2014-01-09 17:12:40","1285","2023-11-18 10:00:27"
"4026823","d7c8db17-c111-411d-8625-00cab7c28ad7","CHE127","F-1-031-2011",,"Juglans","regia","","","","Juglans regia","CHE","","20110000","true","","false","","20","",,"","2014-01-09 17:12:40","1285","2023-11-18 10:00:15"
"4026824","d3c26415-f0d3-4ded-b20a-67fc28393ff3","CHE127","F-1-008-2011",,"Juglans","regia","","","","Juglans regia","CHE","","20110000","true","","false","","20","",,"","2014-01-09 17:12:40","1285","2023-11-18 09:59:58"
"4026825","7d81aa54-494c-4db9-b07e-ed6e65b86d57","CHE127","F-1-007-2010",,"Juglans","regia","","","","Juglans regia","CHE","","20100000","true","","false","","20","",,"","2014-01-09 17:12:40","1285","2023-11-18 09:59:58"
"4026826","5cd21c34-3b07-43cb-b421-2a8654df6d20","CHE127","F-1-020-2011",,"Juglans","regia","","","","Juglans regia","CHE","","20110000","true","","false","","20","",,"","2014-01-09 17:12:40","1285","2023-11-18 10:00:15"
"4026827","584f0a87-c5c4-43d1-8c27-64ad69bead33","CHE127","F-1-025-2011",,"Juglans","regia","","","","Juglans regia","CHE","","20110000","true","","false","","20","",,"","2014-01-09 17:12:40","1285","2023-11-18 10:00:15"
"4026828","239a2c1f-f012-4c1f-b150-b154878b53bb","CHE127","F-1-046-2011",,"Juglans","regia","","","","Juglans regia","CHE","","20110000","true","","false","","20","",,"","2014-01-09 17:12:40","1285","2023-11-18 10:00:15"
"4026829","ac170857-8a04-4603-a455-6bf000a486cb","CHE127","F-1-044-2010",,"Juglans","regia","","","","Juglans regia","CHE","","20100000","true","","false","","20","",,"","2014-01-09 17:12:40","1285","2023-11-18 10:00:15"
"4026830","aac2b62e-3593-459d-ad0e-283081739cc0","CHE127","F-1-026-2012",,"Juglans","regia","","","","Juglans regia","CHE","","20120000","true","","false","","20","",,"","2014-01-09 17:12:40","1285","2023-11-18 10:00:15"
"4026831","880f815c-3e1a-43a4-bb6e-17e82119263c","CHE127","F-1-035-2010",,"Juglans","regia","","","","Juglans regia","CHE","","20100000","true","","false","","20","",,"","2014-01-09 17:12:40","1285","2023-11-18 10:00:15"
"4026832","7a0108f6-b164-4904-b473-bf65b9a83355","CHE127","F-1-002-2012",,"Juglans","regia","","","","Juglans regia","CHE","","20120000","true","","false","","20","",,"","2014-01-09 17:12:40","1285","2023-11-18 09:59:58"
"4026833","dcffab8b-d0c1-455c-9d68-cae141c04f19","CHE127","F-1-052-2010",,"Juglans","regia","","","","Juglans regia","CHE","","20100000","true","","false","","20","",,"","2014-01-09 17:12:40","1285","2023-11-18 10:00:15"
"4026834","45fe0de6-29ee-443b-bd62-01b81494b583","CHE127","F-1-039-2010",,"Juglans","regia","","","","Juglans regia","CHE","","20100000","true","","false","","20","",,"","2014-01-09 17:12:40","1285","2023-11-18 10:00:15"
"4026835","a2d3d37e-4e38-41c3-aae8-226827be1020","CHE127","F-1-001-2011",,"Juglans","regia","","","","Juglans regia","CHE","","20110000","true","","false","","20","",,"","2014-01-09 17:12:40","1285","2023-11-18 09:59:58"
"4026836","84d476b9-e8c0-4061-a243-ec42d93f46a8","CHE127","F-1-027-2010",,"Juglans","regia","","","","Juglans regia","CHE","","20100000","true","","false","","20","",,"","2014-01-09 17:12:40","1285","2023-11-18 10:00:27"
"4026837","025e222f-3848-4a45-be32-90e78ecaa4b5","CHE127","F-1-004-2010",,"Juglans","regia","","","","Juglans regia","CHE","","20100000","true","","false","","20","",,"","2014-01-09 17:12:40","1285","2023-11-18 09:59:58"
"4026838","b2b1e26c-0b84-4f7a-9f3f-fc21f5a09f8b","CHE127","F-1-047-2011",,"Juglans","regia","","","","Juglans regia","CHE","","20110000","true","","false","","20","",,"","2014-01-09 17:12:40","1285","2023-11-18 10:00:15"
"4026839","84166ce0-d7d3-41b4-8b3d-90614db7a72a","CHE127","F-1-011-2010",,"Juglans","regia","","","","Juglans regia","CHE","","20100000","true","","false","","20","",,"","2014-01-09 17:12:40","1285","2023-11-18 09:59:58"
"4026840","8588eeb1-61e6-408a-a933-adf5279a676b","CHE127","F-1-015-2011",,"Juglans","regia","","","","Juglans regia","CHE","","20110000","true","","false","","20","",,"","2014-01-09 17:12:40","1285","2023-11-18 10:00:27"
"4026841","e19656fe-470d-4c2b-a512-39b920637580","CHE127","F-1-032-2011",,"Juglans","regia","","","","Juglans regia","CHE","","20110000","true","","false","","20","",,"","2014-01-09 17:12:40","1285","2023-11-18 10:00:15"
"4026842","b24be27d-245f-4489-b65b-5d0a7a9d2859","CHE127","F-1-034-2010",,"Juglans","regia","","","","Juglans regia","CHE","","20100000","true","","false","","20","",,"","2014-01-09 17:12:40","1285","2023-11-18 10:00:15"
"4026843","7e3367b3-556b-46a2-9420-d788530720d4","CHE127","F-1-017-2010",,"Juglans","regia","","","","Juglans regia","CHE","","20100000","true","","false","","20","",,"","2014-01-09 17:12:40","1285","2023-11-18 10:00:27"
"4026844","807977fd-f6a5-422b-8202-6305f9440aab","CHE127","F-1-041-2010",,"Juglans","regia","","","","Juglans regia","CHE","","20100000","true","","false","","20","",,"","2014-01-09 17:12:40","1285","2023-11-18 10:00:15"
"4026845","fda11c0a-02c7-4e31-8d72-259671bdbf6c","CHE127","F-1-021-2010",,"Juglans","regia","","","","Juglans regia","CHE","","20100000","true","","false","","20","",,"","2014-01-09 17:12:40","1285","2023-11-18 10:00:15"
"4026846","1111c8b3-d696-4e83-8e43-d69a0bfae1b8","CHE127","F-1-018-2010",,"Juglans","regia","","","","Juglans regia","CHE","","20100000","true","","false","","20","",,"","2014-01-09 17:12:40","1285","2023-11-18 10:00:27"
"4026847","d389e3f5-aa29-4f8b-b511-5f3ed4d8b4aa","CHE127","F-1-024-2012",,"Juglans","regia","","","","Juglans regia","CHE","","20120000","true","","false","","20","",,"","2014-01-09 17:12:40","1285","2023-11-18 10:00:15"
"4026848","2f5954e2-2c0f-4a35-9c38-c795d2ff79e3","CHE127","F-1-029-2010",,"Juglans","regia","","","","Juglans regia","CHE","","20100000","true","","false","","20","",,"","2014-01-09 17:12:40","1285","2023-11-18 10:00:15"
"4026849","7e05024e-e0a2-4900-bbb1-93a799bff7b8","CHE127","F-1-010-2010",,"Juglans","regia","","","","Juglans regia","CHE","","20100000","true","","false","","20","",,"","2014-01-09 17:12:40","1285","2023-11-18 10:00:27"
"4026850","3aa7360c-5e2b-4510-a04f-321205b01e7b","CHE127","F-2-037-2011",,"Juglans","regia","","","","Juglans regia","CHE","","20110000","true","","false","","20","",,"","2014-01-09 17:12:40","1285","2023-11-18 10:00:12"
"4026851","9c291347-366f-4d1c-9fee-cc54c7b995d2","CHE127","F-2-035-2011",,"Juglans","regia","","","","Juglans regia","CHE","","20110000","true","","false","","20","",,"","2014-01-09 17:12:40","1285","2023-11-18 10:00:12"
"4026852","6380603c-375b-4242-8f0e-8fd62bbc6753","CHE127","F-2-023-2012",,"Juglans","regia","","","","Juglans regia","CHE","","20120000","true","","false","","20","",,"","2014-01-09 17:12:40","1285","2023-11-18 10:00:12"
"4026853","a34e4d02-121f-41ad-ad79-83a2602d202d","CHE127","F-2-009-2012",,"Juglans","regia","","","","Juglans regia","CHE","","20120000","true","","false","","20","",,"","2014-01-09 17:12:40","1285","2023-11-18 10:00:12"
"4026854","6928d158-d6fd-4e18-adf8-fb80d64dd71d","CHE127","F-2-036-2012",,"Juglans","regia","","","","Juglans regia","CHE","","20120000","true","","false","","20","",,"","2014-01-09 17:12:40","1285","2023-11-18 10:00:12"
"4026855","c2258d01-6076-4365-8e20-bb79d347aaab","CHE127","F-1-067-2011",,"Juglans","regia","","","","Juglans regia","CHE","","20110000","true","","false","","20","",,"","2014-01-09 17:12:40","1285","2023-11-18 10:00:15"
"4026856","d9501463-ce8a-4772-851c-4c9be4127aeb","CHE127","F-2-026-2011",,"Juglans","regia","","","","Juglans regia","CHE","","20110000","true","","false","","20","",,"","2014-01-09 17:12:40","1285","2023-11-18 10:00:12"
"4026857","9a39b304-5409-44dd-a81e-53009638e6f6","CHE127","F-2-005-2011",,"Juglans","regia","","","","Juglans regia","CHE","","20110000","true","","false","","20","",,"","2014-01-09 17:12:40","1285","2023-11-18 10:00:15"
"4026858","26327845-f026-4596-a1e2-8036a5bd91ba","CHE127","F-2-013-2012",,"Juglans","regia","","","","Juglans regia","CHE","","20120000","true","","false","","20","",,"","2014-01-09 17:12:40","1285","2023-11-18 10:00:12"
"4026859","11033713-0fb6-4944-95e3-284045015d86","CHE127","F-1-056-2010",,"Juglans","regia","","","","Juglans regia","CHE","","20100000","true","","false","","20","",,"","2014-01-09 17:12:40","1285","2023-11-18 10:00:15"
"4026860","e4f6559a-b6fa-4914-b224-3967c57d3bd5","CHE127","F-1-057-2011",,"Juglans","regia","","","","Juglans regia","CHE","","20110000","true","","false","","20","",,"","2014-01-09 17:12:40","1285","2023-11-18 10:00:15"
"4026861","98963021-7cfd-4f49-8420-1b0ac132c297","CHE127","F-2-037-2012",,"Juglans","regia","","","","Juglans regia","CHE","","20120000","true","","false","","20","",,"","2014-01-09 17:12:40","1285","2023-11-18 10:00:12"
"4026862","487b6358-ab83-44cb-b973-788f1ebb4503","CHE127","F-1-070-2011",,"Juglans","regia","","","","Juglans regia","CHE","","20110000","true","","false","","20","",,"","2014-01-09 17:12:40","1285","2023-11-18 10:00:15"
"4026863","dd3868a9-8481-442e-b275-c4f442d5e0d4","CHE127","F-1-061-2010",,"Juglans","regia","","","","Juglans regia","CHE","","20100000","true","","false","","20","",,"","2014-01-09 17:12:40","1285","2023-11-18 10:00:15"
"4026864","db51567c-88f2-494d-9d69-75a3380e3720","CHE127","F-2-002-2011",,"Juglans","regia","","","","Juglans regia","CHE","","20110000","true","","false","","20","",,"","2014-01-09 17:12:40","1285","2023-11-18 10:00:15"
"4026865","561b6f5a-6ab2-4942-8ddb-1d23fae02069","CHE127","F-1-066-2011",,"Juglans","regia","","","","Juglans regia","CHE","","20110000","true","","false","","20","",,"","2014-01-09 17:12:40","1285","2023-11-18 10:00:15"
"4026866","beba6bcb-c225-44e5-9079-47706d70ceca","CHE127","F-1-053-2011",,"Juglans","regia","","","","Juglans regia","CHE","","20110000","true","","false","","20","",,"","2014-01-09 17:12:40","1285","2023-11-18 10:00:15"
"4026867","f8ef6b0a-b081-4228-aef0-a08d426435b8","CHE127","F-2-015-2012",,"Juglans","regia","","","","Juglans regia","CHE","","20120000","true","","false","","20","",,"","2014-01-09 17:12:40","1285","2023-11-18 10:00:12"
"4026868","75eaffb9-450c-405e-be79-6b464acbcbf3","CHE127","F-2-022-2012",,"Juglans","regia","","","","Juglans regia","CHE","","20120000","true","","false","","20","",,"","2014-01-09 17:12:40","1285","2023-11-18 10:00:12"
"4026869","e3da46c6-4d31-4ca6-ba76-c55bab42dd40","CHE127","F-1-063-2010",,"Juglans","regia","","","","Juglans regia","CHE","","20100000","true","","false","","20","",,"","2014-01-09 17:12:40","1285","2023-11-18 10:00:15"
"4026870","bfb4eb5c-a7ab-451b-8ac4-63cfa646a1bc","CHE127","F-2-008-2012",,"Juglans","regia","","","","Juglans regia","CHE","","20120000","true","","false","","20","",,"","2014-01-09 17:12:40","1285","2023-11-18 10:00:12"
"4026871","eb0118c9-f961-4dee-a042-4646caa10169","CHE127","F-2-000-2011",,"Juglans","regia","L.","","","Juglans regia L.","FRA","","20110000","true","","false","","20","",,"","2014-01-09 17:12:40","1285","2024-10-28 15:00:19"
"4026872","954f831b-7516-41a1-bf95-e5be1d5a6a70","CHE127","F-2-0000-2011",,"Juglans","regia","L.","","","Juglans regia L.","FRA","","20110000","true","","false","","20","",,"","2014-01-09 17:12:40","1285","2023-11-18 09:57:20"
"4026873","e297a6ec-8ffe-4465-9c87-689925af030d","CHE127","F-2-003-2011",,"Juglans","regia","","","","Juglans regia","CHE","","20110000","true","","false","","20","",,"","2014-01-09 17:12:40","1285","2023-11-18 10:00:15"
"4026874","c6306e5b-35d0-40c4-a36e-bc3d4b290b82","CHE127","F-1-072-2010",,"Juglans","regia","","","","Juglans regia","CHE","","20100000","true","","false","","20","",,"","2014-01-09 17:12:40","1285","2023-11-18 10:00:15"
"4026875","270a4f76-ff2c-45c6-8a30-1f3b2eca7bd4","CHE127","F-2-007-2011",,"Juglans","regia","","","","Juglans regia","CHE","","20110000","true","","false","","20","",,"","2014-01-09 17:12:40","1285","2023-11-18 10:00:15"
"4026876","39cd8d1b-ca74-470a-89f3-68973582aad5","CHE127","F-2-025-2012",,"Juglans","regia","","","","Juglans regia","CHE","","20120000","true","","false","","20","",,"","2014-01-09 17:12:40","1285","2023-11-18 10:00:12"
"4026877","e2f19ac8-593b-4b9b-8373-5b141ee9ea40","CHE127","F-2-004-2012",,"Juglans","regia","","","","Juglans regia","CHE","","20120000","true","","false","","20","",,"","2014-01-09 17:12:40","1285","2023-11-18 10:00:15"
"4026878","c3c5f2a1-416f-4198-9b91-3ada6cea0b32","CHE127","F-2-031-2012",,"Juglans","regia","","","","Juglans regia","CHE","","20120000","true","","false","","20","",,"","2014-01-09 17:12:40","1285","2023-11-18 10:00:12"
"4026879","8c1b56c0-e9a5-4f78-88ba-b4edf68a92b1","CHE127","F-1-058-2010",,"Juglans","regia","","","","Juglans regia","CHE","","20100000","true","","false","","20","",,"","2014-01-09 17:12:40","1285","2023-11-18 10:00:15"
"4026880","88b73c90-d51c-46f1-9ae9-3d6bd1384315","CHE127","F-2-030-2011",,"Juglans","regia","","","","Juglans regia","CHE","","20110000","true","","false","","20","",,"","2014-01-09 17:12:40","1285","2023-11-18 10:00:12"
"4026881","9a62b094-d8a2-4b74-a8e4-2e61fc2204e8","CHE127","F-2-028-2011",,"Juglans","regia","","","","Juglans regia","CHE","","20110000","true","","false","","20","",,"","2014-01-09 17:12:40","1285","2023-11-18 10:00:12"
"4026882","1cd7585b-cb59-4439-9c0c-d03b422d7925","CHE127","F-2-016-2012",,"Juglans","regia","","","","Juglans regia","CHE","","20120000","true","","false","","20","",,"","2014-01-09 17:12:40","1285","2023-11-18 10:00:12"
"4026883","0863e91b-3604-47d0-873b-c261e3a08094","CHE127","F-2-020-2012",,"Juglans","regia","","","","Juglans regia","CHE","","20120000","true","","false","","20","",,"","2014-01-09 17:12:40","1285","2023-11-18 09:59:58"
"4026884","d3afa7da-9db1-477e-a715-8e2340226e5c","CHE127","F-1-064-2011",,"Juglans","regia","","","","Juglans regia","CHE","","20110000","true","","false","","20","",,"","2014-01-09 17:12:40","1285","2023-11-18 10:00:15"
"4026885","16a8510c-7078-4f0a-ba68-c1a12fe91a8b","CHE127","F-2-012-2011",,"Juglans","regia","","","","Juglans regia","CHE","","20110000","true","","false","","20","",,"","2014-01-09 17:12:40","1285","2023-11-18 10:00:12"
"4026886","ca3ffe0b-de45-4dd2-ac51-1feda5536ee3","CHE127","F-2-006-2011",,"Juglans","regia","","","","Juglans regia","CHE","","20110000","true","","false","","20","",,"","2014-01-09 17:12:40","1285","2023-11-18 10:00:15"
"4026887","3b4ffb5c-ff5d-4ad8-9ba2-f3deb9d2ffd4","CHE127","F-1-055-2010",,"Juglans","regia","","","","Juglans regia","CHE","","20100000","true","","false","","20","",,"","2014-01-09 17:12:40","1285","2023-11-18 10:00:15"
"4026888","d49e03b8-3ba3-44fe-9659-2bb95d277c72","CHE127","F-1-054-2011",,"Juglans","regia","","","","Juglans regia","CHE","","20110000","true","","false","","20","",,"","2014-01-09 17:12:40","1285","2023-11-18 10:00:15"
"4026889","36dbaa59-e38d-4037-84f3-8f41952535f2","CHE127","F-2-034-2011",,"Juglans","regia","","","","Juglans regia","CHE","","20110000","true","","false","","20","",,"","2014-01-09 17:12:40","1285","2023-11-18 10:00:12"
"4026890","993cc68a-7a16-49f1-91a6-31ee9b8a2fc7","CHE127","F-2-024-2011",,"Juglans","regia","","","","Juglans regia","CHE","","20110000","true","","false","","20","",,"","2014-01-09 17:12:40","1285","2023-11-18 10:00:12"
"4026891","be133e64-9c42-4341-9135-e35305cc45b7","CHE127","F-1-062-2010",,"Juglans","regia","","","","Juglans regia","CHE","","20100000","true","","false","","20","",,"","2014-01-09 17:12:40","1285","2023-11-18 10:00:15"
"4026892","10f01f51-73c5-4b26-a6dd-dc5ca40872ce","CHE127","F-1-065-2010",,"Juglans","regia","","","","Juglans regia","CHE","","20100000","true","","false","","20","",,"","2014-01-09 17:12:40","1285","2023-11-18 10:00:15"
"4026893","be3f71a7-05f7-4545-bc1b-de987552da73","CHE127","F-2-017-2011",,"Juglans","regia","","","","Juglans regia","CHE","","20110000","true","","false","","20","",,"","2014-01-09 17:12:40","1285","2023-11-18 10:00:12"
"4026894","a2dc4285-8b3e-470c-956d-e8a0568863f5","CHE127","F-2-027-2011",,"Juglans","regia","","","","Juglans regia","CHE","","20110000","true","","false","","20","",,"","2014-01-09 17:12:40","1285","2023-11-18 10:00:12"
"4026895","482296b2-f16a-49b8-a3f7-bcbb86e998a1","CHE127","F-2-011-2011",,"Juglans","regia","","","","Juglans regia","CHE","","20110000","true","","false","","20","",,"","2014-01-09 17:12:40","1285","2023-11-18 10:00:12"
"4026896","77ca6534-80d8-4eb0-b6a7-8082057cea9d","CHE127","F-2-014-2012",,"Juglans","regia","","","","Juglans regia","CHE","","20120000","true","","false","","20","",,"","2014-01-09 17:12:40","1285","2023-11-18 10:00:12"
"4026897","779ed62d-1945-4236-a8d2-f8a026b67816","CHE127","F-1-060-2010",,"Juglans","regia","","","","Juglans regia","CHE","","20100000","true","","false","","20","",,"","2014-01-09 17:12:40","1285","2023-11-18 10:00:15"
"4026898","00339366-80b3-40b6-a007-dc9c0b0ead74","CHE127","F-2-033-2011",,"Juglans","regia","","","","Juglans regia","CHE","","20110000","true","","false","","20","",,"","2014-01-09 17:12:40","1285","2023-11-18 10:00:12"
"4026899","f1a16839-0f58-453c-a138-806ef0948936","CHE127","F-2-010-2011",,"Juglans","regia","","","","Juglans regia","CHE","","20110000","true","","false","","20","",,"","2014-01-09 17:12:40","1285","2023-11-18 10:00:12"
"4026900","96700dd0-11cd-46a9-b373-f741c2bf24a0","CHE127","F-2-064-2012",,"Juglans","regia","","","","Juglans regia","CHE","","20120000","true","","false","","20","",,"","2014-01-09 17:12:40","1285","2023-11-18 09:59:58"
"4026901","c624aa56-852b-4995-a9bf-5d1a830762f1","CHE127","F-2-038-2012",,"Juglans","regia","","","","Juglans regia","CHE","","20120000","true","","false","","20","",,"","2014-01-09 17:12:40","1285","2023-11-18 09:59:58"
"4026902","9ac68014-af30-4492-b881-a38b86878209","CHE127","F-2-068-2011",,"Juglans","regia","","","","Juglans regia","CHE","","20110000","true","","false","","20","",,"","2014-01-09 17:12:40","1285","2023-11-18 09:59:58"
"4026903","788a677e-fa37-4a10-a5f8-5d583a2ca3b9","CHE127","F-2-069-2011",,"Juglans","regia","","","","Juglans regia","CHE","","20110000","true","","false","","20","",,"","2014-01-09 17:12:40","1285","2023-11-18 09:59:58"
"4026904","5ee4e38a-6f20-4d8c-b900-9b9117ea2748","CHE127","F-2-051-2012",,"Juglans","regia","","","","Juglans regia","CHE","","20120000","true","","false","","20","",,"","2014-01-09 17:12:40","1285","2023-11-18 09:59:58"
"4026905","90a81b54-c8b4-4fc6-841b-61dc323b5135","CHE127","F-2-056-2012",,"Juglans","regia","","","","Juglans regia","CHE","","20120000","true","","false","","20","",,"","2014-01-09 17:12:40","1285","2023-11-18 09:59:58"
"4026906","ce4fa7a6-01f8-42e9-b185-08b5a34879d0","CHE127","F-2-044-2011",,"Juglans","regia","","","","Juglans regia","CHE","","20110000","true","","false","","20","",,"","2014-01-09 17:12:40","1285","2023-11-18 09:59:58"
"4026907","7e7519d7-d8ee-464f-bfe3-3110f3cec093","CHE127","F-2-072-2012",,"Juglans","regia","","","","Juglans regia","CHE","","20120000","true","","false","","20","",,"","2014-01-09 17:12:40","1285","2023-11-18 09:59:58"
"4026908","f1cc4e05-0f07-4708-bde9-bdfbac877539","CHE127","F-2-057-2012",,"Juglans","regia","","","","Juglans regia","CHE","","20120000","true","","false","","20","",,"","2014-01-09 17:12:40","1285","2023-11-18 09:59:58"
"4026909","7d632216-f8d5-43d9-9c55-0711d86553d8","CHE127","F-2-040-2011",,"Juglans","regia","","","","Juglans regia","CHE","","20110000","true","","false","","20","",,"","2014-01-09 17:12:40","1285","2023-11-18 09:59:58"
"4026910","8593effe-5d7d-4dae-8371-5b87f5f8c228","CHE127","F-2-049-2011",,"Juglans","regia","","","","Juglans regia","CHE","","20110000","true","","false","","20","",,"","2014-01-09 17:12:40","1285","2023-11-18 09:59:58"
"4026911","300eaa41-f75e-4e5f-bf2b-6b81fad30716","CHE127","F-2-071-2011",,"Juglans","regia","","","","Juglans regia","CHE","","20110000","true","","false","","20","",,"","2014-01-09 17:12:40","1285","2023-11-18 09:59:58"
"4026912","e9ad495c-eb8c-4f6c-a3f6-ae5407e36d2f","CHE127","F-2-043-2011",,"Juglans","regia","","","","Juglans regia","USA","","20110000","true","","false","","20","",,"","2014-01-09 17:12:40","1285","2023-11-18 09:59:58"
"4026913","0fb516a8-1950-4464-bdd1-f714778d2344","CHE127","F-2-060-2011",,"Juglans","regia","","","","Juglans regia","CHE","","20110000","true","","false","","20","",,"","2014-01-09 17:12:40","1285","2023-11-18 09:59:58"
"4026914","cc479631-8347-48cf-ba5c-9f9e10bd88e4","CHE127","F-2-021-2011",,"Juglans","regia","","","","Juglans regia","CHE","","20110000","true","","false","","20","",,"","2014-01-09 17:12:40","1285","2023-11-18 10:00:12"
"4026915","262c754b-8ddb-423a-b546-9db9b34f1b40","CHE127","F-2-058-2011",,"Juglans","regia","","","","Juglans regia","CHE","","20110000","true","","false","","20","",,"","2014-01-09 17:12:40","1285","2023-11-18 09:59:58"
"4026916","8c6ec669-7ec5-441e-8de5-d31a24f6837a","CHE127","F-2-054-2012",,"Juglans","regia","","","","Juglans regia","CHE","","20120000","true","","false","","20","",,"","2014-01-09 17:12:40","1285","2023-11-18 09:59:58"
"4026917","b1f5fc54-730b-4426-af7a-470c89bd225c","CHE127","F-2-066-2012",,"Juglans","regia","","","","Juglans regia","CHE","","20120000","true","","false","","20","",,"","2014-01-09 17:12:40","1285","2023-11-18 09:59:58"
"4026918","ed76d64c-cbbf-46fe-91ae-9c75a0cbfdcf","CHE127","F-2-019-2012",,"Juglans","regia","","","","Juglans regia","CHE","","20120000","true","","false","","20","",,"","2014-01-09 17:12:40","1285","2023-11-18 09:59:58"
"4026919","9aef2742-e80a-4dd7-98d2-3e49db5995dc","CHE127","F-2-062-2012",,"Juglans","regia","","","","Juglans regia","CHE","","20120000","true","","false","","20","",,"","2014-01-09 17:12:40","1285","2023-11-18 09:59:58"
"4026920","8f8acbb7-e322-4976-8f3c-42481363892f","CHE127","F-2-047-2012",,"Juglans","regia","","","","Juglans regia","CHE","","20120000","true","","false","","20","",,"","2014-01-09 17:12:40","1285","2023-11-18 09:59:58"
"4026921","caf3ab77-49fb-4094-bd01-d826d3941f57","CHE127","F-2-065-2011",,"Juglans","regia","","","","Juglans regia","CHE","","20110000","true","","false","","20","",,"","2014-01-09 17:12:40","1285","2023-11-18 09:59:58"
"4026922","a81467b4-67fe-4ac1-93c5-ce8a63c2908f","CHE127","F-2-069-2012",,"Juglans","regia","","","","Juglans regia","CHE","","20120000","true","","false","","20","",,"","2014-01-09 17:12:40","1285","2023-11-18 09:59:58"
"4026923","22b6d2c0-1b87-4e6d-96c0-38ffc73e897f","CHE127","F-2-067-2012",,"Juglans","regia","","","","Juglans regia","CHE","","20120000","true","","false","","20","",,"","2014-01-09 17:12:40","1285","2023-11-18 09:59:58"
"4026924","e6901eed-a75b-4fb5-8c63-4dfb560b213e","CHE127","F-2-050-2012",,"Juglans","regia","","","","Juglans regia","CHE","","20120000","true","","false","","20","",,"","2014-01-09 17:12:40","1285","2023-11-18 09:59:58"
"4026925","2a730716-98f1-40f0-9056-f63a25e0d208","CHE127","F-2-018-2011",,"Juglans","regia","","","","Juglans regia","CHE","","20110000","true","","false","","20","",,"","2014-01-09 17:12:41","1285","2023-11-18 09:59:58"
"4026926","98aeb9a7-004c-4f90-b6f5-726efff2de6f","CHE127","F-2-068-2012",,"Juglans","regia","","","","Juglans regia","CHE","","20120000","true","","false","","20","",,"","2014-01-09 17:12:41","1285","2023-11-18 09:59:58"
"4026927","c464ef64-b2d3-47cb-bb64-6f2d7621d47a","CHE127","F-2-071-2012",,"Juglans","regia","","","","Juglans regia","CHE","","20120000","true","","false","","20","",,"","2014-01-09 17:12:41","1285","2023-11-18 09:59:58"
"4026928","d511e70b-f5f3-4ba0-9d1c-7726865aeedd","CHE127","F-2-048-2011",,"Juglans","regia","","","","Juglans regia","CHE","","20110000","true","","false","","20","",,"","2014-01-09 17:12:41","1285","2023-11-18 09:59:58"
"4026929","4ed9cdfa-b668-47ef-9171-0c74d1c276d6","CHE127","F-2-039-2011",,"Juglans","regia","","","","Juglans regia","CHE","","20110000","true","","false","","20","",,"","2014-01-09 17:12:41","1285","2023-11-18 09:59:58"
"4026930","45c26295-b5b5-4298-bc5c-a3ca07993575","CHE127","F-2-052-2011",,"Juglans","regia","","","","Juglans regia","CHE","","20110000","true","","false","","20","",,"","2014-01-09 17:12:41","1285","2023-11-18 09:59:58"
"4026931","045faf95-a3ae-49ba-ac82-f37c74cbaab0","CHE127","F-2-063-2011",,"Juglans","regia","","","","Juglans regia","CHE","","20110000","true","","false","","20","",,"","2014-01-09 17:12:41","1285","2023-11-18 09:59:58"
"4026932","7c7071e8-5f37-4614-be64-ac55bef48012","CHE127","F-2-046-2012",,"Juglans","regia","","","","Juglans regia","CHE","","20120000","true","","false","","20","",,"","2014-01-09 17:12:41","1285","2023-11-18 09:59:58"
"4026933","cf772b62-384c-4388-ad7f-6b706a2dd0ce","CHE127","F-2-061-2011",,"Juglans","regia","","","","Juglans regia","CHE","","20110000","true","","false","","20","",,"","2014-01-09 17:12:41","1285","2023-11-18 09:59:58"
"4026934","105160d4-13a9-45ab-877f-800038e6bd50","CHE127","F-2-048-2012",,"Juglans","regia","","","","Juglans regia","CHE","","20120000","true","","false","","20","",,"","2014-01-09 17:12:41","1285","2023-11-18 09:59:58"
"4026935","051f0437-0afc-4250-8ea3-896b79684863","CHE127","F-2-041-2011",,"Juglans","regia","","","","Juglans regia","CHE","","20110000","true","","false","","20","",,"","2014-01-09 17:12:41","1285","2023-11-18 09:59:58"
"4026936","f39aab3e-eba6-4545-a688-91d9efa91465","CHE127","F-2-045-2012",,"Juglans","regia","","","","Juglans regia","CHE","","20120000","true","","false","","20","",,"","2014-01-09 17:12:41","1285","2023-11-18 09:59:58"
"4026937","df6b9b88-624a-4c31-8fab-4c381244cb1a","CHE127","F-2-055-2011",,"Juglans","regia","","","","Juglans regia","CHE","","20110000","true","","false","","20","",,"","2014-01-09 17:12:41","1285","2023-11-18 09:59:58"
"4026938","6e88019c-b572-437e-ab81-7cb9e69a9bb8","CHE127","F-2-042-2011",,"Juglans","regia","","","","Juglans regia","CHE","","20110000","true","","false","","20","",,"","2014-01-09 17:12:41","1285","2023-11-18 09:59:58"
"4026939","7d1d4d8b-bcb8-4da9-9559-8371b082791a","CHE127","F-2-053-2012",,"Juglans","regia","","","","Juglans regia","CHE","","20120000","true","","false","","20","",,"","2014-01-09 17:12:41","1285","2023-11-18 09:59:58"
"4092420","8db9659f-fde8-4b04-9e68-1f5b75f5fe9d","HRV054","FRU00130",,"Juglans","regia","L.","","","Juglans regia L.","USA","","2006----","","","false","","20","500",,"2","2014-01-09 22:00:45","1285","2023-11-18 10:48:52"
"4092429","d9525e85-009d-4308-8e1f-af9f8bb2b29c","HRV054","FRU00133",,"Juglans","regia","L.","","","Juglans regia L.","FRA","","2006----","","","false","","20","500",,"2","2014-01-09 22:00:45","1285","2023-11-18 10:48:52"
"4092441","96a951eb-6e33-4ea9-aaf3-c6e46af79b5a","HRV054","FRU00129",,"Juglans","regia","L.","","","Juglans regia L.","FRA","","2006----","","","false","","20","500",,"2","2014-01-09 22:00:45","1285","2023-11-18 10:48:52"
"4092450","123edd32-3619-4f69-bb38-e77a5939a2a7","HRV054","FRU00131",,"Juglans","regia","L.","","","Juglans regia L.","FRA","","2006----","","","false","","20","500",,"2","2014-01-09 22:00:45","1285","2023-11-18 10:48:52"
"4092462","a7c42722-dca8-41c8-b15b-339eae6ea11b","HRV054","FRU00132",,"Juglans","regia","L.","","","Juglans regia L.","FRA","","2006----","","","false","","20","500",,"2","2014-01-09 22:00:45","1285","2023-11-18 10:48:52"
"4101185","035e8eef-7ba5-43df-b22e-6d6dfbd9aebd","ITA378","No 0004",,"Juglans","regia","L.","","","Juglans regia L.","ITA","",,"","","false","","20","412",,"2","2014-01-09 22:14:03","1285","2023-11-18 08:56:16"
"4101192","c68dc005-6d52-4c17-9509-c4ad0aeece00","ITA378","No 0005",,"Juglans","regia","L.","","","Juglans regia L.","ITA","",,"","","false","","20","412",,"2","2014-01-09 22:14:03","1285","2023-11-18 08:56:16"
"4101202","31063be8-289e-40d0-adfe-2c5e173d350d","ITA378","No 0010",,"Juglans","regia","L.","","","Juglans regia L.","ITA","",,"","","false","","20","500","ITA380","2","2014-01-09 22:14:03","1285","2023-11-18 08:56:16"
"4101206","9b210283-7169-4ae5-b417-f4e85a4c2682","ITA378","No 0003",,"Juglans","regia","L.","","","Juglans regia L.","ITA","",,"","","false","","20","412",,"2","2014-01-09 22:14:03","1285","2023-11-18 08:56:16"
"4101208","2e8b7e58-c037-4bfa-82e0-16cff6338cb1","ITA378","No 0002",,"Juglans","regia","L.","","","Juglans regia L.","ITA","",,"","","false","","20","412",,"2","2014-01-09 22:14:03","1285","2023-11-18 08:56:16"
"4101211","3f4ffbec-f518-44a7-85d0-a5ef449ce7bf","ITA378","No 0001",,"Juglans","regia","L.","","","Juglans regia L.","ITA","",,"","","false","","20","412",,"2","2014-01-09 22:14:03","1285","2023-11-18 08:56:16"
"4101214","31172823-1274-4eea-b4c1-5f806a0d71e2","ITA378","No 0012",,"Juglans","regia","L.","","","Juglans regia L.","YUG","",,"","","false","","20","500",,"2","2014-01-09 22:14:03","1285","2023-11-18 08:56:16"
"4101238","b23f98ab-e838-4b90-bf2b-639504f99149","ITA378","No 0007",,"Juglans","regia","L.","","","Juglans regia L.","ITA","",,"","","false","","20","412",,"2","2014-01-09 22:14:04","1285","2023-11-18 08:56:16"
"4101242","4570b566-5eeb-4352-8257-933e6a62c9cc","ITA378","No 0009",,"Juglans","regia","L.","","","Juglans regia L.","YUG","",,"","","false","","20","500",,"2","2014-01-09 22:14:04","1285","2023-11-18 08:56:16"
"4101246","51742562-a4f3-4093-9c87-7d4390835484","ITA378","No 0006",,"Juglans","regia","L.","","","Juglans regia L.","ITA","",,"","","false","","20","412",,"2","2014-01-09 22:14:04","1285","2023-11-18 08:56:16"
"4101250","9b44eb3e-a55f-4bc1-b103-85ebbae98b67","ITA378","No 0008",,"Juglans","regia","L.","","","Juglans regia L.","YUG","",,"","","false","","20","500",,"2","2014-01-09 22:14:04","1285","2023-11-18 08:56:16"
"4101254","798e71b0-a2c5-427d-b5b7-f75ead8f9407","ITA378","No 0016",,"Juglans","regia","L.","","","Juglans regia L.","YUG","",,"","","false","","20","500",,"2","2014-01-09 22:14:04","1285","2023-11-18 08:56:16"
"4101261","7b4314ef-c9c1-4e65-b2e4-aab2624b6afd","ITA378","No 0015",,"Juglans","regia","L.","","","Juglans regia L.","YUG","",,"","","false","","20","500",,"2","2014-01-09 22:14:04","1285","2023-11-18 08:56:16"
"4101272","2d574652-f18a-4f72-8810-e73d6fde25e4","ITA378","No 0014",,"Juglans","regia","L.","","","Juglans regia L.","YUG","",,"","","false","","20","500",,"2","2014-01-09 22:14:04","1285","2023-11-18 08:56:16"
"4101274","75e0b1f5-1002-4ae7-94e2-a9ef19cf1ea4","ITA378","No 0011",,"Juglans","regia","L.","","","Juglans regia L.","YUG","",,"","","false","","20","500",,"2","2014-01-09 22:14:04","1285","2023-11-18 08:56:16"
"4101277","548ce445-844d-4c56-8b5c-f357e884d50d","ITA378","No 0013",,"Juglans","regia","L.","","","Juglans regia L.","ITA","",,"","","false","","20","300",,"2","2014-01-09 22:14:04","1285","2023-11-18 08:56:16"
"4103469","ba31c7ec-c038-419e-8800-c5e5cb55e825","ITA379","Noc042",,"Juglans","regia","L.","","","Juglans regia L.","PRT","",,"","","false","","20","500",,"2","2014-01-09 22:14:26","1285","2023-11-18 08:56:33"
"4103470","3a5ee312-eee6-4872-9430-3391729fc6f6","ITA379","Noc054",,"Juglans","regia","L.","","","Juglans regia L.","ITA","",,"","","false","","20","410",,"2","2014-01-09 22:14:26","1285","2023-11-18 08:56:33"
"4103471","2443d297-4e76-4027-b14e-ad0616221c19","ITA379","Noc018",,"Juglans","regia","L.","","","Juglans regia L.","FRA","",,"","","false","","20","500",,"2","2014-01-09 22:14:26","1285","2023-11-18 08:56:33"
"4103474","d005225c-546a-4cb3-8e63-027e5d86cb7e","ITA379","Noc033",,"Juglans","regia","L.","","","Juglans regia L.","ITA","",,"","","false","","20","410",,"2","2014-01-09 22:14:26","1285","2023-11-18 08:56:33"
"4103475","55ec9b22-1286-4cd1-9798-ff3909f496ee","ITA379","Noc052",,"Juglans","regia","L.","","","Juglans regia L.","USA","",,"","","false","","20","500",,"2","2014-01-09 22:14:26","1285","2023-11-18 08:56:33"
"4103476","895dce25-3adc-4115-acf2-d7c1bef8299c","ITA379","Noc037",,"Juglans","regia","L.","","","Juglans regia L.","ITA","",,"","","false","","20","500",,"2","2014-01-09 22:14:26","1285","2023-11-18 08:56:33"
"4103478","e4d64eb5-fc45-4438-9c0f-92dc57e8bddf","ITA379","Noc041",,"Juglans","regia","L.","","","Juglans regia L.","BGR","",,"","","false","","20","500",,"2","2014-01-09 22:14:26","1285","2023-11-18 08:56:33"
"4103480","36ec58ef-649b-468e-8123-2b16cce5e265","ITA379","Noc040",,"Juglans","regia","L.","","","Juglans regia L.","USA","",,"","","false","","20","500",,"2","2014-01-09 22:14:26","1285","2023-11-18 08:56:33"
"4103481","dffa05bf-fb7e-4dbd-b887-e708a7e6667a","ITA379","Noc030",,"Juglans","regia","L.","","","Juglans regia L.","USA","",,"","","false","","20","500",,"2","2014-01-09 22:14:26","1285","2023-11-18 08:56:33"
"4103483","c483be6b-5304-4d63-a4c3-99d65be7188c","ITA379","Noc031",,"Juglans","regia","L.","","","Juglans regia L.","ITA","",,"","","false","","20","410",,"2","2014-01-09 22:14:26","1285","2023-11-18 08:56:33"
"4103484","a4d665be-5b33-4498-9fcf-13b1c9c066b8","ITA379","Noc047",,"Juglans","regia","L.","","","Juglans regia L.","ITA","",,"","","false","","20","500",,"2","2014-01-09 22:14:26","1285","2023-11-18 08:56:33"
"4103485","57e36b27-25ad-467c-95a9-db2ac39b3e94","ITA379","Noc020",,"Juglans","regia","L.","","","Juglans regia L.","ITA","",,"","","false","","20","500",,"2","2014-01-09 22:14:26","1285","2023-11-18 08:56:33"
"4103486","bb212bae-815d-42d0-aab8-9a295b8cab5a","ITA379","Noc023",,"Juglans","regia","L.","","","Juglans regia L.","USA","",,"","","false","","20","500",,"2","2014-01-09 22:14:26","1285","2023-11-18 08:56:33"
"4103487","c1eac9e3-5bab-42bd-9984-37cc107327af","ITA379","Noc029",,"Juglans","regia","L.","","","Juglans regia L.","FRA","",,"","","false","","20","500",,"2","2014-01-09 22:14:26","1285","2023-11-18 08:56:33"
"4103489","0cc5bf0a-8eff-498c-8662-8b8cc853c637","ITA379","Noc048",,"Juglans","regia","L.","","","Juglans regia L.","USA","",,"","","false","","20","500",,"2","2014-01-09 22:14:26","1285","2023-11-18 08:56:33"
"4103491","790dccb2-64ad-446d-9d04-c6231cee1956","ITA379","Noc046",,"Juglans","regia","L.","","","Juglans regia L.","ITA","",,"","","false","","20","500",,"2","2014-01-09 22:14:26","1285","2023-11-18 08:56:33"
"4103492","c28d5691-fab7-480e-b18c-6e2adb695f4e","ITA379","Noc022",,"Juglans","regia","L.","","","Juglans regia L.","USA","",,"","","false","","20","500",,"2","2014-01-09 22:14:26","1285","2023-11-18 08:56:33"
"4103493","f4d4cdf3-6f62-4a1f-81ef-6243956abb4a","ITA379","Noc051",,"Juglans","regia","L.","","","Juglans regia L.","ITA","",,"","","false","","20","410",,"2","2014-01-09 22:14:26","1285","2023-11-18 08:56:33"
"4103494","82782cc5-f95a-4664-a98a-4541ee4da246","ITA379","Noc053",,"Juglans","regia","L.","","","Juglans regia L.","ITA","",,"","","false","","20","410",,"2","2014-01-09 22:14:26","1285","2023-11-18 08:56:33"
"4103496","2e9fd433-977f-46ac-a0cd-ee16c84835a7","ITA379","Noc028",,"Juglans","regia","L.","","","Juglans regia L.","FRA","",,"","","false","","20","500",,"2","2014-01-09 22:14:26","1285","2023-11-18 08:56:33"
"4103498","df6d8a7a-641e-4f7b-8272-26ab74aa43bc","ITA379","Noc035",,"Juglans","regia","L.","","","Juglans regia L.","USA","",,"","","false","","20","500",,"2","2014-01-09 22:14:26","1285","2023-11-18 08:56:33"
"4103499","98f961cd-9dcd-4259-8101-81fe61f2f42f","ITA379","Noc021",,"Juglans","regia","L.","","","Juglans regia L.","FRA","",,"","","false","","20","500",,"2","2014-01-09 22:14:26","1285","2023-11-18 08:56:33"
"4103500","7500b3dc-c437-4d9b-847a-af7d07dfddc8","ITA379","Noc039",,"Juglans","regia","L.","","","Juglans regia L.","USA","",,"","","false","","20","500",,"2","2014-01-09 22:14:26","1285","2023-11-18 08:56:33"
"4103501","497eda21-c054-4c37-bcba-6bcf85254abf","ITA379","Noc050",,"Juglans","regia","L.","","","Juglans regia L.","ITA","",,"","","false","","20","410",,"2","2014-01-09 22:14:26","1285","2023-11-18 08:56:33"
"4103502","f11c99c5-06c1-4d00-9503-4119337a9db1","ITA379","Noc027",,"Juglans","regia","L.","","","Juglans regia L.","FRA","",,"","","false","","20","500",,"2","2014-01-09 22:14:26","1285","2023-11-18 08:56:33"
"4103503","a3af36fa-a01c-4637-a75d-61598f211047","ITA379","Noc038",,"Juglans","regia","L.","","","Juglans regia L.","USA","",,"","","false","","20","500",,"2","2014-01-09 22:14:26","1285","2023-11-18 08:56:33"
"4103504","9f885e1b-232b-460e-a43d-df0320ec20e6","ITA379","Noc032",,"Juglans","regia","L.","","","Juglans regia L.","ITA","",,"","","false","","20","410",,"2","2014-01-09 22:14:26","1285","2023-11-18 08:56:33"
"4103505","ae45cb03-3e6e-4d5b-819a-a9f233f73197","ITA379","Noc045",,"Juglans","regia","L.","","","Juglans regia L.","ITA","",,"","","false","","20","500",,"2","2014-01-09 22:14:26","1285","2023-11-18 08:56:33"
"4103506","3e9e3825-6eee-48bb-a5f0-e5711cd8531e","ITA379","Noc019",,"Juglans","regia","L.","","","Juglans regia L.","ITA","",,"","","false","","20","500",,"2","2014-01-09 22:14:26","1285","2023-11-18 08:56:33"
"4103507","711575a7-f8e7-4a80-b05e-8ed20791936a","ITA379","Noc034",,"Juglans","regia","L.","","","Juglans regia L.","ITA","",,"","","false","","20","410",,"2","2014-01-09 22:14:26","1285","2023-11-18 08:56:33"
"4103508","4e064632-2499-4fb8-881a-cf54df7b8824","ITA379","Noc049",,"Juglans","regia","L.","","","Juglans regia L.","ITA","",,"","","false","","20","500",,"2","2014-01-09 22:14:26","1285","2023-11-18 08:56:33"
"4103509","8e8828d4-0415-4b3e-a59d-9352340fabc8","ITA379","Noc036",,"Juglans","regia","L.","","","Juglans regia L.","FRA","",,"","","false","","20","500",,"2","2014-01-09 22:14:26","1285","2023-11-18 08:56:33"
"4103512","d0a27b9d-b7dd-4d4c-a29d-696f31516718","ITA379","Noc024",,"Juglans","regia","L.","","","Juglans regia L.","FRA","",,"","","false","","20","500",,"2","2014-01-09 22:14:26","1285","2023-11-18 08:56:33"
"4103513","19b5ad80-34f2-4d5d-8cb2-0904dbf6e4ab","ITA379","Noc043",,"Juglans","regia","L.","","","Juglans regia L.","USA","",,"","","false","","20","500",,"2","2014-01-09 22:14:26","1285","2023-11-18 08:56:33"
"4103514","fd35ae22-8f5b-4567-8e87-27b09008b16e","ITA379","Noc044",,"Juglans","regia","L.","","","Juglans regia L.","FRA","",,"","","false","","20","500",,"2","2014-01-09 22:14:26","1285","2023-11-18 08:56:33"
"4103521","8372abe8-b575-4a2e-99da-42f43dcd4fa4","ITA379","Noc006",,"Juglans","regia","L.","","","Juglans regia L.","ITA","",,"","","false","","20","500",,"2","2014-01-09 22:14:26","1285","2023-11-18 08:56:46"
"4103522","55c98276-9ccf-4370-afcc-15fcbe4b3fbd","ITA379","Noc009",,"Juglans","regia","L.","","","Juglans regia L.","FRA","",,"","","false","","20","500",,"2","2014-01-09 22:14:26","1285","2023-11-18 08:56:33"
"4103524","c07e9653-02ed-46a4-b4c6-cef000c16746","ITA379","Noc007",,"Juglans","regia","L.","","","Juglans regia L.","USA","",,"","","false","","20","500",,"2","2014-01-09 22:14:26","1285","2023-11-18 08:56:33"
"4103527","43bb2dca-f3da-437b-98c0-db9dacb84ef4","ITA379","Noc008",,"Juglans","regia","L.","","","Juglans regia L.","USA","",,"","","false","","20","410",,"2","2014-01-09 22:14:26","1285","2023-11-18 08:56:46"
"4103531","f50818fd-3c6b-4b73-a028-5b12edc55618","ITA379","Noc002",,"Juglans","regia","L.","","","Juglans regia L.","USA","",,"","","false","","20","500",,"2","2014-01-09 22:14:26","1285","2023-11-18 08:56:46"
"4103533","f47f42a7-6b77-4329-95a1-0ccc0e89296e","ITA379","Noc015",,"Juglans","regia","L.","","","Juglans regia L.","FRA","",,"","","false","","20","500",,"2","2014-01-09 22:14:26","1285","2023-11-18 08:56:33"
"4103535","4e3d247c-651b-4296-b2e0-208d54c6c547","ITA379","Noc013",,"Juglans","regia","L.","","","Juglans regia L.","ITA","",,"","","false","","20","500",,"2","2014-01-09 22:14:26","1285","2023-11-18 08:56:33"
"4103536","2e4e4ca5-68ef-4e89-8ae8-178796fefc96","ITA379","Noc010",,"Juglans","regia","L.","","","Juglans regia L.","FRA","",,"","","false","","20","410",,"2","2014-01-09 22:14:26","1285","2023-11-18 08:56:46"
"4103537","ce12a3c9-144e-4fa0-bde9-c385f21d2373","ITA379","Noc012",,"Juglans","regia","L.","","","Juglans regia L.","USA","",,"","","false","","20","500",,"2","2014-01-09 22:14:26","1285","2023-11-18 08:56:46"
"4103538","25c69afa-c16e-4fcf-b925-726a24b20490","ITA379","Noc003",,"Juglans","regia","L.","","","Juglans regia L.","ITA","",,"","","false","","20","500",,"2","2014-01-09 22:14:26","1285","2023-11-18 08:56:46"
"4103540","62848081-7daf-4d4a-9ef4-38bdc25edcea","ITA379","Noc017",,"Juglans","regia","L.","","","Juglans regia L.","GRC","",,"","","false","","20","500",,"2","2014-01-09 22:14:26","1285","2023-11-18 08:56:33"
"4103543","a792adab-768d-42be-b57c-0978dad54277","ITA379","Noc014",,"Juglans","regia","L.","","","Juglans regia L.","FRA","",,"","","false","","20","500",,"2","2014-01-09 22:14:26","1285","2023-11-18 08:56:46"
"4103545","1575a18b-5a53-498a-af23-2b5373f504e1","ITA379","Noc004",,"Juglans","regia","L.","","","Juglans regia L.","USA","",,"","","false","","20","500",,"2","2014-01-09 22:14:26","1285","2023-11-18 08:56:33"
"4103548","2f607f88-de5e-49b7-956c-68679183f9e9","ITA379","Noc026",,"Juglans","regia","L.","","","Juglans regia L.","ITA","",,"","","false","","20","500","ITA378","2","2014-01-09 22:14:26","1285","2023-11-18 08:56:33"
"4103553","8eeed72b-ec17-499b-875d-fe91470bbdff","ITA379","Noc016",,"Juglans","regia","L.","","","Juglans regia L.","GRC","",,"","","false","","20","500",,"2","2014-01-09 22:14:26","1285","2023-11-18 08:56:33"
"4103555","61ad3be8-f745-4bab-8d35-fc39bd93f8f1","ITA379","Noc005",,"Juglans","regia","L.","","","Juglans regia L.","ITA","",,"","","false","","20","500",,"2","2014-01-09 22:14:26","1285","2023-11-18 08:56:46"
"4103556","2cfd91a4-32e6-447f-a6aa-0646c7c8eb73","ITA379","Noc001",,"Juglans","regia","L.","","","Juglans regia L.","FRA","",,"","","false","","20","500",,"2","2014-01-09 22:14:26","1285","2023-11-18 08:56:46"
"4103559","106b0455-844a-412a-bc1d-1e8dab980578","ITA379","Noc011",,"Juglans","regia","L.","","","Juglans regia L.","ESP","",,"","","false","","20","500",,"2","2014-01-09 22:14:26","1285","2023-11-18 08:56:33"
"4103564","d63b0e59-8410-429b-8cf3-64116b717485","ITA379","Noc025",,"Juglans","regia","L.","","","Juglans regia L.","USA","",,"","","false","","20","500",,"2","2014-01-09 22:14:26","1285","2023-11-18 08:56:33"
"4301247","12151dcd-ae96-412c-a6de-f2b75fa4f60d","UKR027","UN7500244",,"Juglans","regia","L.","","","Juglans regia L.","UKR","","201109--","","","false","",,"300",,"2","2014-01-09 23:52:17","1285","2023-11-18 08:24:57"
"4301268","59dbb38b-65b4-4447-8132-242bd235852e","UKR027","UN7500243",,"Juglans","regia","L.","","","Juglans regia L.",,"","198904--","","","false","",,"500",,"2","2014-01-09 23:52:17","1285","2024-10-28 15:04:45"
"4301643","f59bf089-f5e4-457f-8e0f-d00d8da26fd9","UKR033","UN7500194",,"Juglans","regia","L.","","","Juglans regia L.","UKR","",,"","","false","","20","100",,"2","2014-01-09 23:52:42","1285","2024-10-28 15:03:16"
"4303734","40b43deb-5a44-43e7-b2b7-a24d5cb27f15","UKR036","UN7500005",,"Juglans","regia","L.","","","Juglans regia L.","UKR","","1977----","","","false","","20","","UKR046","2","2014-01-09 23:53:39","1285","2023-11-18 08:24:57"
"4334059","3e8924cc-35e8-4f24-9cb0-c17133639bc0","USA028","DJUG 253",,"Juglans","regia","L.","","","Juglans regia L.","PAK","","19881223","","","false","","20","100",,"4","2014-05-05 10:32:11","4","2024-06-21 12:41:39"
"4334060","4c624504-1fe7-4335-8ee3-c760c57d1844","USA028","DJUG 348",,"Juglans","regia","L.","","","Juglans regia L.","CHN","","19910114","","","false","","20","100",,"4","2014-05-05 10:32:12","4","2024-06-21 12:41:43"
"4334061","384f8de9-604e-46f3-8dc4-f839a59e4182","USA028","DJUG 350",,"Juglans","regia","L.","","","Juglans regia L.","CHN","","19910114","","","false","","20","100",,"4","2014-05-05 10:32:12","4","2024-06-21 12:41:43"
"4334062","521368d2-124f-4b75-b83c-a6f35327f769","USA028","DJUG 412",,"Juglans","regia","L.","","","Juglans regia L.","POL","","19920221","","","false","","20","416",,"4","2014-05-05 10:32:12","4","2024-06-21 12:41:45"
"4334441","fcd3ce68-2ede-4ba0-aa56-075b33c65dfe","USA028","DJUG 836",,"Juglans","mandshurica","Maxim.","","","Juglans mandshurica Maxim.","USA","","20081212","","","false","",,"100",,"4","2014-05-05 10:41:46","4","2024-06-21 14:12:56"
"4334847","b78990d2-bdca-45c3-a6e4-2478759a7589","USA026","PI 666988",,"Juglans","hybr.","","","","Juglans hybr.","USA","","19900322","","","false","","20","500",,"4","2014-05-05 10:47:57","4","2024-06-21 17:23:36"
"4334849","23e94c20-834b-4c37-a991-ac94f326cf89","USA028","DJUG 135",,"Juglans","hybr.","","","","Juglans hybr.","USA","","19860101","","","false","","20","416",,"4","2014-05-05 10:47:58","4","2024-06-21 12:41:32"
"4335602","4ee2c962-c9f3-40c3-b7a9-9c5509cc4e58","USA028","DJUG 126",,"Juglans","regia","L.","","","Juglans regia L.","USA","","19860101","","","false","","20","416",,"4","2014-05-05 11:02:02","4","2024-06-21 12:41:31"
"4335611","0be9e478-e9b6-4429-aa3b-e29bc218b1ef","USA028","DJUG 468",,"Juglans","sigillata","Dode","","","Juglans sigillata Dode","CHN","","19960501","","","false","","20","416",,"4","2014-05-05 11:02:56","4","2024-06-21 13:47:22"
"4335613","61aa5ec1-3dcc-4d14-abd6-b0c6d3d55db4","USA028","DJUG 590",,"Juglans","regia","L.","","","Juglans regia L.","UKR","","20000928","","","false","","20","100",,"4","2014-05-05 11:02:59","4","2024-06-21 13:52:01"
"4335614","8212e097-f8db-47c4-84bf-c0b702f355ed","USA028","DJUG 566",,"Juglans","regia","L.","","","Juglans regia L.","UKR","","20000928","","","false","","20","100",,"4","2014-05-05 11:02:59","4","2024-06-21 13:52:01"
"4335756","7655403d-aaa6-4b94-b994-760d49e1912f","USA028","DJUG 73",,"Juglans","major","(Torr.) A. Heller","","","Juglans major (Torr.) A. Heller","USA","","19841005","","","false","","20","100",,"4","2014-05-05 11:58:23","4","2024-06-21 12:41:25"
"4337964","2331ff96-4a70-46e3-b51c-33ff2c9be4d0","USA028","DJUG 364",,"Juglans","regia","L.","","","Juglans regia L.","CHN","","19910114","","","false","","20","100",,"4","2014-05-05 12:32:53","4","2024-06-21 12:41:43"
"4337981","74f172ce-52b3-45ca-a683-eebc22723dd4","USA028","DJUG 46",,"Juglans","hindsii","(Jeps.) R. E. Sm.","","","Juglans hindsii (Jeps.) R. E. Sm.","USA","","19840501","","","false","","20","100",,"4","2014-05-05 12:32:53","4","2024-06-21 12:41:23"
"4337982","11ab392a-7f6e-44ec-ad52-d241bbf7aa93","USA028","DJUG 96",,"Juglans","regia","L.","","","Juglans regia L.","USA","","19860101","","","false","","20","416",,"4","2014-05-05 12:32:53","4","2024-06-21 12:41:28"
"4337990","6a0ec1d2-df88-456e-8655-637b8dfa6b2e","USA028","DJUG 384",,"Juglans","regia","L.","","","Juglans regia L.","CHN","","19910114","","","false","","20","100",,"4","2014-05-05 12:32:53","4","2024-06-21 12:41:44"
"4337991","e46d17d4-67b9-4e8b-ba36-6293793e137c","USA028","DJUG 102",,"Juglans","regia","L.","","","Juglans regia L.","IND","","19860101","","","false","","20","416",,"4","2014-05-05 12:32:53","4","2024-06-21 12:41:30"
"4337995","b4eeaae8-c737-4a60-9928-43268118fbc0","USA028","DJUG 857",,"Juglans","regia","L.","","","Juglans regia L.","KGZ","","20091001","","","false","",,"100",,"4","2014-05-05 12:32:53","4","2024-06-21 14:15:20"
"4338351","881ee7cc-380d-44e3-a428-8f75203b7500","USA026","PI 666999",,"Juglans","cinerea","L.","","","Juglans cinerea L.","USA","","20050304","","","false","","20","500",,"4","2014-05-05 12:33:23","4","2024-06-21 13:58:40"
"4338826","f85467ba-6456-47db-a54b-0d70ab348ddb","USA028","DJUG 342",,"Juglans","regia","L.","","","Juglans regia L.","CHN","","19910114","","","false","","20","100",,"4","2014-05-05 12:33:49","4","2024-06-21 12:41:43"
"4338829","3517036b-3df0-4143-89be-019fca6f62e4","USA028","DJUG 214",,"Juglans","regia","L.","","","Juglans regia L.","MEX","","19870928","","","false","","20","100",,"4","2014-05-05 12:33:49","4","2024-06-21 12:41:38"
"4338831","b3ed24f6-3154-4d0d-971a-28dcba86cea6","USA028","DJUG 461",,"Juglans","regia","L.","","","Juglans regia L.","USA","","19960501","","","false","","20","416",,"4","2014-05-05 12:33:49","4","2024-06-21 13:47:21"
"4338833","667c031d-99aa-4f4f-af51-7497e895def4","USA028","DJUG 874",,"Juglans","regia","L.","","","Juglans regia L.","KGZ","","20091001","","","false","",,"100",,"4","2014-05-05 12:33:49","4","2024-06-21 14:15:20"
"4338856","e42324e1-904f-41c1-abff-cfb421cd399b","USA028","DJUG 252",,"Juglans","regia","L.","","","Juglans regia L.","PAK","","19881223","","","false","","20","100",,"4","2014-05-05 12:33:49","4","2024-06-21 12:41:39"
"4338869","08d223f4-5e70-4cef-9f70-9e2e2522f81d","USA028","DJUG 263",,"Juglans","regia","L.","","","Juglans regia L.","PAK","","19881223","","","false","","20","100",,"4","2014-05-05 12:33:49","4","2024-06-21 12:41:40"
"4338873","c3a02e9a-c8f7-4f5d-a090-d14520d627be","USA028","DJUG 241",,"Juglans","regia","L.","","","Juglans regia L.","PAK","","19881223","","","false","","20","100",,"4","2014-05-05 12:33:49","4","2024-06-21 12:41:39"
"4339405","0737eca1-0d2e-4e52-84ec-1e8f33d36520","USA028","DJUG 113",,"Juglans","major","(Torr.) A. Heller","","","Juglans major (Torr.) A. Heller","USA","","19860228","","","false","","20","100",,"4","2014-05-05 12:34:27","4","2024-06-21 12:41:30"
"4339423","d2dd61fe-9cc5-417a-8987-263694fdb5c4","USA028","DJUG 105",,"Juglans","hindsii","(Jeps.) R. E. Sm.","","","Juglans hindsii (Jeps.) R. E. Sm.","USA","","1986----","","","false","","20","416",,"4","2014-05-05 12:34:27","4","2024-06-21 12:41:30"
"4339425","3d70c841-ff6d-4eac-9b1b-520b820964b3","USA028","DJUG 750",,"Juglans","hybr.","","","","Juglans hybr.","USA","","20070227","","","false","","20","416",,"4","2014-05-05 12:34:27","4","2024-06-21 14:03:52"
"4341036","d54fd471-1426-484d-a102-bbeeb8cc0155","USA028","DJUG 110",,"Juglans","regia","L.","","","Juglans regia L.","USA","","19860101","","","false","","20","416",,"4","2014-05-05 12:41:17","4","2024-06-21 12:41:30"
"4341048","be73338c-319f-489a-8d48-090c30a0d1f8","USA028","DJUG 748",,"Juglans","regia","L.","","","Juglans regia L.","CHN","","20070227","","","false","","20","416",,"4","2014-05-05 12:41:17","4","2024-06-21 14:03:52"
"4341050","af30a6c9-a919-4e36-8f5e-f544b125a657","USA028","DJUG 582",,"Juglans","regia","L.","","","Juglans regia L.","UKR","","20000928","","","false","","20","100",,"4","2014-05-05 12:41:17","4","2024-06-21 13:52:01"
"4341055","a1956379-de94-4578-a578-357e20109b71","USA028","DJUG 741",,"Juglans","regia","L.","","","Juglans regia L.","CHN","","20070227","","","false","","20","416",,"4","2014-05-05 12:41:17","4","2024-06-21 14:03:52"
"4341070","8844c0cd-231d-4a20-9944-1e5a99bdf510","USA028","DJUG 70",,"Juglans","major","(Torr.) A. Heller","","","Juglans major (Torr.) A. Heller","USA","","19841005","","","false","","20","100",,"4","2014-05-05 12:41:17","4","2024-06-21 12:41:25"
"4341072","159c968a-b9dd-41eb-9818-382227eb2faa","USA028","DJUG 71",,"Juglans","major","(Torr.) A. Heller","","","Juglans major (Torr.) A. Heller","USA","","19841005","","","false","","20","100",,"4","2014-05-05 12:41:17","4","2024-06-21 12:41:25"
"4341128","76eb5706-9bc9-45de-be4a-505e93e5dd2c","USA026","PI 666986",,"Juglans","cinerea","L.","","","Juglans cinerea L.","USA","","19900322","","","false","","20","500",,"4","2014-05-05 12:41:26","4","2024-06-21 17:23:36"
"4342252","09d269e8-38af-4625-9177-5842ba77c978","USA028","DJUG 334",,"Juglans","regia","L.","","","Juglans regia L.","CHN","","19910114","","","false","","20","100",,"4","2014-05-05 12:42:35","4","2024-06-21 12:41:41"
"4342272","061e52dc-3a64-483f-b79b-c536e6497473","USA028","DJUG 751",,"Juglans","regia","L.","","","Juglans regia L.","CHN","","20070227","","","false","","20","416",,"4","2014-05-05 12:42:36","4","2024-06-21 14:03:52"
"4342312","7b2e54ee-5fc5-4e06-92ba-e4e4b0b7f78f","USA028","DJUG 608",,"Juglans","regia","L.","","","Juglans regia L.","UKR","","20000928","","","false","","20","100",,"4","2014-05-05 12:42:36","4","2024-06-21 13:52:01"
"4344562","f3cdb1ad-848b-4651-879c-9e9f409d5e60","USA028","DJUG 383",,"Juglans","regia","L.","","","Juglans regia L.","CHN","","19910114","","","false","","20","100",,"4","2014-05-05 12:45:01","4","2024-06-21 12:41:44"
"4344572","9f3f2c06-5583-4412-95c1-602863eb83a3","USA028","DJUG 611",,"Juglans","regia","L.","","","Juglans regia L.","UKR","","20000928","","","false","","20","100",,"4","2014-05-05 12:45:01","4","2024-06-21 13:52:01"
"4344584","8518f729-a3d8-4249-b5c8-e6f40091bc5e","USA028","DJUG 262",,"Juglans","regia","L.","","","Juglans regia L.","PAK","","19881223","","","false","","20","100",,"4","2014-05-05 12:45:01","4","2024-06-21 12:41:39"
"4344593","d344fab8-e491-463a-8a69-97593aae5a14","USA028","DJUG 613",,"Juglans","regia","L.","","","Juglans regia L.","UKR","","20000928","","","false","","20","100",,"4","2014-05-05 12:45:01","4","2024-06-21 13:52:01"
"4344605","7a34b236-a17d-4955-89ff-f08830673d0f","USA028","DJUG 50",,"Juglans","major","(Torr.) A. Heller","","","Juglans major (Torr.) A. Heller","USA","","19841005","","","false","","20","100",,"4","2014-05-05 12:45:01","4","2024-06-21 12:41:25"
"4345083","1ac22461-ae4b-475e-bdfb-41db13870c24","USA026","PI 666994",,"Juglans","cinerea","L.","","","Juglans cinerea L.","USA","","20020417","","","false","","20","500",,"4","2014-05-05 12:45:22","4","2024-06-21 13:55:23"
"4345543","aa21e0c8-dfa4-47b0-b151-f79948c0e53c","USA028","DJUG 23",,"Juglans","californica","S. Watson","","","Juglans californica S. Watson","USA","","19830923","","","false","","20","100",,"4","2014-05-05 12:47:36","4","2024-06-21 17:23:37"
"4345559","813351d9-50ab-4b13-9ba6-d4aee7651d43","USA028","DJUG 780",,"Juglans","regia","L.","","","Juglans regia L.","AZE","","20071019","","","false","",,"100",,"4","2014-05-05 12:47:36","4","2024-06-21 14:12:51"
"4345570","aadfe1db-c4bf-4519-aebf-007a836c35ca","USA028","PI 264372",,"Juglans","regia","L.","","","Juglans regia L.",,"","19600325","","","false","","20","416",,"4","2014-05-05 12:47:36","4","2024-06-21 13:00:42"
"4346314","ccfeafe1-4b6e-4919-acac-c6fc03fd3c2a","USA028","DJUG 11",,"Juglans","mandshurica","Maxim.","","","Juglans mandshurica Maxim.","TWN","","1983----","","","false","","20","100",,"4","2014-05-05 12:48:37","4","2024-06-21 17:23:36"
"4346322","4a7d67bd-979e-4624-8786-f2c611b4d678","USA028","DJUG 304",,"Juglans","nigra","L.","","","Juglans nigra L.","USA","","19900330","","","false","","20","416",,"4","2014-05-05 12:48:37","4","2024-06-21 12:41:41"
"4346329","8d1b33aa-bac0-40fa-9212-9e24d3403bb2","USA028","DJUG 567",,"Juglans","mandshurica","Maxim.","","","Juglans mandshurica Maxim.","UKR","","20000928","","","false","","20","100",,"4","2014-05-05 12:48:37","4","2024-06-21 13:52:01"
"4346340","a25c63fa-bc63-4f25-8df5-c05e340dcffd","USA028","DJUG 174",,"Juglans","hindsii","(Jeps.) R. E. Sm.","","","Juglans hindsii (Jeps.) R. E. Sm.","USA","","19870116","","","false","","20","416",,"4","2014-05-05 12:48:37","4","2024-06-21 12:41:34"
"4346800","e75491f0-4fd2-497b-b72c-6d962cdeda1a","USA026","PI 667004",,"Juglans","cinerea","L.","","","Juglans cinerea L.","USA","","20050304","","","false","","20","500",,"4","2014-05-05 12:48:52","4","2024-06-21 13:58:40"
"4348040","c0abdbe0-d113-44ed-8c16-4c392e3d9341","USA028","DJUG 492",,"Juglans","regia","L.","","","Juglans regia L.","BGR","","19960501","","","false","","20","416",,"4","2014-05-05 12:50:18","4","2024-06-21 13:47:21"
"4348062","0e7b47dc-2446-48e5-acbb-8d59c6b8a556","USA028","DJUG 20",,"Juglans","californica","S. Watson","","","Juglans californica S. Watson","USA","","19830923","","","false","","20","100",,"4","2014-05-05 12:50:18","4","2024-06-21 17:23:37"
"4348093","7eff9761-1b80-4a45-b1cf-b198e3e59ecb","USA026","PI 667001",,"Juglans","cinerea","L.","","","Juglans cinerea L.","USA","","20050304","","","false","","20","500",,"4","2014-05-05 12:50:23","4","2024-06-21 13:58:40"
"4348163","3904fda6-bdf2-4073-bab4-cf447b0f5f64","USA028","DJUG 10",,"Juglans","ailantifolia","Carriere","var. cordiformis","(Makino) Rehder","Juglans ailantifolia Carriere var. cordiformis (Makino) Rehder","JPN","","1983----","","","false","","20","100",,"4","2014-05-05 12:50:26","4","2024-06-21 17:23:36"
"4348177","9aba2b1a-95aa-4334-8b2b-5f4a67c1ee2d","USA028","DJUG 9",,"Juglans","ailantifolia","Carriere","var. cordiformis","(Makino) Rehder","Juglans ailantifolia Carriere var. cordiformis (Makino) Rehder","JPN","","1983----","","","false","","20","100",,"4","2014-05-05 12:50:26","4","2024-06-21 17:23:36"
"4349144","de30b057-5e45-4a92-b091-d247ca6f7d9e","USA028","DJUG 333",,"Juglans","regia","L.","","","Juglans regia L.","CHN","","19910114","","","false","","20","100",,"4","2014-05-05 12:51:11","4","2024-06-21 12:41:41"
"4349149","45ac80ba-7809-4baf-8ed0-9967ef4a6d70","USA028","DJUG 69",,"Juglans","major","(Torr.) A. Heller","","","Juglans major (Torr.) A. Heller","USA","","19841005","","","false","","20","100",,"4","2014-05-05 12:51:11","4","2024-06-21 12:41:26"
"4349161","26e86a9d-29be-454a-ae34-1ec71ba46ba5","USA028","DJUG 352",,"Juglans","regia","L.","","","Juglans regia L.","CHN","","19910114","","","false","","20","100",,"4","2014-05-05 12:51:11","4","2024-06-21 12:41:43"
"4349165","5adf7e42-fe2e-4987-9dd0-ba949173a82f","USA028","DJUG 19",,"Juglans","californica","S. Watson","","","Juglans californica S. Watson","USA","","19830923","","","false","","20","100",,"4","2014-05-05 12:51:11","4","2024-06-21 17:23:37"
"4349168","35e43ce1-af26-454f-b0c6-1e098695f3d6","USA028","DJUG 607",,"Juglans","regia","L.","","","Juglans regia L.","UKR","","20000928","","","false","","20","100",,"4","2014-05-05 12:51:11","4","2024-06-21 13:52:01"
"4349173","f140ac64-b624-4913-b86a-229fbef781bc","USA028","DJUG 490",,"Juglans","regia","L.","","","Juglans regia L.","IND","","19960501","","","false","","20","416",,"4","2014-05-05 12:51:11","4","2024-06-21 13:47:21"
"4349183","e6141075-b7aa-4c0f-b09f-058bd9febd7b","USA028","DJUG 379",,"Juglans","regia","L.","","","Juglans regia L.","CHN","","19910114","","","false","","20","100",,"4","2014-05-05 12:51:11","4","2024-06-21 12:41:44"
"4349187","b8c18fd7-21da-47ba-ae00-e2ea97ab7a52","USA028","DJUG 255",,"Juglans","regia","L.","","","Juglans regia L.","PAK","","19881223","","","false","","20","100",,"4","2014-05-05 12:51:11","4","2024-06-21 12:41:39"
"4349914","608f6d51-9f6a-4736-a905-f802c685ad4d","USA028","DJUG 951",,"Juglans","sigillata","Dode","","","Juglans sigillata Dode","CHN","","20110906","","","false","",,"100",,"4","2014-05-05 12:51:47","4","2024-06-21 14:24:47"
"4350030","894ed707-6a19-4e39-b050-073612d3e97e","USA026","PI 666991",,"Juglans","cinerea","L.","","","Juglans cinerea L.","USA","","19900322","","","false","","20","500",,"4","2014-05-05 12:51:56","4","2024-06-21 17:23:36"
"4350928","d94400c8-813f-4b0b-abb5-86745d91d0d1","USA028","DJUG 17",,"Juglans","californica","S. Watson","","","Juglans californica S. Watson","USA","","19830923","","","false","","20","100",,"4","2014-05-05 12:53:02","4","2024-06-21 17:23:37"
"4350930","f8182912-30db-41cf-a2bd-a52273b7740c","USA028","DJUG 243",,"Juglans","regia","L.","","","Juglans regia L.","PAK","","19881223","","","false","","20","100",,"4","2014-05-05 12:53:02","4","2024-06-21 12:41:39"
"4350941","be6bb9c7-d6f4-4587-950e-14c70e199a88","USA028","DJUG 94",,"Juglans","hindsii","(Jeps.) R. E. Sm.","","","Juglans hindsii (Jeps.) R. E. Sm.","USA","","1983----","","","false","","20","100",,"4","2014-05-05 12:53:02","4","2024-06-21 12:41:29"
"4350958","19d2380a-1fe7-422e-94db-b05bcbcffbea","USA028","DJUG 417",,"Juglans","regia","L.","","","Juglans regia L.","ROU","","19920221","","","false","","20","416",,"4","2014-05-05 12:53:02","4","2024-06-21 12:41:45"
"4350962","fbbb6ef8-1c83-48b5-a6a7-c2efe0940dd2","USA028","DJUG 378",,"Juglans","regia","L.","","","Juglans regia L.","CHN","","19910114","","","false","","20","100",,"4","2014-05-05 12:53:02","4","2024-06-21 12:41:44"
"4350964","57d56085-1ab0-4a56-bb2d-661c6d6518a3","USA028","DJUG 239",,"Juglans","regia","L.","","","Juglans regia L.","PAK","","19881223","","","false","","20","100",,"4","2014-05-05 12:53:02","4","2024-06-21 12:41:39"
"4350972","fa804354-6051-40ca-b4c9-dba0b443c6e1","USA028","PI 264367",,"Juglans","regia","L.","","","Juglans regia L.",,"","19600325","","","false","","20","416",,"4","2014-05-05 12:53:02","4","2024-06-21 13:00:42"
"4352709","995048c1-737f-4393-b877-ef4e83d08117","USA028","DJUG 254",,"Juglans","regia","L.","","","Juglans regia L.","PAK","","19881223","","","false","","20","100",,"4","2014-05-05 12:55:04","4","2024-06-21 12:41:39"
"4353141","ca96fcc3-1af4-4ece-aa89-61b87615b883","USA028","DJUG 25",,"Juglans","californica","S. Watson","","","Juglans californica S. Watson","USA","","19830923","","","false","","20","100",,"4","2014-05-05 12:55:27","4","2024-06-21 12:41:19"
"4353152","da1e022f-e3a7-4377-98c3-127cb4b33a8a","USA028","DJUG 66",,"Juglans","ailantifolia","Carriere","","","Juglans ailantifolia Carriere","USA","","19850215","","","false","","20","100",,"4","2014-05-05 12:55:27","4","2024-06-21 12:41:26"
"4354618","78dba46b-6c2f-4ce7-ad9a-4fb2f0f13691","USA028","DJUG 565",,"Juglans","regia","L.","","","Juglans regia L.","UKR","","20000928","","","false","","20","100",,"4","2014-05-05 12:57:26","4","2024-06-21 13:52:01"
"4354619","18d947f6-cf26-4f86-87e9-0a4243023f80","USA028","DJUG 338",,"Juglans","regia","L.","","","Juglans regia L.","CHN","","19910114","","","false","","20","100",,"4","2014-05-05 12:57:26","4","2024-06-21 12:41:41"
"4354634","4ffd255a-7b97-4532-9c06-5ccd00cc8ee7","USA028","DJUG 560",,"Juglans","mandshurica","Maxim.","","","Juglans mandshurica Maxim.","UKR","","20000928","","","false","","20","100",,"4","2014-05-05 12:57:26","4","2024-06-21 13:52:01"
"4354650","7cd3744a-3434-4727-96d7-fa920184edf3","USA028","DJUG 695",,"Juglans","regia","L.","","","Juglans regia L.","USA","","20060227","","","false","","20","416",,"4","2014-05-05 12:57:26","4","2024-06-21 14:01:19"
"4354651","9773f945-ccf8-421f-ba6a-d20673860e56","USA028","DJUG 584",,"Juglans","regia","L.","","","Juglans regia L.","UKR","","20000928","","","false","","20","100",,"4","2014-05-05 12:57:26","4","2024-06-21 13:52:01"
"4354654","f4743248-b71d-4469-9a72-e7cec0ac9e8e","USA028","DJUG 165",,"Juglans","regia","L.","","","Juglans regia L.","AFG","","19860101","","","false","","20","416",,"4","2014-05-05 12:57:26","4","2024-06-21 12:41:35"
"4354657","c9814d31-98f7-4701-9372-4ab2488b9b6e","USA028","DJUG 227",,"Juglans","regia","L.","","","Juglans regia L.","AFG","","19880504","","","false","","20","416",,"4","2014-05-05 12:57:26","4","2024-06-21 12:41:37"
"4355209","665ed23e-3557-4f3b-b9c1-c410bddc1b93","USA028","DJUG 218",,"Juglans","mollis","Engelm.","","","Juglans mollis Engelm.","MEX","","19870928","","","false","","20","100",,"4","2014-05-05 12:58:28","4","2024-06-21 12:41:38"
"4355219","7d5dad63-82a1-436d-a1d2-f059754fb7fa","USA028","DJUG 547",,"Juglans","australis","Griseb.","","","Juglans australis Griseb.","ARG","","19990524","","","false","","20","100",,"4","2014-05-05 12:58:28","4","2024-06-21 13:48:50"
"4355656","4faa82cf-a6ff-4b69-b587-00adf5722695","USA028","PI 263512",,"Juglans","regia","L.","","","Juglans regia L.","KOR","","19600204","","","false","","20","416",,"4","2014-05-05 12:59:02","4","2024-06-21 13:00:41"
"4355665","40ed5e06-185b-4191-b4d5-63a5e595181d","USA028","DJUG 274",,"Juglans","regia","L.","","","Juglans regia L.","PAK","","19881223","","","false","","20","100",,"4","2014-05-05 12:59:02","4","2024-06-21 12:41:40"
"4355681","3199a9f5-2520-4b21-ad84-75c8f7d162e9","USA028","DJUG 190",,"Juglans","regia","L.","","","Juglans regia L.",,"","19870101","","","false","","20","100",,"4","2014-05-05 12:59:02","4","2024-06-21 12:41:36"
"4355682","6528c1dc-93dd-42bf-8276-12f955ae96af","USA028","DJUG 256",,"Juglans","regia","L.","","","Juglans regia L.","PAK","","19881223","","","false","","20","100",,"4","2014-05-05 12:59:02","4","2024-06-21 12:41:39"
"4355684","4193899e-4c8c-4042-94f8-3e4cdb472484","USA028","DJUG 477",,"Juglans","regia","L.","","","Juglans regia L.",,"","19960501","","","false","","20","416",,"4","2014-05-05 12:59:02","4","2024-06-21 13:47:21"
"4355690","ff0ec466-7c25-419c-9797-440c91b40933","USA028","DJUG 351",,"Juglans","regia","L.","","","Juglans regia L.","CHN","","19910114","","","false","","20","100",,"4","2014-05-05 12:59:02","4","2024-06-21 12:41:43"
"4356379","f6e41299-47e1-4e6c-a550-36bdba5d00ec","USA028","DJUG 24",,"Juglans","californica","S. Watson","","","Juglans californica S. Watson","USA","","19830923","","","false","","20","100",,"4","2014-05-06 07:16:17","4","2024-06-21 12:41:19"
"4357228","93079023-d016-4bea-a7ad-1d1c7d4e4b34","USA028","DJUG 168",,"Juglans","regia","L.","","","Juglans regia L.","USA","","19870116","","","false","","20","416",,"4","2014-05-06 07:17:02","4","2024-06-21 12:41:35"
"4357245","9fc8d69f-57e2-4d4e-9787-82b798253d77","USA028","DJUG 261",,"Juglans","regia","L.","","","Juglans regia L.","PAK","","19881223","","","false","","20","100",,"4","2014-05-06 07:17:02","4","2024-06-21 12:41:39"
"4358045","ca3dc2fe-64fa-4e51-9654-0b20bc9db790","USA028","DJUG 6",,"Juglans","ailantifolia","Carriere","","","Juglans ailantifolia Carriere","JPN","","1983----","","","false","","20","100",,"4","2014-05-06 07:17:41","4","2024-06-21 17:23:35"
"4358049","bbab5ab3-dcef-4fbe-b6b1-923214fc3c20","USA028","DJUG 770",,"Juglans","regia","L.","","","Juglans regia L.","AZE","","20071019","","","false","",,"100",,"4","2014-05-06 07:17:41","4","2024-06-21 14:12:51"
"4358061","de32ce35-af4a-44cd-b687-2ab158d0303a","USA028","DJUG 3",,"Juglans","ailantifolia","Carriere","","","Juglans ailantifolia Carriere","JPN","","1983----","","","false","","20","100",,"4","2014-05-06 07:17:41","4","2024-06-21 17:23:35"
"4358088","e049de05-fac1-4096-a604-310e49c07e43","USA028","DJUG 375",,"Juglans","regia","L.","","","Juglans regia L.","CHN","","19910114","","","false","","20","100",,"4","2014-05-06 07:17:41","4","2024-06-21 12:41:44"
"4358089","9b56acf2-3cf0-4c5e-b513-2d77e0fcd27a","USA028","PI 264360",,"Juglans","regia","L.","","","Juglans regia L.",,"","19600325","","","false","","20","416",,"4","2014-05-06 07:17:41","4","2024-06-21 13:00:42"
"4358930","dbc1b4a6-80c6-4390-8089-f6cc22c2dd84","USA028","DJUG 259",,"Juglans","regia","L.","","","Juglans regia L.","PAK","","19881223","","","false","","20","100",,"4","2014-05-06 07:18:26","4","2024-06-21 12:41:39"
"4358941","237c05ab-43d8-4ec1-b898-f16b44c70eba","USA028","DJUG 853",,"Juglans","regia","L.","","","Juglans regia L.","KGZ","","20091001","","","false","",,"100",,"4","2014-05-06 07:18:26","4","2024-06-21 14:15:20"
"4358947","798b0487-4cef-43fd-871e-2f2544cd5f14","USA028","DJUG 377",,"Juglans","regia","L.","","","Juglans regia L.","CHN","","19910114","","","false","","20","100",,"4","2014-05-06 07:18:26","4","2024-06-21 12:41:44"
"4359777","3fac3712-be2e-49ab-86e2-e6cddaf26d3e","USA028","DJUG 463",,"Juglans","mandshurica","Maxim.","","","Juglans mandshurica Maxim.","CHN","","19960501","","","false","","20","416",,"4","2014-05-06 07:19:00","4","2024-06-21 13:47:21"
"4361387","8d26fddd-ca92-4920-bb4e-0dd16fdb0e06","USA028","DJUG 315",,"Juglans","regia","L.","","","Juglans regia L.",,"","19900807","","","false","","20","100",,"4","2014-05-06 07:20:23","4","2024-06-21 12:41:41"
"4361398","2b192168-f790-4aa1-beea-d7cb2a98ee1f","USA028","DJUG 93",,"Juglans","hindsii","(Jeps.) R. E. Sm.","","","Juglans hindsii (Jeps.) R. E. Sm.","USA","","1983----","","","false","","20","100",,"4","2014-05-06 07:20:24","4","2024-06-21 12:41:29"
"4361413","aa7a959f-1067-45f0-90f1-3b98cc40c8f5","USA028","DJUG 411",,"Juglans","regia","L.","","","Juglans regia L.","POL","","19920221","","","false","","20","416",,"4","2014-05-06 07:20:24","4","2024-06-21 12:41:45"
"4361437","19e573a2-4e43-4f9e-98f0-39a080aad17e","USA028","DJUG 42",,"Juglans","hindsii","(Jeps.) R. E. Sm.","","","Juglans hindsii (Jeps.) R. E. Sm.","USA","","19840501","","","false","","20","100",,"4","2014-05-06 07:20:24","4","2024-06-21 12:41:23"
"4362090","e8473d5f-6c0e-405e-a8b1-1db09c906eef","USA028","DJUG 303",,"Juglans","nigra","L.","","","Juglans nigra L.","USA","","19900330","","","false","","20","416",,"4","2014-05-06 07:20:51","4","2024-06-21 12:41:41"
"4362606","7dd6c0d1-ef93-4f85-9879-24c2f51fdab4","USA028","DJUG 744",,"Juglans","regia","L.","","","Juglans regia L.","CHN","","20070227","","","false","","20","416",,"4","2014-05-06 07:21:25","4","2024-06-21 14:03:52"
"4362628","f6781a0a-fe41-43bd-844c-ec2dd19f801e","USA028","DJUG 600",,"Juglans","regia","L.","","","Juglans regia L.","UKR","","20000928","","","false","","20","100",,"4","2014-05-06 07:21:25","4","2024-06-21 13:52:01"
"4363166","bf37cc39-a6da-4028-9ee2-5ec4963c02b3","USA028","DJUG 194",,"Juglans","mandshurica","Maxim.","","","Juglans mandshurica Maxim.","KOR","","19870101","","","false","","20","100",,"4","2014-05-06 07:21:51","4","2024-06-21 12:41:36"
"4363307","0537ad35-78eb-4df6-b1cd-92666e77136a","USA026","PI 667000",,"Juglans","cinerea","L.","","","Juglans cinerea L.","USA","","20050304","","","false","","20","500",,"4","2014-05-06 07:21:55","4","2024-06-21 13:58:40"
"4364441","e1d75049-3132-4274-a561-38a50cc4ccc2","USA028","DJUG 340",,"Juglans","regia","L.","","","Juglans regia L.","CHN","","19910114","","","false","","20","100",,"4","2014-05-06 07:22:55","4","2024-06-21 12:41:43"
"4364458","27fdf60d-c274-4a86-8c0f-5095bba45252","USA028","DJUG 610",,"Juglans","regia","L.","","","Juglans regia L.","UKR","","20000928","","","false","","20","100",,"4","2014-05-06 07:22:55","4","2024-06-21 13:52:01"
"4364465","2b44b212-9ec9-4e81-a5b4-dad97eaf9972","USA028","DJUG 59",,"Juglans","californica","S. Watson","","","Juglans californica S. Watson","USA","","19841201","","","false","","20","100",,"4","2014-05-06 07:22:55","4","2024-06-21 12:41:24"
"4365280","bfbad111-63e7-4048-aed1-8510166f5574","USA028","DJUG 31",,"Juglans","microcarpa","Berland.","","","Juglans microcarpa Berland.","USA","","19831101","","","false","","20","100",,"4","2014-05-06 08:02:43","4","2024-06-21 12:41:19"
"4365311","dd272dc8-9f85-42f8-84f7-2cb0cb02edb9","USA026","PI 666989",,"Juglans","cinerea","L.","","","Juglans cinerea L.","USA","","19900322","","","false","","20","500",,"4","2014-05-06 08:02:44","4","2024-06-21 17:23:36"
"4365312","c991d86f-26a9-4f00-9d6e-26c09f9703bc","USA026","PI 666984",,"Juglans","cinerea","L.","","","Juglans cinerea L.","USA","","19900322","","","false","","20","500",,"4","2014-05-06 08:02:44","4","2024-06-21 17:23:35"
"4365631","8a05722c-ad1b-44aa-9cd5-17adfc7938cc","USA028","DJUG 122",,"Juglans","regia","L.","","","Juglans regia L.","PAK","","19860523","","","false","","20","100",,"4","2014-05-06 08:03:06","4","2024-06-21 12:41:31"
"4365648","b09e7212-eac9-40c5-832b-5535dc7ce707","USA028","DJUG 336",,"Juglans","regia","L.","","","Juglans regia L.","CHN","","19910114","","","false","","20","100",,"4","2014-05-06 08:03:06","4","2024-06-21 12:41:41"
"4366959","ea4d9587-9fb9-4f08-a499-e58dbe33bb0a","USA028","DJUG 29",,"Juglans","microcarpa","Berland.","","","Juglans microcarpa Berland.","USA","","19831101","","","false","","20","100",,"4","2014-05-06 08:04:46","4","2024-06-21 12:41:19"
"4367585","41bce00d-fe68-41c6-ab1e-8ef033f05a77","USA028","DJUG 339",,"Juglans","regia","L.","","","Juglans regia L.","CHN","","19910114","","","false","","20","100",,"4","2014-05-06 08:05:32","4","2024-06-21 12:41:43"
"4367597","1aa13ced-e03f-4d3c-b1ec-eeb4a8ba7855","USA028","DJUG 410",,"Juglans","regia","L.","","","Juglans regia L.","BGR","","19920221","","","false","","20","416",,"4","2014-05-06 08:05:32","4","2024-06-21 12:41:45"
"4367602","1da1a013-4198-4726-90c8-07d3df39e379","USA028","DJUG 749",,"Juglans","regia","L.","","","Juglans regia L.","CHN","","20070227","","","false","","20","416",,"4","2014-05-06 08:05:32","4","2024-06-21 14:03:52"
"4367615","cacc36e4-e250-403c-bf75-dc83e6b5d6d0","USA028","DJUG 579",,"Juglans","regia","L.","","","Juglans regia L.","UKR","","20000928","","","false","","20","100",,"4","2014-05-06 08:05:32","4","2024-06-21 13:52:01"
"4367618","064199b0-a969-4e0c-a33c-7919956c8699","USA028","DJUG 76",,"Juglans","major","(Torr.) A. Heller","","","Juglans major (Torr.) A. Heller","USA","","19841005","","","false","","20","100",,"4","2014-05-06 08:05:32","4","2024-06-21 12:41:27"
"4368069","0969345d-b7f1-4014-b594-0c5b29b71b65","USA028","DJUG 585",,"Juglans","mandshurica","Maxim.","","","Juglans mandshurica Maxim.","UKR","","20000928","","","false","","20","100",,"4","2014-05-06 08:06:13","4","2024-06-21 13:52:01"
"4368226","c332620b-bc93-4b79-9ff1-f75fa752156a","USA026","PI 666983",,"Juglans","cinerea","L.","","","Juglans cinerea L.","USA","","19900322","","","false","","20","500",,"4","2014-05-06 08:06:20","4","2024-06-21 17:23:35"
"4368227","47d713c3-c96d-49fb-a941-317ffc47eda0","USA026","PI 666985",,"Juglans","cinerea","L.","","","Juglans cinerea L.","USA","","19900322","","","false","","20","500",,"4","2014-05-06 08:06:20","4","2024-06-21 17:23:35"
"4369647","11e8314b-6437-4bbc-afc6-37cf7d8581c4","USA028","DJUG 464",,"Juglans","regia","L.","","","Juglans regia L.","CHN","","19960501","","","false","","20","416",,"4","2014-05-06 08:07:57","4","2024-06-21 13:47:21"
"4369676","b7a935a9-1c63-42e8-b30e-6a8df3ce53a5","USA028","DJUG 475",,"Juglans","regia","L.","","","Juglans regia L.","PAK","","19960501","","","false","","20","416",,"4","2014-05-06 08:07:57","4","2024-06-21 13:47:22"
"4369693","f6aff524-eae7-4dc7-bb4f-940589c1a2fe","USA028","DJUG 875",,"Juglans","regia","L.","","","Juglans regia L.","KGZ","","20091001","","","false","",,"100",,"4","2014-05-06 08:07:57","4","2024-06-21 14:15:20"
"4370062","0061bf11-c570-4717-95d7-aed7054c328b","USA026","PI 666987",,"Juglans","cinerea","L.","","","Juglans cinerea L.","USA","","19900322","","","false","","20","500",,"4","2014-05-06 08:08:24","4","2024-06-21 17:23:36"
"4370263","0297a1a7-949f-4f87-b434-671d94e31190","USA028","DJUG 561",,"Juglans","cinerea","L.","","","Juglans cinerea L.","UKR","","20000928","","","false","","20","100",,"4","2014-05-06 08:08:30","4","2024-06-21 13:52:01"
"4370646","025605ff-8193-4bf3-8330-fb7e83f36123","USA028","DJUG 192",,"Juglans","regia","L.","","","Juglans regia L.",,"","19870101","","","false","","20","100",,"4","2014-05-06 08:09:02","4","2024-06-21 12:41:36"
"4370672","e2f20a4b-40c9-4699-ac30-985aef1c18ab","USA028","DJUG 266",,"Juglans","regia","L.","","","Juglans regia L.","PAK","","19881223","","","false","","20","100",,"4","2014-05-06 08:09:02","4","2024-06-21 12:41:40"
"4370679","e9cd7472-5a9b-4364-b19a-a0e1cac364fa","USA028","DJUG 169",,"Juglans","regia","L.","","","Juglans regia L.","USA","","19870116","","","false","","20","416",,"4","2014-05-06 08:09:02","4","2024-06-21 12:41:35"
"4371372","1175437e-5b80-4da3-bb31-b86d04bd5443","USA026","PI 666995",,"Juglans","cinerea","L.","","","Juglans cinerea L.","USA","","20050304","","","false","","20","500",,"4","2014-05-06 08:09:48","4","2024-06-21 13:58:40"
"4371416","ac9b8413-3b2e-451e-a678-a66d5c46d3a9","USA028","DJUG 13",,"Juglans","mandshurica","Maxim.","","","Juglans mandshurica Maxim.","KOR","","1983----","","","false","","20","100",,"4","2014-05-06 08:09:51","4","2024-06-21 17:23:36"
"4372613","ad495427-ec55-41f8-b056-a7ecfb1189ec","USA028","DJUG 472",,"Juglans","regia","L.","","","Juglans regia L.","PAK","","19960501","","","false","","20","416",,"4","2014-05-06 08:11:18","4","2024-06-21 13:47:22"
"4372614","3b7c3967-ad9c-4f08-b54e-b3b2923e5d9b","USA028","DJUG 356",,"Juglans","regia","L.","","","Juglans regia L.","CHN","","19910114","","","false","","20","100",,"4","2014-05-06 08:11:18","4","2024-06-21 12:41:43"
"4372631","8dd0b28a-b93f-4570-8cb2-dae043513610","USA028","DJUG 485",,"Juglans","regia","L.","","","Juglans regia L.","IND","","19960501","","","false","","20","416",,"4","2014-05-06 08:11:18","4","2024-06-21 13:47:21"
"4372636","335fdf05-2d2f-4ffc-a41f-a4823691d395","USA028","DJUG 111",,"Juglans","regia","L.","","","Juglans regia L.","USA","","19860101","","","false","","20","416",,"4","2014-05-06 08:11:18","4","2024-06-21 12:41:30"
"4372638","ce1075d2-3955-4586-a356-d6f67bc3976e","USA028","DJUG 170",,"Juglans","regia","L.","","","Juglans regia L.","USA","","19870116","","","false","","20","416",,"4","2014-05-06 08:11:18","4","2024-06-21 12:41:35"
"4372649","e7ecce72-aa3b-4369-a75e-6dc78412dc05","USA028","DJUG 337",,"Juglans","regia","L.","","","Juglans regia L.","CHN","","19910114","","","false","","20","100",,"4","2014-05-06 08:11:18","4","2024-06-21 12:41:41"
"4374946","5be670b6-a108-4620-9767-bdc7fb73a6a8","USA028","DJUG 72",,"Juglans","major","(Torr.) A. Heller","","","Juglans major (Torr.) A. Heller","USA","","19841005","","","false","","20","100",,"4","2014-05-06 08:14:01","4","2024-06-21 12:41:25"
"4374948","e50adbf5-5e80-494a-92b9-dfc179278a99","USA028","DJUG 373",,"Juglans","regia","L.","","","Juglans regia L.","CHN","","19910114","","","false","","20","100",,"4","2014-05-06 08:14:01","4","2024-06-21 12:41:44"
"4374954","1c520c6c-108d-40ca-99ef-04ddc4350525","USA028","DJUG 273",,"Juglans","regia","L.","","","Juglans regia L.","PAK","","19881223","","","false","","20","100",,"4","2014-05-06 08:14:01","4","2024-06-21 12:41:40"
"4374957","f2eac29c-2e1f-4aad-9db5-6706bcfef7ba","USA028","DJUG 362",,"Juglans","regia","L.","","","Juglans regia L.","CHN","","19910114","","","false","","20","100",,"4","2014-05-06 08:14:01","4","2024-06-21 12:41:43"
"4376654","660a9357-69dd-453d-acc9-bfb6d4eea76f","USA028","DJUG 49",,"Juglans","major","(Torr.) A. Heller","","","Juglans major (Torr.) A. Heller","USA","","19841005","","","false","","20","100",,"4","2014-05-06 08:15:53","4","2024-06-21 12:41:22"
"4376659","4cf566cc-de1b-4ea8-b1e1-ca4215f2632f","USA028","DJUG 34",,"Juglans","hindsii","(Jeps.) R. E. Sm.","","","Juglans hindsii (Jeps.) R. E. Sm.","USA","","19840501","","","false","","20","100",,"4","2014-05-06 08:15:53","4","2024-06-21 12:41:21"
"4376664","b473138a-be05-4010-a15e-f4c770c2c829","USA028","DJUG 849",,"Juglans","regia","L.","","","Juglans regia L.","KGZ","","20091001","","","false","",,"100",,"4","2014-05-06 08:15:53","4","2024-06-21 14:15:20"
"4376687","ccadaeeb-5144-4b71-8e74-1b62a6f9349a","USA028","DJUG 851",,"Juglans","regia","L.","","","Juglans regia L.","KGZ","","20091001","","","false","",,"100",,"4","2014-05-06 08:15:53","4","2024-06-21 14:15:20"
"4376694","7f9a5c41-2a69-4183-b18e-0204a43a7d3b","USA028","DJUG 26",,"Juglans","californica","S. Watson","","","Juglans californica S. Watson","USA","","19830923","","","false","","20","100",,"4","2014-05-06 08:15:53","4","2024-06-21 12:41:19"
"4376695","2a403ce6-44e5-4c3e-bd2a-7cabbbdc0929","USA028","DJUG 618",,"Juglans","regia","L.","","","Juglans regia L.",,"","20010420","","","false","","20","100",,"4","2014-05-06 08:15:53","4","2024-06-21 13:52:02"
"4377016","0235c76e-655f-4138-8e30-65c4943a9c2b","USA026","PI 666990",,"Juglans","cinerea","L.","","","Juglans cinerea L.","USA","","19900322","","","false","","20","500",,"4","2014-05-06 08:16:19","4","2024-06-21 17:23:36"
"4377787","3aff672e-8ff8-4a68-91ee-a47b629eb108","USA028","DJUG 774",,"Juglans","regia","L.","","","Juglans regia L.","AZE","","20071019","","","false","",,"100",,"4","2014-05-06 08:17:20","4","2024-06-21 14:12:51"
"4377805","9a8f1ea3-d8be-4def-94f2-11c49a4e154f","USA028","DJUG 166",,"Juglans","regia","L.","","","Juglans regia L.","USA","","19870116","","","false","","20","416",,"4","2014-05-06 08:17:20","4","2024-06-21 12:41:35"
"4377808","f2983a62-4ed5-46a9-82d3-e838be10048b","USA028","DJUG 314",,"Juglans","regia","L.","","","Juglans regia L.","UZB","","19900807","","","false","","20","100",,"4","2014-05-06 08:17:20","4","2024-06-21 12:41:41"
"4377811","46f825b1-cb4e-45a0-b88e-cde7f4ec4ebf","USA028","DJUG 581",,"Juglans","regia","L.","","","Juglans regia L.","UKR","","20000928","","","false","","20","100",,"4","2014-05-06 08:17:20","4","2024-06-21 13:52:01"
"4378679","04242de2-afca-45f4-baa9-6febc7adccfd","USA028","DJUG 1",,"Juglans","ailantifolia","Carriere","var. cordiformis","(Makino) Rehder","Juglans ailantifolia Carriere var. cordiformis (Makino) Rehder","JPN","","1983----","","","false","","20","100",,"4","2014-05-06 08:18:24","4","2024-06-21 17:23:35"
"4379231","dc85df1d-5737-4736-9335-a003808778e8","USA028","DJUG 743",,"Juglans","regia","L.","","","Juglans regia L.","CHN","","20070227","","","false","","20","416",,"4","2014-05-06 08:18:57","4","2024-06-21 14:03:52"
"4379244","66bc8652-b5d6-4bdd-8f26-f7cdcd5102c2","USA028","PI 159568",,"Juglans","regia","L.","","","Juglans regia L.","AFG","","19470818","","","false","","20","416",,"4","2014-05-06 08:18:57","4","2024-06-21 13:47:18"
"4379247","fb923071-8371-4cfc-89ba-0317bae0ad2f","USA028","PI 264362",,"Juglans","regia","L.","","","Juglans regia L.",,"","19600325","","","false","","20","416",,"4","2014-05-06 08:18:57","4","2024-06-21 13:00:42"
"4379254","a7a2b4e1-4836-4dfb-9b56-4b9ecc7a6ef6","USA028","DJUG 14",,"Juglans","californica","S. Watson","","","Juglans californica S. Watson","USA","","1983----","","","false","","20","100",,"4","2014-05-06 08:18:57","4","2024-06-21 17:23:37"
"4379257","62905e9b-6470-4d20-b9b1-e5b4f485c926","USA028","DJUG 370",,"Juglans","regia","L.","","","Juglans regia L.","CHN","","19910114","","","false","","20","100",,"4","2014-05-06 08:18:57","4","2024-06-21 12:41:42"
"4379275","94b4f264-7d86-431e-9408-9c81c046e775","USA028","DJUG 883",,"Juglans","regia","L.","","","Juglans regia L.","KGZ","","20091001","","","false","",,"100",,"4","2014-05-06 08:18:57","4","2024-06-21 14:15:20"
"4379867","31a7b3ce-e71c-4b84-ae49-07ce542ee5ce","USA028","DJUG 422",,"Juglans","mandshurica","Maxim.","","","Juglans mandshurica Maxim.","USA","","19920221","","","false","","20","416",,"4","2014-05-06 08:19:37","4","2024-06-21 12:41:45"
"4380794","2f88d839-9f4e-451c-9345-f72eb141287f","USA028","DJUG 173",,"Juglans","regia","L.","","","Juglans regia L.","USA","","19870116","","","false","","20","416",,"4","2014-05-06 08:20:50","4","2024-06-21 12:41:35"
"4380810","e02d485a-106c-4314-af62-bdecd15bc31d","USA028","DJUG 577",,"Juglans","regia","L.","","","Juglans regia L.","UKR","","20000928","","","false","","20","100",,"4","2014-05-06 08:20:50","4","2024-06-21 13:52:01"
"4380820","1ffbc462-2cd1-489a-95b5-132701a61576","USA028","DJUG 191",,"Juglans","regia","L.","","","Juglans regia L.",,"","19870101","","","false","","20","100",,"4","2014-05-06 08:20:50","4","2024-06-21 12:41:36"
"4380833","cf14dd6a-dca0-4ace-84ed-0bbead369311","USA028","DJUG 414",,"Juglans","regia","L.","","","Juglans regia L.","FRA","","19920221","","","false","","20","416",,"4","2014-05-06 08:20:50","4","2024-06-21 12:41:45"
"4381451","ec4d6c53-1a4c-41c9-857a-fe3ca6be42da","USA028","DJUG 8",,"Juglans","ailantifolia","Carriere","","","Juglans ailantifolia Carriere","JPN","","1983----","","","false","","20","100",,"4","2014-05-06 08:21:31","4","2024-06-21 17:23:36"
"4382062","722b6d5b-504e-4b1b-8abe-fc689b5f6cf1","USA028","DJUG 61",,"Juglans","ailantifolia","Carriere","var. cordiformis","(Makino) Rehder","Juglans ailantifolia Carriere var. cordiformis (Makino) Rehder","JPN","","19841201","","","false","","20","100",,"4","2014-05-06 08:22:14","4","2024-06-21 12:41:24"
"4383023","86c00ad9-8833-46b0-9779-4dd33e641b19","USA028","DJUG 112",,"Juglans","regia","L.","","","Juglans regia L.","USA","","19860101","","","false","","20","416",,"4","2014-05-06 08:23:24","4","2024-06-21 12:41:30"
"4383029","4c81d397-4ee3-467b-bdce-9e7addcf99d5","USA028","DJUG 833",,"Juglans","mandshurica","Maxim.","","","Juglans mandshurica Maxim.","USA","","20081212","","","false","",,"100",,"4","2014-05-06 08:23:24","4","2024-06-21 14:12:55"
"4383039","bcde1591-f26d-4f3e-9d0d-d7e275c9a3a4","USA028","DJUG 67",,"Juglans","ailantifolia","Carriere","","","Juglans ailantifolia Carriere","USA","","19850215","","","false","","20","100",,"4","2014-05-06 08:23:24","4","2024-06-21 12:41:26"
"4383047","0de4813b-2072-4cdc-827d-d8e3e6b5ea41","USA028","DJUG 316",,"Juglans","regia","L.","","","Juglans regia L.",,"","19900807","","","false","","20","100",,"4","2014-05-06 08:23:24","4","2024-06-21 12:41:41"
"4383059","e3cc8186-68dd-4dbe-b949-65f3bcb528d0","USA028","DJUG 250",,"Juglans","regia","L.","","","Juglans regia L.","PAK","","19881223","","","false","","20","100",,"4","2014-05-06 08:23:24","4","2024-06-21 12:41:39"
"4383061","894fb943-ea76-4571-882a-56109aaba226","USA028","DJUG 855",,"Juglans","regia","L.","","","Juglans regia L.","KGZ","","20091001","","","false","",,"100",,"4","2014-05-06 08:23:24","4","2024-06-21 14:15:20"
"4383064","1473e56b-5296-43a5-b933-4e55a11cda08","USA028","DJUG 837",,"Juglans","mandshurica","Maxim.","","","Juglans mandshurica Maxim.","USA","","20081212","","","false","",,"100",,"4","2014-05-06 08:23:24","4","2024-06-21 14:12:56"
"4384122","05476738-0624-41a1-b8ce-17b5114aa35a","USA028","DJUG 258",,"Juglans","regia","L.","","","Juglans regia L.","PAK","","19881223","","","false","","20","100",,"4","2014-05-06 08:24:58","4","2024-06-21 12:41:39"
"4384143","85cfc7c6-ab80-492a-9b44-80d886010eae","USA028","DJUG 83",,"Juglans","major","(Torr.) A. Heller","","","Juglans major (Torr.) A. Heller","USA","","19841005","","","false","","20","100",,"4","2014-05-06 08:24:58","4","2024-06-21 12:41:27"
"4384158","a17a5b8d-98f4-4e75-bde4-2a9ca940962b","USA028","DJUG 473",,"Juglans","regia","L.","","","Juglans regia L.","PAK","","19960501","","","false","","20","416",,"4","2014-05-06 08:24:58","4","2024-06-21 13:47:21"
"4384159","b93401c3-0b46-418a-87ca-50d639549ae9","USA028","DJUG 858",,"Juglans","regia","L.","","","Juglans regia L.","KGZ","","20091001","","","false","",,"100",,"4","2014-05-06 08:24:58","4","2024-06-21 14:15:20"
"4384651","788ea536-34b8-44a0-8177-a309e95e25d3","USA028","DJUG 605",,"Juglans","cinerea","L.","","","Juglans cinerea L.","UKR","","20000928","","","false","","20","100",,"4","2014-05-06 08:25:35","4","2024-06-21 13:52:01"
"4385287","27e3c00b-b070-4ff2-bbed-e8f8caf1f69c","USA028","DJUG 542",,"Juglans","microcarpa","Berland.","","","Juglans microcarpa Berland.","USA","","19990318","","","false","","20","416",,"4","2014-05-06 08:26:21","4","2024-06-21 13:48:48"
"4385956","06664bdb-f222-486a-b438-15ffb89c8697","USA028","DJUG 33",,"Juglans","hindsii","(Jeps.) R. E. Sm.","","","Juglans hindsii (Jeps.) R. E. Sm.","USA","","19840501","","","false","","20","100",,"4","2014-05-06 08:27:02","4","2024-06-21 12:41:21"
"4385959","18868e22-856a-4f55-b863-55288a9f673f","USA028","DJUG 467",,"Juglans","regia","L.","","","Juglans regia L.","CHN","","19960501","","","false","","20","416",,"4","2014-05-06 08:27:02","4","2024-06-21 13:47:21"
"4385963","3f3cbd7c-f3af-4b13-9418-9193bcb230a8","USA028","DJUG 420",,"Juglans","regia","L.","","","Juglans regia L.","ESP","","19920221","","","false","","20","416",,"4","2014-05-06 08:27:02","4","2024-06-21 12:41:45"
"4385968","2c2b9d06-18c8-418e-a2cb-65842abee4c5","USA028","DJUG 466",,"Juglans","regia","L.","","","Juglans regia L.","CHN","","19960501","","","false","","20","416",,"4","2014-05-06 08:27:02","4","2024-06-21 13:47:21"
"4385979","ce586fdd-150b-44ab-8832-1089c1bb6100","USA028","DJUG 134",,"Juglans","regia","L.","","","Juglans regia L.","USA","","19000101","","","false","","20","416",,"4","2014-05-06 08:27:02","4","2024-06-21 12:41:32"
"4386983","23a84b40-c2eb-4331-b6fc-fba2232a927a","USA028","PI 264376",,"Juglans","hybr.","","","","Juglans hybr.",,"","19600325","","","false","","20","416",,"4","2014-05-06 08:28:05","4","2024-06-21 13:00:42"
"4387249","35895cba-f2cf-4013-b3f7-de738640d235","USA028","DJUG 596",,"Juglans","regia","L.","","","Juglans regia L.","UKR","","20000928","","","false","","20","100",,"4","2014-05-06 08:28:35","4","2024-06-21 13:52:01"
"4387260","6dc94355-3237-4546-9468-0cf54ed81d60","USA028","DJUG 147",,"Juglans","regia","L.","","","Juglans regia L.","USA","","19860101","","","false","","20","416",,"4","2014-05-06 08:28:35","4","2024-06-21 12:41:34"
"4387270","3746932d-42a1-4397-8004-d37d41eb3f39","USA028","DJUG 771",,"Juglans","regia","L.","","","Juglans regia L.","AZE","","20071019","","","false","",,"100",,"4","2014-05-06 08:28:35","4","2024-06-21 14:12:51"
"4387294","18f086c3-7a8e-4c19-8e14-6400c5a32020","USA028","DJUG 609",,"Juglans","regia","L.","","","Juglans regia L.","UKR","","20000928","","","false","","20","100",,"4","2014-05-06 08:28:35","4","2024-06-21 13:52:01"
"4387961","e696aa03-b8f2-41d5-b6d8-6c427dc0ccf6","USA028","PI 264375",,"Juglans","hybr.","","","","Juglans hybr.",,"","19600325","","","false","","20","416",,"4","2014-05-06 08:29:19","4","2024-06-21 13:00:42"
"4387967","04cf7bbd-e92d-4043-9608-af2152e2b54c","USA028","DJUG 84",,"Juglans","major","(Torr.) A. Heller","","","Juglans major (Torr.) A. Heller","USA","","19841005","","","false","","20","100",,"4","2014-05-06 08:29:19","4","2024-06-21 12:41:27"
"4387975","5e3133c7-ded6-43bd-9723-676f742fee8b","USA028","DJUG 179",,"Juglans","nigra","L.","","","Juglans nigra L.","USA","","19870116","","","false","","20","416",,"4","2014-05-06 08:29:19","4","2024-06-21 12:41:34"
"4388508","9a2a4135-73f3-4c54-b001-bbe3e363fa48","USA028","DJUG 51",,"Juglans","microcarpa","Berland.","","","Juglans microcarpa Berland.","USA","","19841001","","","false","","20","100",,"4","2014-05-06 08:30:13","4","2024-06-21 12:41:25"
"4389169","993e5c1f-6095-4edc-978a-f1860b41bb4b","USA028","DJUG 882",,"Juglans","regia","L.","","","Juglans regia L.","KGZ","","20091001","","","false","",,"100",,"4","2014-05-06 08:30:59","4","2024-06-21 14:15:20"
"4389187","073c954c-8fbf-43f3-bd01-e0627659d5a9","USA028","DJUG 86",,"Juglans","regia","L.","","","Juglans regia L.",,"","19830801","","","false","","20","100",,"4","2014-05-06 08:30:59","4","2024-06-21 12:41:29"
"4389210","bd7e1793-8dd5-400e-bd8f-7b9e051f164e","USA028","DJUG 488",,"Juglans","regia","L.","","","Juglans regia L.","IND","","19960501","","","false","","20","416",,"4","2014-05-06 08:30:59","4","2024-06-21 13:47:21"
"4389216","f0776177-86e2-4c79-a4d0-e3117c716eeb","USA028","DJUG 372",,"Juglans","regia","L.","","","Juglans regia L.","CHN","","19910114","","","false","","20","100",,"4","2014-05-06 08:30:59","4","2024-06-21 12:41:42"
"4390776","846512ca-7d2d-49a4-8b67-7d09a6417c34","USA028","DJUG 132",,"Juglans","regia","L.","","","Juglans regia L.","USA","","19860101","","","false","","20","416",,"4","2014-05-06 08:32:44","4","2024-06-21 12:41:32"
"4390782","c0cc09b9-c8c3-46e8-9512-7d7cbfea3c7f","USA028","DJUG 575",,"Juglans","regia","L.","","","Juglans regia L.","UKR","","20000928","","","false","","20","100",,"4","2014-05-06 08:32:44","4","2024-06-21 13:52:01"
"4390791","32cbe90b-77fa-4da1-a639-d74360df9806","USA028","DJUG 137",,"Juglans","regia","L.","","","Juglans regia L.","USA","","19860101","","","false","","20","416",,"4","2014-05-06 08:32:44","4","2024-06-21 12:41:32"
"4390812","93b11c57-daad-4c6d-8159-759244084eae","USA028","DJUG 82",,"Juglans","major","(Torr.) A. Heller","","","Juglans major (Torr.) A. Heller","USA","","19841005","","","false","","20","100",,"4","2014-05-06 08:32:44","4","2024-06-21 12:41:27"
"4390976","373ba326-6c69-4776-b807-d1c5b2d42d5a","USA151","NA 77503",,"Juglans","cinerea","L.","","","Juglans cinerea L.",,"","20080715","","","false","","20","100",,"4","2014-05-06 08:32:57","4","2024-06-21 14:23:50"
"4390983","4ffa3858-0b1b-4150-8640-d59f5dc6379e","USA151","WLP 1338",,"Juglans","regia","L.","","","Juglans regia L.","GEO","","20060701","","","false","","10","100",,"4","2014-05-06 08:32:57","4","2024-06-21 14:23:49"
"4391651","61807707-b349-4384-99aa-28fd031b141a","USA028","DJUG 838",,"Juglans","mandshurica","Maxim.","","","Juglans mandshurica Maxim.","USA","","20081212","","","false","",,"100",,"4","2014-05-06 08:33:48","4","2024-06-21 14:12:56"
"4392315","4ca02647-9f8b-4e5d-8c21-5e7bd836c912","USA028","PI 125249",,"Juglans","regia","L.","","","Juglans regia L.","CHN","","19390706","","","false","","20","416",,"4","2014-05-06 08:34:32","4","2024-06-21 12:53:14"
"4392850","46082592-cf73-489b-80cf-8c45897aac56","USA028","DJUG 616",,"Juglans","mandshurica","Maxim.","","","Juglans mandshurica Maxim.","UKR","","20000928","","","false","","20","100",,"4","2014-05-06 08:35:10","4","2024-06-21 13:52:01"
"4392860","2fe1567d-165a-4a5e-9eca-e0818f524232","USA028","DJUG 16",,"Juglans","californica","S. Watson","","","Juglans californica S. Watson","USA","","19830923","","","false","","20","100",,"4","2014-05-06 08:35:10","4","2024-06-21 17:23:37"
"4393998","1a1d5633-caf6-4214-a40f-6620e7404d1b","USA028","DJUG 583",,"Juglans","regia","L.","","","Juglans regia L.","UKR","","20000928","","","false","","20","100",,"4","2014-05-06 08:36:22","4","2024-06-21 13:52:01"
"4394001","6d3fadad-7761-4a85-aa74-d9a0d61ea556","USA028","DJUG 39",,"Juglans","hindsii","(Jeps.) R. E. Sm.","","","Juglans hindsii (Jeps.) R. E. Sm.","USA","","19840501","","","false","","20","100",,"4","2014-05-06 08:36:22","4","2024-06-21 12:41:21"
"4394011","3e3a31e3-a94d-4ccd-bdef-fca7a30bff90","USA028","DJUG 574",,"Juglans","regia","L.","","","Juglans regia L.","UKR","","20000928","","","false","","20","100",,"4","2014-05-06 08:36:22","4","2024-06-21 13:52:01"
"4394012","b498e8f2-27e2-4e66-a277-1b8fd792234c","USA028","DJUG 478",,"Juglans","regia","L.","","","Juglans regia L.","KOR","","19960501","","","false","","20","416",,"4","2014-05-06 08:36:22","4","2024-06-21 13:47:22"
"4394036","63038237-3f3f-46ca-8821-20c4ff7b0345","USA028","DJUG 35",,"Juglans","hindsii","(Jeps.) R. E. Sm.","","","Juglans hindsii (Jeps.) R. E. Sm.","USA","","19840501","","","false","","20","100",,"4","2014-05-06 08:36:22","4","2024-06-21 12:41:21"
"4394563","1b6a73ec-37fd-4e91-8a1c-e673c40b2414","USA028","DJUG 100",,"Juglans","nigra","L.","","","Juglans nigra L.",,"","1986----","","","false","","20","416",,"4","2014-05-06 08:36:53","4","2024-06-21 12:41:30"
"4394579","273b597d-184b-4460-9975-96658da23302","USA028","DJUG 285",,"Juglans","neotropica","Diels","","","Juglans neotropica Diels","ECU","","19890307","","","false","","20","100",,"4","2014-05-06 08:36:53","4","2024-06-21 12:41:40"
"4395360","0004920f-b66b-4765-ac93-f0953ec76dd0","USA028","DJUG 481",,"Juglans","regia","L.","","","Juglans regia L.","KOR","","19960501","","","false","","20","416",,"4","2014-05-06 08:37:49","4","2024-06-21 13:47:21"
"4395386","500ad43d-5449-4c8c-b72b-3b9327aed5bf","USA028","DJUG 270",,"Juglans","regia","L.","","","Juglans regia L.","PAK","","19881223","","","false","","20","100",,"4","2014-05-06 08:37:49","4","2024-06-21 12:41:40"
"4395396","fcc8e9cb-5fba-4675-b439-d1e3dc723c09","USA028","DJUG 465",,"Juglans","regia","L.","","","Juglans regia L.","CHN","","19960501","","","false","","20","416",,"4","2014-05-06 08:37:49","4","2024-06-21 13:47:21"
"4396228","623de10b-b1d5-400f-b401-fd5618f45385","USA028","DJUG 598",,"Juglans","regia","L.","","","Juglans regia L.","UKR","","20000928","","","false","","20","100",,"4","2014-05-06 08:38:43","4","2024-06-21 13:52:01"
"4396240","1aab52db-2493-4ea4-babd-765405085a0c","USA028","DJUG 557",,"Juglans","regia","L.","","","Juglans regia L.","ARG","","19990524","","","false","","20","100",,"4","2014-05-06 08:38:43","4","2024-06-21 13:48:50"
"4396254","92ad6c20-316e-4298-9be7-325ed7e26d3d","USA028","DJUG 44",,"Juglans","hindsii","(Jeps.) R. E. Sm.","","","Juglans hindsii (Jeps.) R. E. Sm.","USA","","19840501","","","false","","20","100",,"4","2014-05-06 08:38:43","4","2024-06-21 12:41:23"
"4396263","c5fb8688-3cb3-463c-a647-225f56f2a123","USA028","DJUG 36",,"Juglans","hindsii","(Jeps.) R. E. Sm.","","","Juglans hindsii (Jeps.) R. E. Sm.","USA","","19840501","","","false","","20","100",,"4","2014-05-06 08:38:43","4","2024-06-21 12:41:21"
"4396265","90fb4126-e9a8-4c95-b840-7c89159950a7","USA028","DJUG 746",,"Juglans","regia","L.","","","Juglans regia L.","CHN","","20070227","","","false","","20","416",,"4","2014-05-06 08:38:43","4","2024-06-21 14:03:52"
"4396853","09811ef6-c1af-4fb5-9f2e-f913605b6ff4","USA028","DJUG 664",,"Juglans","olanchana","Standl. & L. O. Williams","","","Juglans olanchana Standl. & L. O. Williams","GTM","","20051202","","","false","","20","100",,"4","2014-05-06 08:39:19","4","2024-06-21 14:00:22"
"4397183","c446a535-d180-491b-81df-c2145094fa29","USA028","DJUG 483",,"Juglans","regia","L.","","","Juglans regia L.","IND","","19960501","","","false","","20","416",,"4","2014-05-06 08:39:46","4","2024-06-21 13:47:22"
"4397189","69d7bf97-eb3e-49e6-9bfd-3a22be63c5c1","USA028","DJUG 747",,"Juglans","regia","L.","","","Juglans regia L.","CHN","","20070227","","","false","","20","416",,"4","2014-05-06 08:39:46","4","2024-06-21 14:03:52"
"4397195","da4aa58d-dfc3-4b45-ab3a-4fe351a3b257","USA028","DJUG 127",,"Juglans","regia","L.","","","Juglans regia L.","USA","","19860101","","","false","","20","416",,"4","2014-05-06 08:39:46","4","2024-06-21 12:41:31"
"4397203","707ece7d-28ca-4d1b-947f-aa9a4cefc214","USA028","DJUG 594",,"Juglans","regia","L.","","","Juglans regia L.","UKR","","20000928","","","false","","20","100",,"4","2014-05-06 08:39:46","4","2024-06-21 13:52:01"
"4397206","b06e5e31-640a-4a1d-a374-6c54f989abd8","USA028","DJUG 407",,"Juglans","regia","L.","","","Juglans regia L.","ROU","","19920221","","","false","","20","416",,"4","2014-05-06 08:39:46","4","2024-06-21 12:41:45"
"4397217","0c515533-6a30-46d9-9163-1bf620a377cc","USA028","PI 279654",,"Juglans","regia","L.","","","Juglans regia L.","HUN","","19620315","","","false","","20","416",,"4","2014-05-06 08:39:46","4","2024-06-21 13:01:47"
"4397992","6aa01713-f9cc-4971-bfda-4a64162e7dd8","USA026","PI 666992",,"Juglans","cinerea","L.","","","Juglans cinerea L.","USA","","19900322","","","false","","20","500",,"4","2014-05-06 08:40:39","4","2024-06-21 17:23:37"
"4399535","f7301b31-8932-4c99-a075-1edc7fa9fb11","USA028","DJUG 599",,"Juglans","regia","L.","","","Juglans regia L.","UKR","","20000928","","","false","","20","100",,"4","2014-05-06 08:42:29","4","2024-06-21 13:52:01"
"4399536","1920804b-d3fd-4947-9006-292b33b3e8a6","USA028","DJUG 745",,"Juglans","regia","L.","","","Juglans regia L.","CHN","","20070227","","","false","","20","416",,"4","2014-05-06 08:42:29","4","2024-06-21 14:03:52"
"4399557","24ad92d6-41f3-4056-9c0c-23dda46f7dc1","USA028","DJUG 106",,"Juglans","regia","L.","","","Juglans regia L.","USA","","19860101","","","false","","20","416",,"4","2014-05-06 08:42:29","4","2024-06-21 12:41:30"
"4399560","0aa501b8-4685-45e1-b641-567939d48d50","USA028","DJUG 228",,"Juglans","regia","L.","","","Juglans regia L.","USA","","19880504","","","false","","20","416",,"4","2014-05-06 08:42:29","4","2024-06-21 12:41:37"
"4399629","9c012ae7-980e-49ca-8f57-d399155be405","USA026","PI 667002",,"Juglans","cinerea","L.","","","Juglans cinerea L.","USA","","20050304","","","false","","20","500",,"4","2014-05-06 08:42:39","4","2024-06-21 13:58:40"
"4400705","7bfa1c65-f286-47db-9934-64b6f8197a8a","USA028","DJUG 176",,"Juglans","regia","L.","","","Juglans regia L.","USA","","19870116","","","false","","20","416",,"4","2014-05-06 08:43:48","4","2024-06-21 12:41:34"
"4400729","f3b4e09c-df11-4b0d-a7c0-966fa71e6524","USA028","DJUG 343",,"Juglans","regia","L.","","","Juglans regia L.","CHN","","19910114","","","false","","20","100",,"4","2014-05-06 08:43:48","4","2024-06-21 12:41:43"
"4400731","16d5befe-40db-40f6-ab40-f803fccc2452","USA028","DJUG 189",,"Juglans","regia","L.","","","Juglans regia L.",,"","19870101","","","false","","20","100",,"4","2014-05-06 08:43:48","4","2024-06-21 12:41:36"
"4400735","bb768882-5d07-412e-bde4-cd611326bbc4","USA028","DJUG 360",,"Juglans","regia","L.","","","Juglans regia L.","CHN","","19910114","","","false","","20","100",,"4","2014-05-06 08:43:48","4","2024-06-21 12:41:43"
"4401223","7f0ee1e5-ad10-4cae-b959-0496c91c74b0","USA028","DJUG 172",,"Juglans","hybr.","","","","Juglans hybr.","USA","","19870116","","","false","","20","416",,"4","2014-05-06 08:44:20","4","2024-06-21 12:41:35"
"4401227","e3054ee6-efb5-471a-bc78-1fa689ef3bf7","USA028","DJUG 462",,"Juglans","hopeiensis","Hu","s","Hu","Juglans hopeiensis Hu s Hu","CHN","","19960501","","","false","","20","416",,"4","2014-05-06 08:44:20","4","2024-06-21 13:47:25"
"4401265","e8580c36-3aa6-4294-8d94-5b1d46877a73","USA026","PI 666997",,"Juglans","cinerea","L.","","","Juglans cinerea L.","USA","","20050304","","","false","","20","500",,"4","2014-05-06 08:44:25","4","2024-06-21 13:58:40"
"4401923","af3ad6d9-8895-4cdc-95f3-89a27833c1ba","USA028","DJUG 240",,"Juglans","regia","L.","","","Juglans regia L.","PAK","","19881223","","","false","","20","100",,"4","2014-05-06 08:45:08","4","2024-06-21 12:41:39"
"4402799","15545379-67c3-42c2-8b05-e7671f740fcf","USA028","DJUG 569",,"Juglans","regia","L.","","","Juglans regia L.","UKR","","20000928","","","false","","20","100",,"4","2014-05-06 08:46:08","4","2024-06-21 13:52:01"
"4402818","d7c3efcb-9d8a-4959-8dd8-e757053634f0","USA028","DJUG 268",,"Juglans","regia","L.","","","Juglans regia L.","PAK","","19881223","","","false","","20","100",,"4","2014-05-06 08:46:08","4","2024-06-21 12:41:40"
"4402819","ec84bf98-568e-4bde-b06c-c6fe711a3da6","USA028","PI 264361",,"Juglans","regia","L.","","","Juglans regia L.",,"","19600325","","","false","","20","416",,"4","2014-05-06 08:46:08","4","2024-06-21 13:00:42"
"4402824","79eea287-7089-4594-975a-acd6c5835b97","USA028","DJUG 876",,"Juglans","regia","L.","","","Juglans regia L.","KGZ","","20091001","","","false","",,"100",,"4","2014-05-06 08:46:08","4","2024-06-21 14:15:20"
"4402827","33d81ac6-e0a2-4cba-a658-938fe118f8db","USA028","DJUG 260",,"Juglans","regia","L.","","","Juglans regia L.","PAK","","19881223","","","false","","20","100",,"4","2014-05-06 08:46:08","4","2024-06-21 12:41:39"
"4402914","edb32d7b-924d-4eed-9057-c80bcdd13c5d","USA026","PI 666998",,"Juglans","cinerea","L.","","","Juglans cinerea L.","USA","","20050304","","","false","","20","500",,"4","2014-05-06 08:46:27","4","2024-06-21 13:58:40"
"4403438","9ec8e499-7c07-4c9d-872b-a464d7399177","USA028","DJUG 53",,"Juglans","microcarpa","Berland.","","","Juglans microcarpa Berland.","USA","","19841001","","","false","","20","100",,"4","2014-05-06 08:46:52","4","2024-06-21 12:41:25"
"4403937","ecd315c5-2012-4a02-8f03-83855f25b846","USA028","DJUG 471",,"Juglans","regia","L.","","","Juglans regia L.","PAK","","19960501","","","false","","20","416",,"4","2014-05-06 08:47:27","4","2024-06-21 13:47:21"
"4403940","e5399bed-97d7-40cf-bd95-205d68c14632","USA028","DJUG 153",,"Juglans","regia","L.","","","Juglans regia L.","USA","","19860101","","","false","","20","416",,"4","2014-05-06 08:47:27","4","2024-06-21 12:41:34"
"4403951","e281a814-ccdf-41e4-acba-f51efd237636","USA028","DJUG 28",,"Juglans","californica","S. Watson","","","Juglans californica S. Watson","USA","","19830923","","","false","","20","100",,"4","2014-05-06 08:47:27","4","2024-06-21 12:41:19"
"4403953","8035cc63-636a-4507-8730-4bbeda3f79eb","USA028","DJUG 952",,"Juglans","regia","L.","","","Juglans regia L.","CHN","","20110906","","","false","",,"100",,"4","2014-05-06 08:47:27","4","2024-06-21 14:24:46"
"4403964","d6e0a9c9-b0db-4c01-ac8f-d35e02fe5984","USA028","DJUG 226",,"Juglans","regia","L.","","","Juglans regia L.","AFG","","19880504","","","false","","20","416",,"4","2014-05-06 08:47:27","4","2024-06-21 12:41:37"
"4404523","67b6fcc2-8c0e-4c3c-b1a8-0c5102ff208d","USA028","DJUG 287",,"Juglans","nigra","L.","","","Juglans nigra L.","USA","","19900330","","","false","","20","416",,"4","2014-05-06 08:48:08","4","2024-06-21 12:41:40"
"4405277","c948d869-1555-44e6-a0e5-790e915b643f","USA028","DJUG 353",,"Juglans","regia","L.","","","Juglans regia L.","CHN","","19910114","","","false","","20","100",,"4","2014-05-06 08:48:54","4","2024-06-21 12:41:43"
"4405289","57dd4f7a-f171-48a1-868f-490b77c827d5","USA028","DJUG 88",,"Juglans","regia","L.","","","Juglans regia L.",,"","19830801","","","false","","20","100",,"4","2014-05-06 08:48:54","4","2024-06-21 12:41:29"
"4405290","5f7e61f2-2140-43d2-b2d1-c4f4e7f4a645","USA028","DJUG 752",,"Juglans","regia","L.","","","Juglans regia L.","CHN","","20070306","","","false","","20","416",,"4","2014-05-06 08:48:54","4","2024-06-21 14:03:52"
"4405294","2313bef2-ba3a-4170-8f4a-ef2c01cd9035","USA028","DJUG 159",,"Juglans","regia","L.","","","Juglans regia L.","USA","","19860101","","","false","","20","416",,"4","2014-05-06 08:48:54","4","2024-06-21 12:41:34"
"4405303","59b4c1b5-4470-4298-aa46-ebc66fcaf3c6","USA028","DJUG 162",,"Juglans","regia","L.","","","Juglans regia L.","USA","","19860101","","","false","","20","416",,"4","2014-05-06 08:48:54","4","2024-06-21 12:41:35"
"4405315","6d60a1f2-c916-40d7-bc5b-05ce2fbcea6d","USA028","PI 279655",,"Juglans","regia","L.","","","Juglans regia L.","HUN","","19620315","","","false","","20","416",,"4","2014-05-06 08:48:54","4","2024-06-21 13:01:47"
"4406113","34e07d90-2922-4115-ba9c-ab1b8ab15ecf","USA028","DJUG 68",,"Juglans","major","(Torr.) A. Heller","","","Juglans major (Torr.) A. Heller","USA","","19841005","","","false","","20","100",,"4","2014-05-06 08:49:40","4","2024-06-21 12:41:26"
"4406128","6f96fcb7-44d8-4163-a2bf-12729db809b8","USA028","DJUG 22",,"Juglans","californica","S. Watson","","","Juglans californica S. Watson","USA","","19830923","","","false","","20","100",,"4","2014-05-06 08:49:40","4","2024-06-21 17:23:37"
"4406149","55a614ee-2c31-4b56-8f69-ba177ac5ae71","USA028","DJUG 43",,"Juglans","hindsii","(Jeps.) R. E. Sm.","","","Juglans hindsii (Jeps.) R. E. Sm.","USA","","19840501","","","false","","20","100",,"4","2014-05-06 08:49:40","4","2024-06-21 12:41:23"
"4406152","4ac6fc9d-a16c-4a43-ab92-4b2accde272d","USA028","DJUG 834",,"Juglans","mandshurica","Maxim.","","","Juglans mandshurica Maxim.","USA","","20081212","","","false","",,"100",,"4","2014-05-06 08:49:40","4","2024-06-21 14:12:55"
"4407308","18361e8c-96ed-4d60-bc73-81740a327541","USA028","DJUG 865",,"Juglans","regia","L.","","","Juglans regia L.","KGZ","","20091001","","","false","",,"100",,"4","2014-05-06 08:51:13","4","2024-06-21 14:15:20"
"4407316","80dcdb94-260c-4715-8f6d-2cb2ae3f0ec3","USA028","DJUG 80",,"Juglans","major","(Torr.) A. Heller","","","Juglans major (Torr.) A. Heller","USA","","19841005","","","false","","20","100",,"4","2014-05-06 08:51:13","4","2024-06-21 12:41:27"
"4407325","6c4bb563-7d6c-44b2-b188-c341e13c1468","USA028","DJUG 595",,"Juglans","regia","L.","","","Juglans regia L.","UKR","","20000928","","","false","","20","100",,"4","2014-05-06 08:51:13","4","2024-06-21 13:52:01"
"4407328","69058df2-d918-4afb-9fef-8bc7c5a97640","USA028","PI 264369",,"Juglans","regia","L.","","","Juglans regia L.",,"","19600325","","","false","","20","416",,"4","2014-05-06 08:51:13","4","2024-06-21 13:00:42"
"4407330","3cb2f8f7-d355-44d1-8aa8-70830b441f7f","USA028","DJUG 470",,"Juglans","regia","L.","","","Juglans regia L.","DEU","","19960501","","","false","","20","416",,"4","2014-05-06 08:51:13","4","2024-06-21 13:47:21"
"4407331","e38758d2-66d7-4b20-bf42-2615a649faa5","USA028","DJUG 835",,"Juglans","mandshurica","Maxim.","","","Juglans mandshurica Maxim.","USA","","20081212","","","false","",,"100",,"4","2014-05-06 08:51:13","4","2024-06-21 14:12:56"
"4407819","2cd7f8f9-6deb-4a5d-899a-618a39699dfc","USA028","DJUG 167",,"Juglans","hybr.","","","","Juglans hybr.","USA","","19870116","","","false","","20","416",,"4","2014-05-06 08:51:41","4","2024-06-21 12:41:35"
"4409357","8e98f23c-2821-40fa-bf56-c9588486240f","USA028","DJUG 742",,"Juglans","regia","L.","","","Juglans regia L.","CHN","","20070227","","","false","","20","416",,"4","2014-05-06 08:53:17","4","2024-06-21 14:03:52"
"4409364","a36e49e2-c012-4111-8138-bde16f3829ed","USA028","DJUG 95",,"Juglans","regia","L.","","","Juglans regia L.","USA","","19860101","","","false","","20","416",,"4","2014-05-06 08:53:17","4","2024-06-21 12:41:29"
"4409373","35f83a1a-e617-4324-91b2-69b8b81b1356","USA028","DJUG 345",,"Juglans","regia","L.","","","Juglans regia L.","CHN","","19910114","","","false","","20","100",,"4","2014-05-06 08:53:17","4","2024-06-21 12:41:43"
"4409376","f1b3bddb-fb2e-40a4-a78e-017d7d8bca24","USA028","DJUG 408",,"Juglans","regia","L.","","","Juglans regia L.","ROU","","19920221","","","false","","20","416",,"4","2014-05-06 08:53:17","4","2024-06-21 12:41:45"
"4409392","f07d303a-65d9-4aba-b941-9d6f0e0c4584","USA028","DJUG 491",,"Juglans","regia","L.","","","Juglans regia L.","BGR","","19960501","","","false","","20","416",,"4","2014-05-06 08:53:17","4","2024-06-21 13:47:21"
"4409395","b1d9afa4-9893-4649-9319-951193e089bd","USA028","DJUG 229",,"Juglans","regia","L.","","","Juglans regia L.","USA","","19880504","","","false","","20","416",,"4","2014-05-06 08:53:17","4","2024-06-21 12:41:37"
"4409946","9edbc2d4-3036-4710-9c88-6f87035de377","USA028","DJUG 553",,"Juglans","sp.","","","","Juglans sp.","ARG","","19990524","","","false","","20","100",,"4","2014-05-06 08:54:05","4","2024-06-21 13:48:50"
"4410475","819a9254-d8e2-437b-af87-a725ab710d53","USA028","DJUG 592",,"Juglans","regia","L.","","","Juglans regia L.","UKR","","20000928","","","false","","20","100",,"4","2014-05-06 08:54:44","4","2024-06-21 13:52:01"
"4410476","d62df21a-9e54-426e-bd19-332629946cb0","USA028","PI 264365",,"Juglans","regia","L.","","","Juglans regia L.",,"","19600325","","","false","","20","416",,"4","2014-05-06 08:54:44","4","2024-06-21 13:00:42"
"4410485","b907cdb3-f9d0-4720-ad83-7974f9649fbc","USA028","DJUG 854",,"Juglans","regia","L.","","","Juglans regia L.","KGZ","","20091001","","","false","",,"100",,"4","2014-05-06 08:54:44","4","2024-06-21 14:15:20"
"4410497","89cfea96-0d8a-4833-92f7-1171aea3fc2b","USA028","DJUG 141",,"Juglans","regia","L.","","","Juglans regia L.","USA","","19860101","","","false","","20","416",,"4","2014-05-06 08:54:44","4","2024-06-21 12:41:32"
"4410504","e599daf5-0c1b-4362-a322-8fef7be44b55","USA028","DJUG 63",,"Juglans","regia","L.","","","Juglans regia L.","KOR","","19850201","","","false","","20","100",,"4","2014-05-06 08:54:44","4","2024-06-21 12:41:26"
"4410515","28ca4c6a-5b09-4d4a-a05e-121a4422a978","USA028","DJUG 846",,"Juglans","regia","L.","","","Juglans regia L.","KGZ","","20091001","","","false","",,"100",,"4","2014-05-06 08:54:44","4","2024-06-21 14:15:20"
"4411040","bc322aa2-737a-46dc-ab29-934e90414a50","USA028","DJUG 87",,"Juglans","mandshurica","Maxim.","","","Juglans mandshurica Maxim.","USA","","1983----","","","false","","20","100",,"4","2014-05-06 08:55:15","4","2024-06-21 12:41:29"
"4412650","c5487fb6-e2f6-4c85-863f-ae7ba1d0ad05","USA028","DJUG 47",,"Juglans","major","(Torr.) A. Heller","","","Juglans major (Torr.) A. Heller","USA","","19840413","","","false","","20","100",,"4","2014-05-06 08:57:00","4","2024-06-21 12:41:23"
"4412654","1e043cd6-fec7-4ccd-8d62-74fb827f5707","USA028","DJUG 45",,"Juglans","hindsii","(Jeps.) R. E. Sm.","","","Juglans hindsii (Jeps.) R. E. Sm.","USA","","19840501","","","false","","20","100",,"4","2014-05-06 08:57:00","4","2024-06-21 12:41:23"
"4412656","58edb452-24c9-4fbb-87d2-12c114a396bc","USA028","DJUG 275",,"Juglans","regia","L.","","","Juglans regia L.","PAK","","19881223","","","false","","20","100",,"4","2014-05-06 08:57:00","4","2024-06-21 12:41:40"
"4412659","df3aff8d-8a15-4ff0-b184-69e5057ace2f","USA028","DJUG 361",,"Juglans","regia","L.","","","Juglans regia L.","CHN","","19910114","","","false","","20","100",,"4","2014-05-06 08:57:00","4","2024-06-21 12:41:43"
"4412661","d02d6343-ba16-494e-944a-fa2efdc325fd","USA028","DJUG 573",,"Juglans","regia","L.","","","Juglans regia L.","UKR","","20000928","","","false","","20","100",,"4","2014-05-06 08:57:00","4","2024-06-21 13:52:01"
"4412667","42f0243d-0276-4f18-a9e3-81ffe53ad1b2","USA028","DJUG 244",,"Juglans","regia","L.","","","Juglans regia L.","PAK","","19881223","","","false","","20","100",,"4","2014-05-06 08:57:00","4","2024-06-21 12:41:39"
"4412673","a0807f70-b82d-4484-819b-8a665e8cbcbb","USA028","DJUG 413",,"Juglans","regia","L.","","","Juglans regia L.","POL","","19920221","","","false","","20","416",,"4","2014-05-06 08:57:00","4","2024-06-21 12:41:45"
"4412686","c1b1f87d-6263-4c2e-b4dc-a1d9447e2a87","USA028","DJUG 90",,"Juglans","hindsii","(Jeps.) R. E. Sm.","","","Juglans hindsii (Jeps.) R. E. Sm.","USA","","1983----","","","false","","20","100",,"4","2014-05-06 08:57:00","4","2024-06-21 12:41:29"
"4412699","68d960b6-436f-421d-874a-e76016a5d008","USA028","DJUG 2",,"Juglans","ailantifolia","Carriere","","","Juglans ailantifolia Carriere","JPN","","1983----","","","false","","20","100",,"4","2014-05-06 08:57:00","4","2024-06-21 17:23:35"
"4413871","60ac4f18-6fc2-457a-bca9-ca57f1cd7cfd","USA028","DJUG 79",,"Juglans","major","(Torr.) A. Heller","","","Juglans major (Torr.) A. Heller","USA","","19841005","","","false","","20","100",,"4","2014-05-06 08:58:31","4","2024-06-21 12:41:27"
"4413892","874356d3-ff6b-4c8a-8658-5df2138f17c0","USA028","DJUG 257",,"Juglans","regia","L.","","","Juglans regia L.","PAK","","19881223","","","false","","20","100",,"4","2014-05-06 08:58:31","4","2024-06-21 12:41:39"
"4413896","3a600ad0-9e4c-43c4-a769-88e27456f38f","USA028","DJUG 469",,"Juglans","sigillata","Dode","","","Juglans sigillata Dode","CHN","","19960501","","","false","","20","416",,"4","2014-05-06 08:58:31","4","2024-06-21 13:47:21"
"4413899","9f8289f2-48d6-4395-8fa5-49f67d4acb79","USA028","DJUG 37",,"Juglans","hindsii","(Jeps.) R. E. Sm.","","","Juglans hindsii (Jeps.) R. E. Sm.","USA","","19840501","","","false","","20","100",,"4","2014-05-06 08:58:31","4","2024-06-21 12:41:21"
"4413913","7dbf8af3-f790-4fe4-8ade-3cf5a4175c04","USA028","DJUG 869",,"Juglans","regia","L.","","","Juglans regia L.","KGZ","","20091001","","","false","",,"100",,"4","2014-05-06 08:58:31","4","2024-06-21 14:15:20"
"4414287","e02062af-1fca-4b0f-a96b-3661c1d24bce","USA028","DJUG 193",,"Juglans","mandshurica","Maxim.","","","Juglans mandshurica Maxim.","KOR","","19870101","","","false","","20","100",,"4","2014-05-06 08:58:55","4","2024-06-21 12:41:36"
"4414291","9f567651-e7e2-4f7d-9b9c-d2157981605e","USA028","DJUG 550",,"Juglans","australis","Griseb.","","","Juglans australis Griseb.","ARG","","19990524","","","false","","20","100",,"4","2014-05-06 08:58:55","4","2024-06-21 13:48:50"
"4414327","5672baeb-8466-4b8d-b445-eabe0d89b9c9","USA028","DJUG 89",,"Juglans","mandshurica","Maxim.","","","Juglans mandshurica Maxim.","CHN","","1983----","","","false","","20","100",,"4","2014-05-06 08:58:55","4","2024-06-21 12:41:29"
"4414335","eac15b54-1197-4415-ba06-116be38a97bd","USA028","DJUG 120",,"Juglans","hybr.","","","","Juglans hybr.","USA","","19000101","","","false","","20","416",,"4","2014-05-06 08:58:55","4","2024-06-21 12:41:31"
"4415027","327b784b-9992-40ee-b84b-4196249881dd","USA028","DJUG 85",,"Juglans","regia","L.","","","Juglans regia L.","NPL","","19860801","","","false","","20","100",,"4","2014-05-06 08:59:45","4","2024-06-21 12:41:27"
"4415029","5e81269d-68bb-45ea-9e03-d67784ab7f49","USA028","DJUG 171",,"Juglans","regia","L.","","","Juglans regia L.","USA","","19870116","","","false","","20","416",,"4","2014-05-06 08:59:45","4","2024-06-21 12:41:35"
"4415856","4df65f36-9873-4201-beef-a8134652d911","USA028","DJUG 571",,"Juglans","regia","L.","","","Juglans regia L.","UKR","","20000928","","","false","","20","100",,"4","2014-05-06 09:00:44","4","2024-06-21 13:52:01"
"4415860","dc7245e6-029b-47ef-b8c6-c95c66815466","USA028","DJUG 175",,"Juglans","regia","L.","","","Juglans regia L.","USA","","19870116","","","false","","20","416",,"4","2014-05-06 09:00:44","4","2024-06-21 12:41:34"
"4415864","7c5db63d-1b82-4dad-bba7-c1f9c53d5107","USA028","DJUG 418",,"Juglans","regia","L.","","","Juglans regia L.","FRA","","19920221","","","false","","20","416",,"4","2014-05-06 09:00:44","4","2024-06-21 12:41:45"
"4415876","62e50005-b9f6-4e63-a73b-197e3da920bd","USA028","DJUG 363",,"Juglans","regia","L.","","","Juglans regia L.","CHN","","19910114","","","false","","20","100",,"4","2014-05-06 09:00:44","4","2024-06-21 12:41:43"
"4415885","5c86bdfe-df6a-4a40-91b3-4df418583828","USA028","DJUG 486",,"Juglans","regia","L.","","","Juglans regia L.","IND","","19960501","","","false","","20","416",,"4","2014-05-06 09:00:44","4","2024-06-21 13:47:21"
"4415941","d949b6e9-46c9-4ed9-a5cc-f23ed20e40e5","USA026","PI 667003",,"Juglans","cinerea","L.","","","Juglans cinerea L.","USA","","20050304","","","false","","20","500",,"4","2014-05-06 09:00:47","4","2024-06-21 13:58:40"
"4415950","28689547-a7a1-4088-8b90-a725d013b47d","USA026","PI 666996",,"Juglans","cinerea","L.","","","Juglans cinerea L.","USA","","20050304","","","false","","20","500",,"4","2014-05-06 09:00:47","4","2024-06-21 13:58:40"
"4416347","f642e2a0-2fe6-4d6d-9c1d-5a79be990ec8","USA028","DJUG 549",,"Juglans","australis","Griseb.","","","Juglans australis Griseb.","ARG","","19990524","","","false","","20","100",,"4","2014-05-06 09:01:19","4","2024-06-21 13:48:50"
"4417034","7bd7a1ef-551e-41cb-a299-33a6932c71c1","USA028","DJUG 606",,"Juglans","regia","L.","","","Juglans regia L.","UKR","","20000928","","","false","","20","100",,"4","2014-05-06 09:02:05","4","2024-06-21 13:52:01"
"4417056","bbb22193-0476-49bf-9e10-bcf8a6a14e78","USA028","DJUG 246",,"Juglans","regia","L.","","","Juglans regia L.","PAK","","19881223","","","false","","20","100",,"4","2014-05-06 09:02:05","4","2024-06-21 12:41:39"
"4417061","62a3fb09-c73c-4859-a418-9d6c444dbf0f","USA028","DJUG 476",,"Juglans","regia","L.","","","Juglans regia L.",,"","19960501","","","false","","20","416",,"4","2014-05-06 09:02:05","4","2024-06-21 13:47:21"
"4418303","65d5f8e9-780e-4038-ae98-27696f5529cb","USA028","DJUG 355",,"Juglans","regia","L.","","","Juglans regia L.","CHN","","19910114","","","false","","20","100",,"4","2014-05-06 09:03:37","4","2024-06-21 12:41:43"
"4418311","1b532015-fe3f-4973-8843-946171b71ac3","USA028","DJUG 269",,"Juglans","regia","L.","","","Juglans regia L.","PAK","","19881223","","","false","","20","100",,"4","2014-05-06 09:03:37","4","2024-06-21 12:41:40"
"4418313","2b1c7660-848b-4b65-a40f-356d1ae29e54","USA028","DJUG 572",,"Juglans","regia","L.","","","Juglans regia L.","UKR","","20000928","","","false","","20","100",,"4","2014-05-06 09:03:37","4","2024-06-21 13:52:01"
"4418341","a6dbaf06-0f7b-432a-aa26-209dd980b00a","USA028","DJUG 264",,"Juglans","regia","L.","","","Juglans regia L.","PAK","","19881223","","","false","","20","100",,"4","2014-05-06 09:03:37","4","2024-06-21 12:41:40"
"4419108","1c40398f-098e-43a3-a696-5887bee17e05","USA028","DJUG 288",,"Juglans","nigra","L.","","","Juglans nigra L.","USA","","19900330","","","false","","20","416",,"4","2014-05-06 09:04:17","4","2024-06-21 12:41:40"
"4419544","15a9f5a1-6d9a-4774-bb0d-a7b77b8a320c","USA151","NA 76211",,"Juglans","regia","L.","","","Juglans regia L.","AZE","","20070402","","","false","","20","100",,"4","2014-05-06 09:04:50","4","2024-06-21 14:23:21"
"4419759","488f2cce-b382-43b6-b23e-ec13189df9a4","USA028","DJUG 4",,"Juglans","ailantifolia","Carriere","var. cordiformis","(Makino) Rehder","Juglans ailantifolia Carriere var. cordiformis (Makino) Rehder","JPN","","1983----","","","false","","20","100",,"4","2014-05-06 09:05:13","4","2024-06-21 17:23:35"
"4419764","79a096d2-8413-47c6-86fc-b0c648f73be6","USA028","DJUG 7",,"Juglans","ailantifolia","Carriere","var. cordiformis","(Makino) Rehder","Juglans ailantifolia Carriere var. cordiformis (Makino) Rehder","JPN","","1983----","","","false","","20","100",,"4","2014-05-06 09:05:13","4","2024-06-21 17:23:35"
"4420639","0b3f9a58-dc8f-4d94-8ba1-1cf567700e44","USA028","PI 18256",,"Juglans","regia","L.","","","Juglans regia L.","CHN","","19060226","","","false","","20","416",,"4","2014-05-06 09:06:12","4","2024-06-21 12:47:52"
"4420646","84fb05f3-7ddd-4c83-96d2-e41a3343223f","USA028","DJUG 130",,"Juglans","regia","L.","","","Juglans regia L.","USA","","19860101","","","false","","20","416",,"4","2014-05-06 09:06:12","4","2024-06-21 12:41:32"
"4420650","039eee1e-78ca-484e-a014-6de75252299c","USA028","DJUG 359",,"Juglans","regia","L.","","","Juglans regia L.","CHN","","19910114","","","false","","20","100",,"4","2014-05-06 09:06:12","4","2024-06-21 12:41:43"
"4420664","faa98329-715b-4a50-8db9-7d2eb991f5e2","USA028","DJUG 180",,"Juglans","regia","L.","","","Juglans regia L.","USA","","19870116","","","false","","20","416",,"4","2014-05-06 09:06:12","4","2024-06-21 12:41:36"
"4420678","49f45db1-589c-4a2a-8028-0788fbb8ce37","USA028","DJUG 347",,"Juglans","regia","L.","","","Juglans regia L.","CHN","","19910114","","","false","","20","100",,"4","2014-05-06 09:06:12","4","2024-06-21 12:41:43"
"4421442","1980087b-57fd-4bb6-a4b3-036006ce9060","USA028","DJUG 777",,"Juglans","regia","L.","","","Juglans regia L.","AZE","","20071019","","","false","",,"100",,"4","2014-05-06 09:07:28","4","2024-06-21 14:12:51"
"4422298","e9bafba2-6360-49d1-a18d-9328edf9256e","USA028","DJUG 91",,"Juglans","hindsii","(Jeps.) R. E. Sm.","","","Juglans hindsii (Jeps.) R. E. Sm.","USA","","1983----","","","false","","20","100",,"4","2014-05-06 09:08:28","4","2024-06-21 12:41:29"
"4423517","58ba3a94-a2c4-4e89-b8c8-6705e7829c5d","USA028","DJUG 480",,"Juglans","regia","L.","","","Juglans regia L.","KOR","","19960501","","","false","","20","416",,"4","2014-05-06 09:09:44","4","2024-06-21 13:47:21"
"4423522","d7f00596-0f32-40a0-991f-9cc05028eb62","USA028","DJUG 873",,"Juglans","regia","L.","","","Juglans regia L.","KGZ","","20091001","","","false","",,"100",,"4","2014-05-06 09:09:44","4","2024-06-21 14:15:20"
"4423524","fa37ef46-d03e-48df-9359-5540e39499df","USA028","DJUG 856",,"Juglans","regia","L.","","","Juglans regia L.","KGZ","","20091001","","","false","",,"100",,"4","2014-05-06 09:09:44","4","2024-06-21 14:15:20"
"4423525","686de23d-4526-4e28-9367-dc666201ec63","USA028","DJUG 563",,"Juglans","regia","L.","","","Juglans regia L.","UKR","","20000928","","","false","","20","100",,"4","2014-05-06 09:09:44","4","2024-06-21 13:52:01"
"4423526","9ad1201c-ee13-4eb6-866e-d5b7ed4df3e4","USA028","DJUG 247",,"Juglans","regia","L.","","","Juglans regia L.","PAK","","19881223","","","false","","20","100",,"4","2014-05-06 09:09:44","4","2024-06-21 12:41:39"
"4423530","d5db640c-83da-4a71-b27b-dac3589939a8","USA028","PI 264370",,"Juglans","regia","L.","","","Juglans regia L.",,"","19600325","","","false","","20","416",,"4","2014-05-06 09:09:44","4","2024-06-21 13:00:42"
"4423547","a737e399-41dd-4381-a2fd-aae76c05b69a","USA028","DJUG 766",,"Juglans","regia","L.","","","Juglans regia L.","AZE","","20071019","","","false","",,"100",,"4","2014-05-06 09:09:44","4","2024-06-21 14:12:51"
"4423554","117810aa-d9a5-49b1-8183-075a2c77f099","USA028","DJUG 78",,"Juglans","major","(Torr.) A. Heller","","","Juglans major (Torr.) A. Heller","USA","","19841005","","","false","","20","100",,"4","2014-05-06 09:09:44","4","2024-06-21 12:41:27"
"4423987","aaf4be21-47a5-42c7-88b3-d82958e02af8","USA028","DJUG 555",,"Juglans","hybr.","","","","Juglans hybr.","ARG","","19990524","","","false","","20","100",,"4","2014-05-06 09:10:11","4","2024-06-21 13:48:50"
"4424085","994cc844-75ca-4ca3-ba27-5da10c328b1f","USA026","PI 667005",,"Juglans","cinerea","L.","","","Juglans cinerea L.","USA","","20060302","","","false","","20","500",,"4","2014-05-06 09:10:20","4","2024-06-21 14:01:28"
"4424671","1935db5e-e2da-4932-a8c6-628a3cce6b2c","USA028","DJUG 52",,"Juglans","microcarpa","Berland.","","","Juglans microcarpa Berland.","USA","","19841001","","","false","","20","100",,"4","2014-05-06 09:10:48","4","2024-06-21 12:41:25"
"4425648","e8b749df-9e44-45f7-98e7-90dcf44faf7a","USA028","DJUG 313",,"Juglans","regia","L.","","","Juglans regia L.","UZB","","19900807","","","false","","20","100",,"4","2014-05-06 09:11:48","4","2024-06-21 12:41:41"
"4425654","6f3db315-9365-47cf-a1e2-c304d35d9f1e","USA028","DJUG 41",,"Juglans","hindsii","(Jeps.) R. E. Sm.","","","Juglans hindsii (Jeps.) R. E. Sm.","USA","","19840501","","","false","","20","100",,"4","2014-05-06 09:11:48","4","2024-06-21 12:41:23"
"4425667","6b36686f-8bed-4934-a56e-bbad83e5c9e8","USA028","DJUG 265",,"Juglans","regia","L.","","","Juglans regia L.","PAK","","19881223","","","false","","20","100",,"4","2014-05-06 09:11:48","4","2024-06-21 12:41:40"
"4425677","57c909f8-1095-43f1-87df-43d332e4e7a1","USA028","DJUG 576",,"Juglans","regia","L.","","","Juglans regia L.","UKR","","20000928","","","false","","20","100",,"4","2014-05-06 09:11:48","4","2024-06-21 13:52:01"
"4425692","cc6c09f7-1da7-40bf-9138-79fd1c0cfc87","USA028","DJUG 21",,"Juglans","californica","S. Watson","","","Juglans californica S. Watson","USA","","19830923","","","false","","20","100",,"4","2014-05-06 09:11:48","4","2024-06-21 17:23:37"
"4426176","35b60d98-16eb-49a8-9fd7-2d223935bb22","USA028","DJUG 386",,"Juglans","microcarpa","Berland.","","","Juglans microcarpa Berland.","USA","","19901213","","","false","","20","100",,"4","2014-05-06 09:12:33","4","2024-06-21 12:41:44"
"4426882","52633da6-adf5-4a10-81b6-4b4cfac01942","USA028","DJUG 178",,"Juglans","regia","L.","","","Juglans regia L.","USA","","19870101","","","false","","20","416",,"4","2014-05-06 09:13:21","4","2024-06-21 14:15:37"
"4426889","e3745a50-3ef4-49ae-8114-54a32480f41d","USA028","DJUG 354",,"Juglans","regia","L.","","","Juglans regia L.","CHN","","19910114","","","false","","20","100",,"4","2014-05-06 09:13:21","4","2024-06-21 12:41:43"
"4426893","443d7c07-aaf2-490d-bb6b-21af65a0dca9","USA028","DJUG 772",,"Juglans","regia","L.","","","Juglans regia L.","AZE","","20071019","","","false","",,"100",,"4","2014-05-06 09:13:21","4","2024-06-21 14:12:51"
"4426898","d6bfe44e-d2bf-475b-b37b-02f93ab8bf83","USA028","DJUG 423",,"Juglans","regia","L.","","","Juglans regia L.","CHN","","19920221","","","false","","20","416",,"4","2014-05-06 09:13:21","4","2024-06-21 12:41:45"
"4426901","804fb6cd-7ee8-4ead-b971-599a3a62d446","USA028","DJUG 154",,"Juglans","regia","L.","","","Juglans regia L.","USA","","19860101","","","false","","20","416",,"4","2014-05-06 09:13:21","4","2024-06-21 12:41:34"
"4426902","af46fefb-31fb-4f87-9616-215a4360fbda","USA028","DJUG 489",,"Juglans","regia","L.","","","Juglans regia L.","IND","","19960501","","","false","","20","416",,"4","2014-05-06 09:13:21","4","2024-06-21 13:47:21"
"4426909","2b9ce18d-05b2-4430-8758-21844d99fc46","USA028","DJUG 164",,"Juglans","regia","L.","","","Juglans regia L.","USA","","19860101","","","false","","20","416",,"4","2014-05-06 09:13:21","4","2024-06-21 12:41:35"
"4426918","1e341375-a17e-40cc-9c5f-0bfbf08f147d","USA028","DJUG 474",,"Juglans","regia","L.","","","Juglans regia L.","PAK","","19960501","","","false","","20","416",,"4","2014-05-06 09:13:21","4","2024-06-21 13:47:21"
"4427676","d7eef7bb-b19f-4543-8751-92207616516b","USA028","DJUG 5",,"Juglans","ailantifolia","Carriere","","","Juglans ailantifolia Carriere","JPN","","1983----","","","false","","20","100",,"4","2014-05-06 09:14:02","4","2024-06-21 17:23:35"
"4427714","f5144552-7854-473f-abd3-eb835755e49f","USA028","DJUG 551",,"Juglans","hybr.","","","","Juglans hybr.","ARG","","19990524","","","false","","20","100",,"4","2014-05-06 09:14:02","4","2024-06-21 13:48:50"
"4428284","3160057f-def8-4c60-9002-df63a601e53f","USA028","DJUG 188",,"Juglans","regia","L.","","","Juglans regia L.",,"","19870101","","","false","","20","100",,"4","2014-05-06 09:14:43","4","2024-06-21 12:41:36"
"4429330","c56bfbc4-1abd-426f-b17e-ef52029733cb","USA026","PI 666982",,"Juglans","cinerea","L.","","","Juglans cinerea L.","USA","","19900322","","","false","","20","500",,"4","2014-05-06 09:15:41","4","2024-06-21 17:23:35"
"4430513","020d838c-47da-4284-85c5-2514809b341e","USA028","DJUG 614",,"Juglans","regia","L.","","","Juglans regia L.","UKR","","20000928","","","false","","20","100",,"4","2014-05-06 09:16:57","4","2024-06-21 13:52:01"
"4430530","c0bee0f7-85b8-4b8b-a159-53f92f8f431a","USA028","DJUG 612",,"Juglans","regia","L.","","","Juglans regia L.","UKR","","20000928","","","false","","20","100",,"4","2014-05-06 09:16:57","4","2024-06-21 13:52:01"
"4430532","a9bd7c1f-7f05-4d25-b4df-e911e79ab4f8","USA028","DJUG 482",,"Juglans","regia","L.","","","Juglans regia L.","IND","","19960501","","","false","","20","416",,"4","2014-05-06 09:16:57","4","2024-06-21 13:47:22"
"4431856","e34a1249-7216-45ac-b682-a254cc093744","USA028","DJUG 376",,"Juglans","regia","L.","","","Juglans regia L.","CHN","","19910114","","","false","","20","100",,"4","2014-05-06 09:18:35","4","2024-06-21 12:41:44"
"4431863","089bde3a-3b8a-49ee-be94-7d4f6060bc56","USA028","DJUG 877",,"Juglans","regia","L.","","","Juglans regia L.","KGZ","","20091001","","","false","",,"100",,"4","2014-05-06 09:18:35","4","2024-06-21 14:15:20"
"4431865","c57c2ec8-c4c2-47ca-aa69-7bc57ddf222a","USA028","DJUG 272",,"Juglans","regia","L.","","","Juglans regia L.","PAK","","19881223","","","false","","20","100",,"4","2014-05-06 09:18:35","4","2024-06-21 12:41:40"
"4431870","04a7f152-bbb1-4899-8ba3-a208f3dd7345","USA028","DJUG 593",,"Juglans","regia","L.","","","Juglans regia L.","UKR","","20000928","","","false","","20","100",,"4","2014-05-06 09:18:35","4","2024-06-21 13:52:01"
"4431876","3099ca9a-6309-4da6-b140-bdc2cdc96b7c","USA028","DJUG 589",,"Juglans","regia","L.","","","Juglans regia L.","UKR","","20000928","","","false","","20","100",,"4","2014-05-06 09:18:35","4","2024-06-21 13:52:01"
"4432276","1190e879-4eb6-4827-9ef9-02b380d6b2c4","USA026","PI 666993",,"Juglans","cinerea","L.","","","Juglans cinerea L.","CAN","","20010125","","","false","","20","500",,"4","2014-05-06 09:19:01","4","2024-06-21 13:51:46"
"4432408","8b9a6a79-da0d-46cf-a641-efc7e073aa39","USA028","DJUG 529",,"Juglans","neotropica","Diels","","","Juglans neotropica Diels","ECU","","19971009","","","false","","20","100",,"4","2014-05-06 09:19:04","4","2024-06-21 13:47:21"
"4432437","85011763-4648-4c48-8045-b2fe87d0567f","USA028","DJUG 57",,"Juglans","nigra","L.","","","Juglans nigra L.","USA","","19841109","","","false","","20","100",,"4","2014-05-06 09:19:04","4","2024-06-21 12:41:25"
"4432956","0a69b620-7e90-48fe-825f-38c02fcc2d4c","USA028","DJUG 559",,"Juglans","regia","L.","","","Juglans regia L.","MDA","","19991208","","","false","","20","100",,"4","2014-05-06 09:19:38","4","2024-06-21 13:49:50"
"4432957","e4c8da4c-84cc-4705-969d-5099933e972a","USA028","DJUG 177",,"Juglans","regia","L.","","","Juglans regia L.","FRA","","19870116","","","false","","20","416",,"4","2014-05-06 09:19:38","4","2024-06-21 12:41:34"
"4432964","51623434-83e3-4d8d-894b-a4b3d1cf1099","USA028","DJUG 349",,"Juglans","regia","L.","","","Juglans regia L.","CHN","","19910114","","","false","","20","100",,"4","2014-05-06 09:19:38","4","2024-06-21 12:41:43"
"4432971","1be10a09-bda0-4641-9b5a-fcea3e670fdd","USA028","DJUG 381",,"Juglans","regia","L.","","","Juglans regia L.","CHN","","19910114","","","false","","20","100",,"4","2014-05-06 09:19:38","4","2024-06-21 12:41:44"
"4432979","5e731732-a1fc-42dd-99de-522037f20211","USA028","DJUG 332",,"Juglans","regia","L.","","","Juglans regia L.","CHN","","19910114","","","false","","20","100",,"4","2014-05-06 09:19:38","4","2024-06-21 12:41:41"
"4432983","9c5a76ad-0752-4c2c-bf50-62dc27cdf7be","USA028","DJUG 224",,"Juglans","regia","L.","","","Juglans regia L.","AFG","","19880504","","","false","","20","416",,"4","2014-05-06 09:19:38","4","2024-06-21 12:41:37"
"4432984","44bd5c52-fc92-4f7e-9bd6-5cd83618a1d6","USA028","DJUG 578",,"Juglans","regia","L.","","","Juglans regia L.","UKR","","20000928","","","false","","20","100",,"4","2014-05-06 09:19:38","4","2024-06-21 13:52:01"
"4432992","19135367-1b58-4645-b306-88ccd66e78d9","USA028","DJUG 182",,"Juglans","regia","L.","","","Juglans regia L.","USA","","19870116","","","false","","20","416",,"4","2014-05-06 09:19:38","4","2024-06-21 12:41:36"
"4432996","2f79891e-76b4-4005-aec4-978e45642fee","USA028","DJUG 591",,"Juglans","regia","L.","","","Juglans regia L.","UKR","","20000928","","","false","","20","100",,"4","2014-05-06 09:19:38","4","2024-06-21 13:52:01"
"4433915","16e4647d-4754-4ba8-9912-4b7f772d718d","USA028","PI 264373",,"Juglans","hybr.","","","","Juglans hybr.",,"","19600325","","","false","","20","416",,"4","2014-05-06 09:20:28","4","2024-06-21 13:00:42"
"4433921","e0a2ea38-05a6-43de-914c-673f4cd192ab","USA028","DJUG 136",,"Juglans","nigra","L.","","","Juglans nigra L.","USA","","19860101","","","false","","20","416",,"4","2014-05-06 09:20:28","4","2024-06-21 12:41:32"
"4433940","b06d5d0d-e2a2-4211-a926-fa5b47fb4527","USA028","DJUG 852",,"Juglans","regia","L.","","","Juglans regia L.","KGZ","","20091001","","","false","",,"100",,"4","2014-05-06 09:20:28","4","2024-06-21 14:15:20"
"4433941","85583423-a727-419f-9ab8-48bc48e254ee","USA028","DJUG 75",,"Juglans","major","(Torr.) A. Heller","","","Juglans major (Torr.) A. Heller","USA","","19841005","","","false","","20","100",,"4","2014-05-06 09:20:28","4","2024-06-21 12:41:27"
"4434613","fdaea022-295d-40d0-9b06-c64628d2f1ac","USA028","DJUG 108",,"Juglans","regia","L.","","","Juglans regia L.","USA","","19860101","","","false","","20","416",,"4","2014-05-06 09:21:26","4","2024-06-21 12:41:30"
"4435449","5d6e8f88-ee0c-4ab3-b69d-dc0905ee3584","USA028","DJUG 570",,"Juglans","regia","L.","","","Juglans regia L.","UKR","","20000928","","","false","","20","100",,"4","2014-05-06 09:22:12","4","2024-06-21 13:52:01"
"4435452","161e8f01-ec68-4abf-bad0-a54db94e8ffa","USA028","DJUG 267",,"Juglans","regia","L.","","","Juglans regia L.","PAK","","19881223","","","false","","20","100",,"4","2014-05-06 09:22:12","4","2024-06-21 12:41:40"
"4435470","ba7e5294-920c-4707-af0c-d51cb9777d8c","USA028","DJUG 18",,"Juglans","californica","S. Watson","","","Juglans californica S. Watson","USA","","19830923","","","false","","20","100",,"4","2014-05-06 09:22:12","4","2024-06-21 17:23:37"
"4435985","d8169f22-7517-4300-b043-58cb9d95191c","USA028","DJUG 530",,"Juglans","neotropica","Diels","","","Juglans neotropica Diels","ECU","","19971009","","","false","","20","100",,"4","2014-05-06 09:23:00","4","2024-06-21 13:47:21"
"4436761","f804a074-07de-4209-99cd-fe45063da8ea","USA028","DJUG 109",,"Juglans","regia","L.","","","Juglans regia L.","USA","","19860101","","","false","","20","416",,"4","2014-05-06 09:23:45","4","2024-06-21 12:41:30"
"4436767","c3340349-36ef-4964-b532-01b282f5e0fd","USA028","DJUG 597",,"Juglans","regia","L.","","","Juglans regia L.","UKR","","20000928","","","false","","20","100",,"4","2014-05-06 09:23:45","4","2024-06-21 13:52:01"
"4436793","35ef1781-65be-44bb-9f6f-cfb72429a5d1","USA028","DJUG 251",,"Juglans","regia","L.","","","Juglans regia L.","PAK","","19881223","","","false","","20","100",,"4","2014-05-06 09:23:45","4","2024-06-21 12:41:39"
"4436805","83dfa72e-9955-40a0-827d-b4bf31b57f8a","USA028","DJUG 415",,"Juglans","regia","L.","","","Juglans regia L.","FRA","","19920221","","","false","","20","416",,"4","2014-05-06 09:23:45","4","2024-06-21 12:41:45"
"4437078","a38c745b-738d-4d79-b56c-087f4fca50d4","USA028","DJUG 615",,"Juglans","mandshurica","Maxim.","","","Juglans mandshurica Maxim.","UKR","","20000928","","","false","","20","100",,"4","2014-05-06 09:24:07","4","2024-06-21 13:52:01"
"4437081","84c1e960-69c7-44ff-8b27-a006c22a2742","USA028","DJUG 556",,"Juglans","hybr.","","","","Juglans hybr.","ARG","","19990524","","","false","","20","100",,"4","2014-05-06 09:24:07","4","2024-06-21 13:48:50"
"4438121","1204e883-9da9-4c86-9a4b-e14c768757be","USA028","DJUG 382",,"Juglans","regia","L.","","","Juglans regia L.","CHN","","19910114","","","false","","20","100",,"4","2014-05-06 09:25:27","4","2024-06-21 12:41:44"
"4438124","3d52be1a-fa80-4eda-bd18-027ecc32ce81","USA028","DJUG 568",,"Juglans","regia","L.","","","Juglans regia L.","UKR","","20000928","","","false","","20","100",,"4","2014-05-06 09:25:27","4","2024-06-21 13:52:01"
"4625192","736c21ee-381c-4789-a088-2dc235497654","GBR004","871455",,"Juglans","jamaicensis","C.DC.","","","Juglans jamaicensis C.DC.","DOM","","20160302","false","false","false","","10","110",,"4","2016-08-16 11:28:39","4","2022-02-02 09:49:02"
"4871668","52132c85-4b00-4e33-a402-9545bae4199f","ALB026","AGB3336",,"Juglans","regia","L.","","","Juglans regia L.","ALB","","20110315","false","","false","","20","300",,"4","2016-10-27 18:31:29","1285","2023-11-18 10:07:12"
"4871675","60afd563-5aaa-4494-8116-da46ceb3f06d","ALB026","AGB3366",,"Juglans","regia","L.","","","Juglans regia L.","ALB","","20140405","false","","false","","20","300",,"4","2016-10-27 18:31:29","1285","2023-11-18 10:07:28"
"4871677","ae28b39e-9839-4572-903a-e43122ce28e8","ALB026","AGB3335",,"Juglans","regia","L.","","","Juglans regia L.","ALB","","20110315","false","","false","","20","300",,"4","2016-10-27 18:31:29","1285","2023-11-18 10:07:12"
"4871692","2581f8d6-a1b6-4e89-af31-c1efd849e99f","ALB026","AGB3367",,"Juglans","regia","L.","","","Juglans regia L.","ALB","","20140405","false","","false","","20","300",,"4","2016-10-27 18:31:29","1285","2023-11-18 10:07:28"
"4877419","b6b6738d-e250-4e22-9d9e-464d6c7b3c87","AZE009","AzGR-647",,"Juglans","regia","L.","","","Juglans regia L.","AZE","","1952----","","","false","","20","300",,"4","2016-10-27 18:37:14","1285","2023-11-18 10:06:54"
"4877420","05adbdd5-80bc-4266-9cd3-f40658036d40","AZE009","AzGR-916",,"Juglans","regia","L.","","","Juglans regia L.","AZE","","1960----","","","false","","20","412",,"4","2016-10-27 18:37:14","1285","2023-11-18 10:07:07"
"4877421","e35979c2-1873-47cc-8bc1-2b03d4342b9e","AZE009","AzGR-922",,"Juglans","regia","L.","","","Juglans regia L.","AZE","","1960----","","","false","","20","412",,"4","2016-10-27 18:37:14","1285","2023-11-18 10:07:07"
"4877422","0d5f819a-1576-4bd7-a0ee-e0e892f78ebb","AZE009","AzGR-626",,"Juglans","regia","L.","","","Juglans regia L.","AZE","","1952----","","","false","","20","300",,"4","2016-10-27 18:37:14","1285","2023-11-18 10:07:19"
"4877423","83d8eafd-6e20-46f2-a166-c39c59f04bf9","AZE009","AzGR-910",,"Juglans","regia","L.","","","Juglans regia L.","AZE","","1960----","","","false","","20","412",,"4","2016-10-27 18:37:14","1285","2023-11-18 10:07:03"
"4877424","dc6d4108-f47b-4886-8047-d5ac41a575bf","AZE009","AzGR-629",,"Juglans","regia","L.","","","Juglans regia L.","AZE","","1950----","","","false","","20","300",,"4","2016-10-27 18:37:14","1285","2023-11-18 10:07:19"
"4877425","e41ac1f4-4aad-4d7d-af90-b3e6f4990582","AZE009","AzGR-628",,"Juglans","regia","L.","","","Juglans regia L.","AZE","","1950----","","","false","","20","300",,"4","2016-10-27 18:37:14","1285","2023-11-18 10:07:19"
"4877426","8d3245f2-87f2-4570-b07d-c32cc3fb6fea","AZE009","AzGR-630",,"Juglans","regia","L.","","","Juglans regia L.","AZE","","1952----","","","false","","20","300",,"4","2016-10-27 18:37:14","1285","2023-11-18 10:07:19"
"4877427","101127b3-957a-416d-8fb3-ef6f3a5257d4","AZE009","AzGR-925",,"Juglans","regia","L.","","","Juglans regia L.","AZE","","1960----","","","false","","20","412",,"4","2016-10-27 18:37:14","1285","2023-11-18 10:07:07"
"4877428","4f3b61a9-e493-4fe8-8e3a-a2493c654734","AZE009","AzGR-622",,"Juglans","regia","L.","","","Juglans regia L.","AZE","","1950----","","","false","","20","300",,"4","2016-10-27 18:37:14","1285","2023-11-18 10:07:19"
"4877429","fc3ca2f3-c814-4272-9cec-92e3d8cbc68d","AZE009","AzGR-638",,"Juglans","regia","L.","","","Juglans regia L.","AZE","","1950----","","","false","","20","300",,"4","2016-10-27 18:37:14","1285","2024-10-28 14:36:16"
"4877430","d49a2f15-9f3f-4671-a44a-876d401c4724","AZE009","AzGR-912",,"Juglans","regia","L.","","","Juglans regia L.","AZE","","1960----","","","false","","20","412",,"4","2016-10-27 18:37:14","1285","2023-11-18 10:07:03"
"4877431","30727378-3638-48db-aaae-a39db2f14ec6","AZE009","AzGR-624",,"Juglans","regia","L.","","","Juglans regia L.","AZE","","1950----","","","false","","20","300",,"4","2016-10-27 18:37:14","1285","2023-11-18 10:07:19"
"4877432","bb67c520-7a39-4aec-a0da-9dba22d565f9","AZE009","AzGR-642",,"Juglans","regia","L.","","","Juglans regia L.","AZE","","1970----","","","false","","20","500",,"4","2016-10-27 18:37:14","1285","2024-10-28 14:36:16"
"4877433","a4569419-7707-4ba9-b257-18e746581180","AZE009","AzGR-639",,"Juglans","regia","L.","","","Juglans regia L.","AZE","","1950----","","","false","","20","300",,"4","2016-10-27 18:37:14","1285","2024-10-28 14:36:16"
"4877434","3183e302-3d91-45d9-ad78-fd76de5d50d9","AZE009","AzGR-924",,"Juglans","regia","L.","","","Juglans regia L.","AZE","","1960----","","","false","","20","412",,"4","2016-10-27 18:37:14","1285","2023-11-18 10:07:07"
"4877435","e5235061-9816-4c73-b282-7fc838a29692","AZE009","AzGR-927",,"Juglans","regia","L.","","","Juglans regia L.","AZE","","1960----","","","false","","20","412",,"4","2016-10-27 18:37:14","1285","2023-11-18 10:07:07"
"4877436","6eede2a4-b4cb-4c4c-9de7-91606243f536","AZE009","AzGR-911",,"Juglans","regia","L.","","","Juglans regia L.","AZE","","1960----","","","false","","20","412",,"4","2016-10-27 18:37:14","1285","2023-11-18 10:07:03"
"4877437","9ecf12e8-f955-49cb-a13d-14a1b01f7799","AZE009","AzGR-637",,"Juglans","regia","L.","","","Juglans regia L.","AZE","","1952----","","","false","","20","300",,"4","2016-10-27 18:37:14","1285","2023-11-18 10:06:54"
"4877438","0da45178-a505-4119-bcc3-b1f95a3d3ce9","AZE009","AzGR-641",,"Juglans","regia","L.","","","Juglans regia L.","AZE","","1952----","","","false","","20","300",,"4","2016-10-27 18:37:14","1285","2024-10-28 14:36:16"
"4877439","21abca21-dfa4-4001-82d7-3b5541f4af24","AZE009","AzGR-920",,"Juglans","regia","L.","","","Juglans regia L.","AZE","","1960----","","","false","","20","412",,"4","2016-10-27 18:37:14","1285","2023-11-18 10:07:07"
"4877440","a5edaa24-a0ee-49bf-b6bf-c855fae6bd69","AZE009","AzGR-625",,"Juglans","regia","L.","","","Juglans regia L.","AZE","","1952----","","","false","","20","300",,"4","2016-10-27 18:37:14","1285","2023-11-18 10:07:19"
"4877441","8a2b057a-6a11-4e1a-b43f-d17f10adf106","AZE009","AzGR-644",,"Juglans","regia","L.","","","Juglans regia L.","AZE","","1970----","","","false","","20","500",,"4","2016-10-27 18:37:14","1285","2024-10-28 14:36:16"
"4877442","f3624262-8e99-4067-9dfc-e6145e95c424","AZE009","AzGR-635",,"Juglans","regia","L.","","","Juglans regia L.","AZE","","1950----","","","false","","20","300",,"4","2016-10-27 18:37:14","1285","2023-11-18 10:06:54"
"4877443","f4bfa008-a291-4f23-b726-9caec0adeabd","AZE009","AzGR-915",,"Juglans","regia","L.","","","Juglans regia L.","AZE","","1960----","","","false","","20","412",,"4","2016-10-27 18:37:14","1285","2023-11-18 10:07:07"
"4877444","fd9042e0-bc62-4e01-95c4-72327701e6e5","AZE009","AzGR-633",,"Juglans","regia","L.","","","Juglans regia L.","AZE","","1951----","","","false","","20","300",,"4","2016-10-27 18:37:14","1285","2023-11-18 10:07:19"
"4877445","0d32284d-c7de-4c60-8499-5abc48c9ac51","AZE009","AzGR-913",,"Juglans","regia","L.","","","Juglans regia L.","AZE","","1960----","","","false","","20","412",,"4","2016-10-27 18:37:14","1285","2023-11-18 10:07:07"
"4877447","1e038d27-9e98-4210-a2a3-1a0c07100e52","AZE009","AzGR-631",,"Juglans","regia","L.","","","Juglans regia L.","AZE","","1952----","","","false","","20","300",,"4","2016-10-27 18:37:14","1285","2023-11-18 10:07:19"
"4877448","550d771c-6640-4e82-800f-f7504c90f75c","AZE009","AzGR-919",,"Juglans","regia","L.","","","Juglans regia L.","AZE","","1960----","","","false","","20","412",,"4","2016-10-27 18:37:14","1285","2023-11-18 10:07:07"
"4877449","6e49f979-e7eb-41ca-ace5-5217d5bda222","AZE009","AzGR-929",,"Juglans","regia","L.","","","Juglans regia L.","AZE","","1960----","","","false","","20","412",,"4","2016-10-27 18:37:14","1285","2023-11-18 10:07:07"
"4877450","42947d51-1d60-4a8b-870d-b81276dd7dcc","AZE009","AzGR-921",,"Juglans","regia","L.","","","Juglans regia L.","AZE","","1960----","","","false","","20","412",,"4","2016-10-27 18:37:14","1285","2023-11-18 10:07:07"
"4877451","f463cc01-93cf-4697-a74b-9967e85ea711","AZE009","AzGR-643",,"Juglans","regia","L.","","","Juglans regia L.","AZE","","1970----","","","false","","20","500",,"4","2016-10-27 18:37:14","1285","2024-10-28 14:36:16"
"4877452","56e97f2d-2952-492b-9b95-d7d458edd63b","AZE009","AzGR-621",,"Juglans","regia","L.","","","Juglans regia L.","AZE","","1952----","","","false","","20","300",,"4","2016-10-27 18:37:14","1285","2023-11-18 10:07:19"
"4877453","4663a92c-0c39-4384-8b58-c8b6a751d754","AZE009","AzGR-634",,"Juglans","regia","L.","","","Juglans regia L.","AZE","","1951----","","","false","","20","300",,"4","2016-10-27 18:37:14","1285","2024-10-28 14:36:16"
"4877454","6b2cb7ef-4cd9-4bee-9387-ce83504687cd","AZE009","AzGR-923",,"Juglans","regia","L.","","","Juglans regia L.","AZE","","1960----","","","false","","20","412",,"4","2016-10-27 18:37:14","1285","2023-11-18 10:07:07"
"4877455","2d017fa6-e1ee-47f8-bcbd-f774d579bf39","AZE009","AzGR-627",,"Juglans","regia","L.","","","Juglans regia L.","AZE","","1950----","","","false","","20","300",,"4","2016-10-27 18:37:14","1285","2023-11-18 10:07:19"
"4877456","3a71db45-02b1-4b10-b826-0ef9ebbb56d7","AZE009","AzGR-640",,"Juglans","regia","L.","","","Juglans regia L.","AZE","","1950----","","","false","","20","300",,"4","2016-10-27 18:37:14","1285","2024-10-28 14:36:16"
"4877457","703dadd4-4e01-42a7-b284-92c3b8bd3782","AZE009","AzGR-917",,"Juglans","regia","L.","","","Juglans regia L.","AZE","","1960----","","","false","","20","412",,"4","2016-10-27 18:37:14","1285","2023-11-18 10:07:07"
"4877458","27d46685-d110-4a47-a292-0740ee689eb1","AZE009","AzGR-645",,"Juglans","regia","L.","","","Juglans regia L.","AZE","","1952----","","","false","","20","300",,"4","2016-10-27 18:37:14","1285","2023-11-18 10:06:54"
"4877459","168cf365-c426-4ecd-a3b5-d3136152fd75","AZE009","AzGR-623",,"Juglans","regia","L.","","","Juglans regia L.","AZE","","1950----","","","false","","20","300",,"4","2016-10-27 18:37:14","1285","2023-11-18 10:07:19"
"4877460","7a966251-042d-403b-a8ba-2d52b27438c9","AZE009","AzGR-632",,"Juglans","regia","L.","","","Juglans regia L.","AZE","","1950----","","","false","","20","300",,"4","2016-10-27 18:37:14","1285","2023-11-18 10:07:19"
"4877461","1377a3ae-aa94-4d27-9dbb-760f5d4d9a25","AZE009","AzGR-646",,"Juglans","regia","L.","","","Juglans regia L.","AZE","","1952----","","","false","","20","300",,"4","2016-10-27 18:37:14","1285","2023-11-18 10:06:54"
"4877462","4254ca79-5ab1-408e-8842-f6db22e57991","AZE009","AzGR-636",,"Juglans","regia","L.","","","Juglans regia L.","AZE","","1952----","","","false","","20","300",,"4","2016-10-27 18:37:14","1285","2024-10-28 14:36:16"
"4877463","95784f68-6cb3-4264-a156-6c258ef2d78e","AZE009","AzGR-957",,"Juglans","regia","L.","","","Juglans regia L.","AZE","","1952----","","","false","","20","300",,"4","2016-10-27 18:37:14","1285","2023-11-18 10:07:19"
"4877464","7c6905bc-6511-46a7-aa68-0a1582daa5f7","AZE009","AzGR-914",,"Juglans","regia","L.","","","Juglans regia L.","AZE","","1960----","","","false","","20","412",,"4","2016-10-27 18:37:14","1285","2023-11-18 10:07:07"
"4877466","43e00e52-3b08-4781-8374-7819c3c62215","AZE009","AzGR-918",,"Juglans","regia","L.","","","Juglans regia L.","AZE","","1960----","","","false","","20","412",,"4","2016-10-27 18:37:14","1285","2023-11-18 10:07:07"
"4877467","bc662326-83cc-43c0-b838-e1160665774c","AZE009","AzGR-926",,"Juglans","regia","L.","","","Juglans regia L.","AZE","","1960----","","","false","","20","412",,"4","2016-10-27 18:37:14","1285","2023-11-18 10:07:07"
"4877468","1fa1b82e-0a43-4e9d-b315-9ede6717f3c0","AZE009","AzGR-928",,"Juglans","regia","L.","","","Juglans regia L.","AZE","","1960----","","","false","","20","412",,"4","2016-10-27 18:37:14","1285","2023-11-18 10:07:07"
"4877805","79110a20-a619-4e5c-815a-e98614c182ab","AZE009","AzGR-620",,"Juglans","regia","L.","","","Juglans regia L.","AZE","","1952----","","","false","","20","300",,"4","2016-10-27 18:37:19","1285","2023-11-18 10:07:19"
"4881717","c34fe2e6-27bb-479e-aca2-8b250857226e","AZE015","AzGR-1530",,"Juglans","regia","L.","","","Juglans regia L.","AZE","",,"","","false","",,"110",,"4","2016-10-27 18:38:08","1285","2023-04-18 04:00:41"
"5622127","f143c161-f330-4f34-b832-f9fd4e8c008e","ITA070","JRE 008",,"Juglans","regia","L.","","","Juglans regia L.",,"",,"","","false","","99","",,"4","2016-10-28 00:04:41","1285","2023-11-18 08:56:38"
"5622136","217bb492-13f8-4d85-93ba-8cc639c9949c","ITA070","JRE 004",,"Juglans","regia","L.","","","Juglans regia L.","FRA","",,"","","false","","99","300",,"4","2016-10-28 00:04:41","1285","2023-11-18 08:56:38"
"5622138","87ae600c-9d60-4c40-a02a-00fce9860267","ITA070","JRE 007",,"Juglans","regia","L.","","","Juglans regia L.","FRA","",,"","","false","","99","",,"4","2016-10-28 00:04:41","1285","2023-11-18 08:56:38"
"5622145","69a5c673-0896-4774-aca6-9c7c69d9b2f7","ITA070","JRE 005",,"Juglans","regia","L.","","","Juglans regia L.","ITA","",,"","","false","","99","300",,"4","2016-10-28 00:04:41","1285","2023-11-18 08:56:38"
"5622149","6d000d1c-b14c-4974-878f-a68a8f68da1c","ITA070","JRE 002",,"Juglans","regia","L.","","","Juglans regia L.","FRA","",,"","","false","","99","",,"4","2016-10-28 00:04:41","1285","2023-11-18 08:56:38"
"5622150","392e3595-c5b0-4c2d-853f-73ab74398fbd","ITA070","JRE 006",,"Juglans","regia","L.","","","Juglans regia L.","USA","",,"","","false","","99","",,"4","2016-10-28 00:04:41","1285","2023-11-18 08:56:38"
"5622164","0db82275-833b-46f2-807f-cebb036bacc1","ITA070","JRE 003",,"Juglans","regia","L.","","","Juglans regia L.",,"",,"","","false","","99","",,"4","2016-10-28 00:04:41","1285","2022-07-19 09:13:17"
"5622168","8ca06f05-5914-4678-b42a-145ec50ca0ef","ITA070","JRE 001",,"Juglans","regia","L.","","","Juglans regia L.","ITA","",,"","","false","","99","500",,"4","2016-10-28 00:04:41","1285","2023-11-18 08:56:38"
"5622442","787dfdc6-e141-4a42-b754-df980a8f2876","ITA378","No 0020",,"Juglans","regia","L.","","","Juglans regia L.",,"",,"","","false","","20","",,"4","2016-10-28 00:05:35","1285","2023-11-18 08:56:18"
"5622443","9eae0229-0300-439a-8473-30a56bf6beb9","ITA378","No 0019",,"Juglans","regia","L.","","","Juglans regia L.",,"",,"","","false","","20","",,"4","2016-10-28 00:05:35","1285","2023-11-18 08:56:16"
"5622444","212904b2-ca76-4d43-b27d-bb941e66095f","ITA378","No 0017",,"Juglans","regia","L.","","","Juglans regia L.",,"",,"","","false","","20","",,"4","2016-10-28 00:05:35","1285","2023-11-18 09:54:57"
"5622445","2402edc3-4db0-4821-9f2e-f4543876ccc7","ITA378","No 0018",,"Juglans","regia","L.","","","Juglans regia L.","ITA","",,"","","false","","20","",,"4","2016-10-28 00:05:35","1285","2023-11-18 08:56:16"
"5622446","4e947067-3a7a-41cf-b969-a5ad5d753e22","ITA378","No 0091",,"Juglans","regia","L.","","","Juglans regia L.",,"",,"","","false","","20","",,"4","2016-10-28 00:05:36","1285","2023-11-18 08:56:28"
"5622447","e954b21e-493c-485d-8de6-6bf4e348af55","ITA378","No 0073",,"Juglans","regia","L.","","","Juglans regia L.","ITA","",,"","","false","","20","",,"4","2016-10-28 00:05:36","1285","2023-11-18 08:56:16"
"5622448","1aa6db07-f8c2-445a-8894-7c7b9164834a","ITA378","No 0107",,"Juglans","regia","L.","","","Juglans regia L.",,"",,"","","false","","20","",,"4","2016-10-28 00:05:36","1285","2023-11-18 08:56:16"
"5622449","343ac124-02ac-4b7c-9464-5166b2434412","ITA378","No 0089",,"Juglans","regia","L.","","","Juglans regia L.",,"",,"","","false","","20","",,"4","2016-10-28 00:05:36","1285","2023-11-18 08:56:18"
"5622450","fffdfc7d-8daf-42b7-b5ef-9a285b67900c","ITA378","No 0090",,"Juglans","regia","L.","","","Juglans regia L.",,"",,"","","false","","20","",,"4","2016-10-28 00:05:36","1285","2023-11-18 08:56:28"
"5622451","c6db8044-db65-4f9d-b3c6-eed5a4d166ed","ITA378","No 0108",,"Juglans","regia","L.","","","Juglans regia L.","USA","",,"","","false","","20","500",,"4","2016-10-28 00:05:36","1285","2023-11-18 08:56:18"
"5622452","97efd49f-d0a2-4b6f-9c4e-d0dc850dad13","ITA378","No 0115",,"Juglans","regia","L.","","","Juglans regia L.","USA","",,"","","false","","20","",,"4","2016-10-28 00:05:36","1285","2023-11-18 08:56:16"
"5622453","1ad68314-6825-45d9-85ea-6691aefd771f","ITA378","No 0076",,"Juglans","regia","L.","","","Juglans regia L.","FRA","",,"","","false","","20","",,"4","2016-10-28 00:05:36","1285","2023-11-18 08:56:16"
"5622454","7127fdbe-39c5-4de0-ae24-2c1ad2c93e21","ITA378","No 0084",,"Juglans","regia","L.","","","Juglans regia L.",,"",,"","","false","","20","",,"4","2016-10-28 00:05:36","1285","2023-11-18 08:56:28"
"5622455","052ec012-cc7a-4d31-90c4-d7880d596b02","ITA378","No 0112",,"Juglans","regia","L.","","","Juglans regia L.","FRA","",,"","","false","","20","300",,"4","2016-10-28 00:05:36","1285","2023-11-18 08:56:16"
"5622456","d4adddd7-1327-4206-b3bb-52b80b4b1d35","ITA378","No 0095",,"Juglans","regia","L.","","","Juglans regia L.",,"",,"","","false","","20","",,"4","2016-10-28 00:05:36","1285","2023-11-18 08:56:18"
"5622457","787ff3e8-3db7-4333-b42f-e69401611ba1","ITA378","No 0109",,"Juglans","regia","L.","","","Juglans regia L.",,"",,"","","false","","20","",,"4","2016-10-28 00:05:36","1285","2023-11-18 08:56:18"
"5622458","6191efac-3b7e-44c8-a1ee-c8e87ae272b2","ITA378","No 0121",,"Juglans","regia","L.","","","Juglans regia L.",,"",,"","","false","","20","",,"4","2016-10-28 00:05:36","1285","2023-11-18 08:56:18"
"5622459","2128c5d1-d04f-4927-8442-1d4fc40dc8e9","ITA378","No 0111",,"Juglans","regia","L.","","","Juglans regia L.","USA","",,"","","false","","20","500",,"4","2016-10-28 00:05:36","1285","2023-11-18 09:54:57"
"5622460","f33c63db-fe3d-4ca0-854e-fdd5cabb5186","ITA378","No 0087",,"Juglans","regia","L.","","","Juglans regia L.",,"",,"","","false","","20","",,"4","2016-10-28 00:05:36","1285","2023-11-18 08:56:16"
"5622461","f82ee630-f032-48bb-abb3-87e1e4a72007","ITA378","No 0093",,"Juglans","regia","L.","","","Juglans regia L.",,"",,"","","false","","20","",,"4","2016-10-28 00:05:36","1285","2023-11-18 08:56:18"
"5622462","f5f68e31-0bed-43a1-bec4-0b4c679c02b0","ITA378","No 0113",,"Juglans","regia","L.","","","Juglans regia L.",,"",,"","","false","","20","",,"4","2016-10-28 00:05:36","1285","2023-11-18 08:56:18"
"5622463","3beb6244-e778-48a9-b245-985e4eb354c2","ITA378","No 0105",,"Juglans","regia","L.","","","Juglans regia L.","USA","",,"","","false","","20","500",,"4","2016-10-28 00:05:36","1285","2023-11-18 08:56:16"
"5622465","f0b870fd-c025-466a-a9e6-2e5d8662e9fb","ITA378","No 0120",,"Juglans","regia","L.","","","Juglans regia L.",,"",,"","","false","","20","",,"4","2016-10-28 00:05:36","1285","2023-11-18 08:56:18"
"5622466","fd20b294-fc8d-4228-8cc3-0ff463439121","ITA378","No 0079",,"Juglans","regia","L.","","","Juglans regia L.",,"",,"","","false","","20","",,"4","2016-10-28 00:05:36","1285","2023-11-18 08:56:18"
"5622467","39b9e75f-b829-44d9-976a-b92c5632e9ee","ITA378","No 0092",,"Juglans","regia","L.","","","Juglans regia L.",,"",,"","","false","","20","",,"4","2016-10-28 00:05:36","1285","2023-11-18 08:56:28"
"5622468","36624c6d-6d3d-4a95-96ab-63068895364d","ITA378","No 0074",,"Juglans","regia","L.","","","Juglans regia L.","BGR","",,"","","false","","20","",,"4","2016-10-28 00:05:36","1285","2023-11-18 08:56:28"
"5622469","6be60a61-5fcb-4345-9b78-5d19c89161a0","ITA378","No 0114",,"Juglans","regia","L.","","","Juglans regia L.","USA","",,"","","false","","20","500",,"4","2016-10-28 00:05:36","1285","2023-11-18 08:56:18"
"5622470","e7a395bb-fb39-4461-8a54-9616f78b49d3","ITA378","No 0118",,"Juglans","regia","L.","","","Juglans regia L.","USA","",,"","","false","","20","300",,"4","2016-10-28 00:05:36","1285","2023-11-18 08:56:16"
"5622471","70bc454b-f452-4e96-96bb-ab7c60ca2a8d","ITA378","No 0110",,"Juglans","regia","L.","","","Juglans regia L.",,"",,"","","false","","20","",,"4","2016-10-28 00:05:36","1285","2023-11-18 08:56:16"
"5622472","2ab546c5-311a-401b-b814-5230775359fd","ITA378","No 0106",,"Juglans","regia","L.","","","Juglans regia L.",,"",,"","","false","","20","",,"4","2016-10-28 00:05:36","1285","2023-11-18 09:54:57"
"5622473","c00cef71-d323-4f4c-ad3a-79f0f16a1e87","ITA378","No 0083",,"Juglans","regia","L.","","","Juglans regia L.",,"",,"","","false","","20","",,"4","2016-10-28 00:05:36","1285","2023-11-18 08:56:18"
"5622474","1fa325cb-cf75-4f18-8441-b89889fa639c","ITA378","No 0072",,"Juglans","regia","L.","","","Juglans regia L.",,"",,"","","false","","20","",,"4","2016-10-28 00:05:36","1285","2023-11-18 08:56:18"
"5622475","aeadfeff-841b-4736-bc0d-a8d8cbc25ab8","ITA378","No 0082",,"Juglans","regia","L.","","","Juglans regia L.",,"",,"","","false","","20","",,"4","2016-10-28 00:05:36","1285","2023-11-18 08:56:28"
"5622476","57902248-a3bc-432f-97b4-dfcbeb59ec47","ITA378","No 0099",,"Juglans","regia","L.","","","Juglans regia L.",,"",,"","","false","","20","",,"4","2016-10-28 00:05:36","1285","2023-11-18 08:56:16"
"5622477","4d77660b-4567-48e1-b1bd-f7b292bd7cba","ITA378","No 0102",,"Juglans","regia","L.","","","Juglans regia L.",,"",,"","","false","","20","",,"4","2016-10-28 00:05:36","1285","2023-11-18 08:56:18"
"5622479","83050194-5167-44f6-9e61-4dff18058b5f","ITA378","No 0075",,"Juglans","regia","L.","","","Juglans regia L.",,"",,"","","false","","20","",,"4","2016-10-28 00:05:36","1285","2023-11-18 08:56:18"
"5622480","7d743532-9cef-4856-bbf8-e5093145df0a","ITA378","No 0098",,"Juglans","regia","L.","","","Juglans regia L.",,"",,"","","false","","20","",,"4","2016-10-28 00:05:36","1285","2023-11-18 08:56:18"
"5622481","78ef4f4c-d60a-4a66-a3d5-48343226f52e","ITA378","No 0100",,"Juglans","regia","L.","","","Juglans regia L.",,"",,"","","false","","20","",,"4","2016-10-28 00:05:36","1285","2023-11-18 08:56:18"
"5622482","585ea8c5-cb60-44ec-9a00-90e7236b48f2","ITA378","No 0085",,"Juglans","regia","L.","","","Juglans regia L.",,"",,"","","false","","20","",,"4","2016-10-28 00:05:36","1285","2023-11-18 08:56:18"
"5622483","95c66f2c-135c-4fe0-ba88-8681f086cf85","ITA378","No 0097",,"Juglans","regia","L.","","","Juglans regia L.","FRA","",,"","","false","","20","300",,"4","2016-10-28 00:05:36","1285","2023-11-18 08:56:16"
"5622484","f965ce68-0faf-43f5-99be-2d6bd5342938","ITA378","No 0086",,"Juglans","regia","L.","","","Juglans regia L.","USA","",,"","","false","","20","300",,"4","2016-10-28 00:05:36","1285","2023-11-18 08:56:16"
"5622485","c2952818-6d2c-4ddd-a0e7-2932e3065cff","ITA378","No 0117",,"Juglans","regia","L.","","","Juglans regia L.","FRA","",,"","","false","","20","",,"4","2016-10-28 00:05:36","1285","2023-11-18 08:56:28"
"5622486","66db6394-85f4-45dd-b734-bc36a66bcb41","ITA378","No 0094",,"Juglans","regia","L.","","","Juglans regia L.",,"",,"","","false","","20","",,"4","2016-10-28 00:05:36","1285","2023-11-18 08:56:18"
"5622487","4f70f8e0-e61f-43d8-ac5b-f782ed8c69da","ITA378","No 0101",,"Juglans","regia","L.","","","Juglans regia L.",,"",,"","","false","","20","",,"4","2016-10-28 00:05:36","1285","2023-11-18 08:56:18"
"5622488","971af7d1-94dc-448b-ab85-82c86e3c03e3","ITA378","No 0104",,"Juglans","regia","L.","","","Juglans regia L.",,"",,"","","false","","20","",,"4","2016-10-28 00:05:36","1285","2023-11-18 08:56:28"
"5622489","f0f71c33-c2b2-4d6e-88a5-e0a36c3398f4","ITA378","No 0081",,"Juglans","regia","L.","","","Juglans regia L.","BGR","",,"","","false","","20","",,"4","2016-10-28 00:05:36","1285","2022-07-19 05:59:04"
"5622490","1daa98e2-8fbf-4d6e-845b-2dcd77575446","ITA378","No 0078",,"Juglans","regia","L.","","","Juglans regia L.",,"",,"","","false","","20","",,"4","2016-10-28 00:05:36","1285","2023-11-18 08:56:18"
"5622491","de9f9279-59af-4741-955c-8f2073c3c15d","ITA378","No 0080",,"Juglans","regia","L.","","","Juglans regia L.",,"",,"","","false","","20","",,"4","2016-10-28 00:05:36","1285","2023-11-18 08:56:18"
"5622492","855f8d3c-f48f-4557-9b26-725b0efb82f8","ITA378","No 0116",,"Juglans","regia","L.","","","Juglans regia L.","USA","",,"","","false","","20","500",,"4","2016-10-28 00:05:36","1285","2023-11-18 08:56:16"
"5622493","95fb9e5a-0217-4c11-abb8-b2776376c37d","ITA378","No 0088",,"Juglans","regia","L.","","","Juglans regia L.",,"",,"","","false","","20","",,"4","2016-10-28 00:05:36","1285","2023-11-18 08:56:28"
"5622494","b0f6aba1-43e5-4395-9d7b-f0d088d61d0b","ITA378","No 0096",,"Juglans","regia","L.","","","Juglans regia L.",,"",,"","","false","","20","",,"4","2016-10-28 00:05:36","1285","2023-11-18 08:56:28"
"5622495","c2bf63f3-104c-4235-8885-dfbf3de314e8","ITA378","No 0103",,"Juglans","regia","L.","","","Juglans regia L.","FRA","",,"","","false","","20","",,"4","2016-10-28 00:05:36","1285","2023-11-18 08:56:18"
"5622497","17be91c6-894d-47c3-9fed-a3070443dbb9","ITA378","No 0125",,"Juglans","regia","L.","","","Juglans regia L.",,"",,"","","false","","20","",,"4","2016-10-28 00:05:37","1285","2023-11-18 08:56:16"
"5622498","61b7fa04-6e26-4492-ab32-1158f9ebb05f","ITA378","No 0130",,"Juglans","regia","L.","","","Juglans regia L.","BGR","",,"","","false","","20","",,"4","2016-10-28 00:05:37","1285","2023-11-18 08:56:18"
"5622500","f3aeafa4-d35c-4bb9-84d9-6bd4d8ddf09d","ITA378","No 0131",,"Juglans","regia","L.","","","Juglans regia L.",,"",,"","","false","","20","",,"4","2016-10-28 00:05:37","1285","2023-11-18 08:56:18"
"5622501","3c30462f-d059-4fbf-97d2-40a326336853","ITA378","No 0126",,"Juglans","regia","L.","","","Juglans regia L.","USA","",,"","","false","","20","500",,"4","2016-10-28 00:05:37","1285","2023-11-18 08:56:18"
"5622506","d9c832be-121c-4450-a3f6-0479464ea3ec","ITA378","No 0124",,"Juglans","regia","L.","","","Juglans regia L.","FRA","",,"","","false","","20","500",,"4","2016-10-28 00:05:37","1285","2023-11-18 08:56:16"
"5622508","2d836b4d-0b3f-4a9d-8e24-b5ea45b8f844","ITA378","No 0128",,"Juglans","regia","L.","","","Juglans regia L.","HUN","",,"","","false","","20","",,"4","2016-10-28 00:05:37","1285","2023-11-18 08:56:16"
"5622511","d5936be7-3c74-43da-9522-11e0e4fa9971","ITA378","No 0132",,"Juglans","regia","L.","","","Juglans regia L.","FRA","",,"","","false","","20","",,"4","2016-10-28 00:05:37","1285","2023-11-18 08:56:28"
"5622515","28a96af7-59a0-43b5-ae19-817ed16e2517","ITA378","No 0129",,"Juglans","regia","L.","","","Juglans regia L.","FRA","",,"","","false","","20","",,"4","2016-10-28 00:05:37","1285","2023-11-18 08:56:16"
"5622524","8eaf6a51-7a94-45db-9127-31f51647535e","ITA378","No 0123",,"Juglans","regia","L.","","","Juglans regia L.","HUN","",,"","","false","","20","",,"4","2016-10-28 00:05:37","1285","2023-11-18 08:56:16"
"5622536","70465f7e-1fcd-422f-8dcb-fd98adb0b471","ITA378","No 0122",,"Juglans","regia","L.","","","Juglans regia L.",,"",,"","","false","","20","",,"4","2016-10-28 00:05:37","1285","2023-11-18 08:56:18"
"5622537","a54b0caa-4b6d-465f-b580-b89aeddee7fd","ITA378","No 0127",,"Juglans","regia","L.","","","Juglans regia L.","FRA","",,"","","false","","20","500",,"4","2016-10-28 00:05:37","1285","2023-11-18 08:56:16"
"5622666","b87e11fa-26c8-4de8-96ea-4742d58c00b8","ITA378","No 0059",,"Juglans","regia","L.","","","Juglans regia L.",,"",,"","","false","","20","",,"4","2016-10-28 00:05:39","1285","2023-11-18 08:56:18"
"5622667","345ea084-1fe0-47e4-8504-ab386954bd27","ITA378","No 0028",,"Juglans","regia","L.","","","Juglans regia L.",,"",,"","","false","","20","",,"4","2016-10-28 00:05:39","1285","2023-11-18 08:56:18"
"5622668","23d1bafd-1094-4860-ba30-888a56efda98","ITA378","No 0041",,"Juglans","regia","L.","","","Juglans regia L.","ITA","",,"","","false","","20","300",,"4","2016-10-28 00:05:39","1285","2023-11-18 09:54:57"
"5622669","e6493861-c940-476d-8381-0cd50901c780","ITA378","No 0049",,"Juglans","regia","L.","","","Juglans regia L.",,"",,"","","false","","20","",,"4","2016-10-28 00:05:39","1285","2023-11-18 08:56:18"
"5622670","0946f95a-a6b9-4aa3-a50d-d568b0858202","ITA378","No 0029",,"Juglans","regia","L.","","","Juglans regia L.","ITA","",,"","","false","","20","",,"4","2016-10-28 00:05:39","1285","2023-11-18 08:56:16"
"5622671","5ab3e2cd-cd4a-4ea7-963e-5ec6f8a18524","ITA378","No 0050",,"Juglans","regia","L.","","","Juglans regia L.",,"",,"","","false","","20","",,"4","2016-10-28 00:05:39","1285","2023-11-18 08:56:18"
"5622673","b205a16f-8e99-46bf-9727-b3dab158b435","ITA378","No 0060",,"Juglans","regia","L.","","","Juglans regia L.",,"",,"","","false","","20","",,"4","2016-10-28 00:05:39","1285","2023-11-18 08:56:18"
"5622674","4049eb2c-b693-457c-be6d-a911d86398ee","ITA378","No 0027",,"Juglans","regia","L.","","","Juglans regia L.",,"",,"","","false","","20","",,"4","2016-10-28 00:05:39","1285","2023-11-18 08:56:18"
"5622675","2746f4dc-ff6e-4e31-b219-fc4646d89270","ITA378","No 0052",,"Juglans","regia","L.","","","Juglans regia L.",,"",,"","","false","","20","",,"4","2016-10-28 00:05:39","1285","2023-11-18 08:56:18"
"5622676","cbe83561-02f7-4b8a-b022-8152451d9364","ITA378","No 0055",,"Juglans","regia","L.","","","Juglans regia L.",,"",,"","","false","","20","",,"4","2016-10-28 00:05:39","1285","2023-11-18 08:56:18"
"5622677","cbb1cd41-9a31-4f9a-839e-fca92528f6fe","ITA378","No 0037",,"Juglans","regia","L.","","","Juglans regia L.",,"",,"","","false","","20","",,"4","2016-10-28 00:05:39","1285","2023-11-18 08:56:18"
"5622678","6d5186ec-924f-480a-aa18-06b3918f78ba","ITA378","No 0046",,"Juglans","regia","L.","","","Juglans regia L.","ITA","",,"","","false","","20","",,"4","2016-10-28 00:05:39","1285","2023-11-18 08:56:28"
"5622679","6b9a7e29-0423-49e1-8701-5087d0775550","ITA378","No 0044",,"Juglans","regia","L.","","","Juglans regia L.",,"",,"","","false","","20","",,"4","2016-10-28 00:05:39","1285","2023-11-18 08:56:18"
"5622680","5ac94edd-1695-46f8-a094-916f7340704c","ITA378","No 0026",,"Juglans","regia","L.","","","Juglans regia L.",,"",,"","","false","","20","",,"4","2016-10-28 00:05:39","1285","2022-07-19 08:02:26"
"5622681","42b44e00-20fb-4441-b9af-86d8f3b9b8fa","ITA378","No 0069",,"Juglans","regia","L.","","","Juglans regia L.",,"",,"","","false","","20","",,"4","2016-10-28 00:05:39","1285","2023-11-18 08:56:28"
"5622682","142be630-e49c-4118-a475-36707d4af459","ITA378","No 0036",,"Juglans","regia","L.","","","Juglans regia L.","ITA","",,"","","false","","20","",,"4","2016-10-28 00:05:39","1285","2023-11-18 08:56:28"
"5622683","a8a5496d-b314-4ada-8bba-2c9d94d0fb49","ITA378","No 0045",,"Juglans","regia","L.","","","Juglans regia L.",,"",,"","","false","","20","",,"4","2016-10-28 00:05:39","1285","2023-11-18 08:56:18"
"5622684","01094f0e-8fca-4ab3-ba3a-e09692642ffc","ITA378","No 0030",,"Juglans","regia","L.","","","Juglans regia L.",,"",,"","","false","","20","",,"4","2016-10-28 00:05:39","1285","2023-11-18 08:56:16"
"5622685","bad8b3f9-5a60-48de-8ee7-2bdb653e8d1a","ITA378","No 0043",,"Juglans","regia","L.","","","Juglans regia L.",,"",,"","","false","","20","",,"4","2016-10-28 00:05:39","1285","2023-11-18 08:56:18"
"5622686","e99cf34d-77c2-4c02-bd3f-fa2f09b81b89","ITA378","No 0035",,"Juglans","regia","L.","","","Juglans regia L.",,"",,"","","false","","20","",,"4","2016-10-28 00:05:39","1285","2023-11-18 08:56:18"
"5622687","d953e508-e6d7-4112-b514-9005b382c19d","ITA378","No 0032",,"Juglans","regia","L.","","","Juglans regia L.","ITA","",,"","","false","","20","",,"4","2016-10-28 00:05:39","1285","2023-11-18 08:56:16"
"5622688","32c7400a-2aea-4299-a8fd-6f58fedabdc7","ITA378","No 0022",,"Juglans","regia","L.","","","Juglans regia L.",,"",,"","","false","","20","",,"4","2016-10-28 00:05:39","1285","2023-11-18 09:54:57"
"5622689","8c7322ef-f67a-40da-9612-2a5bb335b008","ITA378","No 0063",,"Juglans","regia","L.","","","Juglans regia L.",,"",,"","","false","","20","",,"4","2016-10-28 00:05:39","1285","2023-11-18 08:56:18"
"5622690","9f73cedf-8264-4690-ac01-162931413d56","ITA378","No 0042",,"Juglans","regia","L.","","","Juglans regia L.",,"",,"","","false","","20","",,"4","2016-10-28 00:05:39","1285","2023-11-18 08:56:18"
"5622691","6f67708e-1ad7-49bd-a1c7-7b8bd91ebc85","ITA378","No 0067",,"Juglans","regia","L.","","","Juglans regia L.",,"",,"","","false","","20","",,"4","2016-10-28 00:05:39","1285","2023-11-18 08:56:16"
"5622692","f31e4b73-e3c6-4401-bf7f-8b6da06312a5","ITA378","No 0024",,"Juglans","regia","L.","","","Juglans regia L.","ITA","",,"","","false","","20","",,"4","2016-10-28 00:05:39","1285","2023-11-18 08:56:16"
"5622693","fdd2c053-d275-448a-bebb-22fd99ab6899","ITA378","No 0065",,"Juglans","regia","L.","","","Juglans regia L.",,"",,"","","false","","20","",,"4","2016-10-28 00:05:39","1285","2023-11-18 08:56:28"
"5622694","0f1cbb43-2680-45a7-9313-10025273845c","ITA378","No 0058",,"Juglans","regia","L.","","","Juglans regia L.",,"",,"","","false","","20","",,"4","2016-10-28 00:05:39","1285","2023-11-18 08:56:18"
"5622695","56b5788e-03f5-4cae-9105-f382efecfa1d","ITA378","No 0064",,"Juglans","regia","L.","","","Juglans regia L.",,"",,"","","false","","20","",,"4","2016-10-28 00:05:39","1285","2023-11-18 08:56:18"
"5622696","181d9e82-8c6a-45b6-ba30-631678ef115b","ITA378","No 0056",,"Juglans","regia","L.","","","Juglans regia L.","ITA","",,"","","false","","20","",,"4","2016-10-28 00:05:39","1285","2023-11-18 08:56:28"
"5622697","9c14c2ad-d283-44fb-bf08-4450285d0694","ITA378","No 0057",,"Juglans","regia","L.","","","Juglans regia L.","USA","",,"","","false","","20","",,"4","2016-10-28 00:05:39","1285","2023-11-18 08:56:16"
"5622698","dff46d6d-3658-44e7-b9e2-d444bbb74160","ITA378","No 0068",,"Juglans","regia","L.","","","Juglans regia L.","ITA","",,"","","false","","20","",,"4","2016-10-28 00:05:39","1285","2023-11-18 08:56:16"
"5622701","443c3420-a79f-4f0b-a6de-1cf38765090d","ITA378","No 0062",,"Juglans","regia","L.","","","Juglans regia L.",,"",,"","","false","","20","",,"4","2016-10-28 00:05:39","1285","2023-11-18 08:56:28"
"5622702","d612ea7e-1483-4b7d-b6ed-93ed13a32575","ITA378","No 0038",,"Juglans","regia","L.","","","Juglans regia L.","ITA","",,"","","false","","20","300",,"4","2016-10-28 00:05:39","1285","2023-11-18 08:56:18"
"5622703","5133b431-1c4e-45a8-b388-20264befa7ec","ITA378","No 0025",,"Juglans","regia","L.","","","Juglans regia L.",,"",,"","","false","","20","",,"4","2016-10-28 00:05:39","1285","2023-11-18 09:54:57"
"5622704","ea3d3139-e29b-4336-ba69-babf75524dd6","ITA378","No 0033",,"Juglans","regia","L.","","","Juglans regia L.",,"",,"","","false","","20","",,"4","2016-10-28 00:05:39","1285","2023-11-18 08:56:16"
"5622705","6fe00244-d151-472e-be9c-c158f20084b5","ITA378","No 0021",,"Juglans","regia","L.","","","Juglans regia L.",,"",,"","","false","","20","",,"4","2016-10-28 00:05:39","1285","2023-11-18 08:56:16"
"5622706","d1060fd7-da0c-4d0b-9c20-d33f1258e915","ITA378","No 0071",,"Juglans","regia","L.","","","Juglans regia L.",,"",,"","","false","","20","",,"4","2016-10-28 00:05:39","1285","2023-11-18 08:56:28"
"5622707","84edca7b-6c21-4f68-bf57-e6902f5d0814","ITA378","No 0039",,"Juglans","regia","L.","","","Juglans regia L.",,"",,"","","false","","20","",,"4","2016-10-28 00:05:39","1285","2023-11-18 08:56:18"
"5622708","6d2f7066-4558-4702-a5ed-74580fecd420","ITA378","No 0070",,"Juglans","regia","L.","","","Juglans regia L.",,"",,"","","false","","20","",,"4","2016-10-28 00:05:39","1285","2023-11-18 08:56:28"
"5622709","145b0230-4700-46e2-97eb-ba1101d5748a","ITA378","No 0053",,"Juglans","regia","L.","","","Juglans regia L.","ITA","",,"","","false","","20","",,"4","2016-10-28 00:05:39","1285","2023-11-18 08:56:16"
"5622710","dc4ff8fc-b453-42e6-aeae-a6c95cd38d00","ITA378","No 0023",,"Juglans","regia","L.","","","Juglans regia L.","ITA","",,"","","false","","20","",,"4","2016-10-28 00:05:39","1285","2023-11-18 08:56:28"
"5622711","b4e539db-19e1-4bc7-8a0a-3665c58aa766","ITA378","No 0061",,"Juglans","regia","L.","","","Juglans regia L.",,"",,"","","false","","20","",,"4","2016-10-28 00:05:39","1285","2023-11-18 09:54:57"
"5622712","b90d8151-0f85-43d9-82ca-149b134ad40e","ITA378","No 0054",,"Juglans","regia","L.","","","Juglans regia L.",,"",,"","","false","","20","",,"4","2016-10-28 00:05:39","1285","2023-11-18 08:56:16"
"5622714","8d6b3bac-7a17-42f2-9dea-4bb5d6fbbd15","ITA378","No 0051",,"Juglans","regia","L.","","","Juglans regia L.",,"",,"","","false","","20","",,"4","2016-10-28 00:05:39","1285","2023-11-18 08:56:16"
"5622715","64370ac5-a3bd-4ca3-a364-875a23ce2151","ITA378","No 0031",,"Juglans","regia","L.","","","Juglans regia L.","USA","",,"","","false","","20","300",,"4","2016-10-28 00:05:39","1285","2023-11-18 08:56:28"
"5663486","6404546d-6896-4485-b89f-8a0b71914533","SVK001","F5100001",,"Juglans","regia","L.","","","Juglans regia L.","CSK","","19730000","false","","false","","20","500",,"4","2016-10-28 01:24:12","1285","2024-10-28 15:04:28"
"5663492","a9511f8b-a13c-4c5a-a910-0edfd1415782","SVK001","F5100002",,"Juglans","regia","L.","","","Juglans regia L.","CSK","","19730000","false","","false","","20","500",,"4","2016-10-28 01:24:12","1285","2023-11-18 08:24:43"
"5663540","e2d7f1f3-a6a2-4a30-8f33-4f6395a64273","SVK001","F5100003",,"Juglans","regia","L.","","","Juglans regia L.","CSK","","19730000","false","","false","","20","500",,"4","2016-10-28 01:24:12","1285","2024-10-28 15:04:28"
"5663543","aeb2902a-8b3c-4cb3-82d7-87e15b35479f","SVK001","F5100004",,"Juglans","regia","L.","","","Juglans regia L.","CSK","","19730000","false","","false","","20","500",,"4","2016-10-28 01:24:12","1285","2024-10-28 15:04:28"
"5663950","a7125f51-a0ce-4d82-aac4-bdc5c9a2ee01","SVK001","F5100015",,"Juglans","regia","L.","","","Juglans regia L.","SVK","","19730000","false","","false","","20","300",,"4","2016-10-28 01:24:18","1285","2023-11-18 08:24:31"
"5663953","9fe24664-c2c8-4a30-91ab-0d7548715ab4","SVK001","F5100026",,"Juglans","regia","L.","","","Juglans regia L.","SVK","","19730000","false","","false","","20","500",,"4","2016-10-28 01:24:18","1285","2023-11-18 08:24:31"
"5663954","5c8e10b8-a83f-47ee-9fb0-64d2df248eec","SVK001","F5100025",,"Juglans","regia","L.","","","Juglans regia L.","SVK","","19730000","false","","false","","20","300",,"4","2016-10-28 01:24:18","1285","2024-10-28 15:04:28"
"5663955","9d7eb0b8-c616-4565-908f-3c67b6c13586","SVK001","F5100008",,"Juglans","regia","L.","","","Juglans regia L.","SVK","","19730000","false","","false","","20","300",,"4","2016-10-28 01:24:18","1285","2023-11-18 08:24:43"
"5663956","4f25a000-3cf4-48d5-9dc4-ba369d57bdc3","SVK001","F5100032",,"Juglans","regia","L.","","","Juglans regia L.","CSK","","19730000","false","","false","","20","300",,"4","2016-10-28 01:24:18","1285","2024-10-28 15:04:28"
"5663957","8568a6cc-ae39-447d-94c3-5edd49e130e5","SVK001","F5100035",,"Juglans","regia","L.","","","Juglans regia L.","SVK","","19730000","false","","false","","20","300",,"4","2016-10-28 01:24:18","1285","2023-11-18 08:24:43"
"5663959","1efa8848-33e3-405e-88ea-5f7c3bc162c4","SVK001","F5100019",,"Juglans","regia","L.","","","Juglans regia L.","CSK","","19730000","false","","false","","20","300",,"4","2016-10-28 01:24:18","1285","2024-10-28 15:04:28"
"5663960","6bde7450-1ca3-4974-a3d7-ec6fceefe818","SVK001","F5100014",,"Juglans","regia","L.","","","Juglans regia L.","SVK","","19730000","false","","false","","20","300",,"4","2016-10-28 01:24:18","1285","2024-10-28 15:04:28"
"5663961","bf1766b1-ca86-4604-ad99-00dc40190722","SVK001","F5100034",,"Juglans","regia","L.","","","Juglans regia L.","SVK","","19730000","false","","false","","20","300",,"4","2016-10-28 01:24:18","1285","2024-10-28 15:04:28"
"5663962","49972bb3-3db0-40bc-9e32-b2166f04a3e4","SVK001","F5100011",,"Juglans","regia","L.","","","Juglans regia L.","SVK","","19730000","false","","false","","20","300",,"4","2016-10-28 01:24:18","1285","2024-10-28 15:04:28"
"5663963","332e92a0-a4eb-442c-b3c8-370919505a22","SVK001","F5100021",,"Juglans","regia","L.","","","Juglans regia L.","CSK","","19730000","false","","false","","20","500",,"4","2016-10-28 01:24:18","1285","2024-10-28 15:04:28"
"5663968","92f79148-697e-47b2-b107-fa89d2bb1ce9","SVK001","F5100030",,"Juglans","regia","L.","","","Juglans regia L.","CSK","","19730000","false","","false","","20","300",,"4","2016-10-28 01:24:18","1285","2024-10-28 15:04:28"
"5663973","43dcfca0-0026-4db6-9b58-7a7860fdb673","SVK001","F5100013",,"Juglans","regia","L.","","","Juglans regia L.","SVK","","19730000","false","","false","","20","300",,"4","2016-10-28 01:24:18","1285","2023-11-18 08:24:31"
"5663974","d9a9f90c-ea08-45d2-a42c-346a73012532","SVK001","F5100023",,"Juglans","regia","L.","","","Juglans regia L.","CSK","","19730000","false","","false","","20","500",,"4","2016-10-28 01:24:18","1285","2024-10-28 15:04:28"
"5663975","9b51dee3-aa83-4556-9bf1-291d1bb554fc","SVK001","F5100012",,"Juglans","regia","L.","","","Juglans regia L.","SVK","","19730000","false","","false","","20","300",,"4","2016-10-28 01:24:18","1285","2023-11-18 08:24:31"
"5663977","c647a801-eb45-41ea-9f5e-1bd5fd3d8f54","SVK001","F5100028",,"Juglans","regia","L.","","","Juglans regia L.","CSK","","19730000","false","","false","","20","500",,"4","2016-10-28 01:24:18","1285","2023-11-18 08:24:31"
"5663978","10406507-3a26-4d34-b3d6-069f2c4ffc7f","SVK001","F5100031",,"Juglans","regia","L.","","","Juglans regia L.","CSK","","19730000","false","","false","","20","300",,"4","2016-10-28 01:24:18","1285","2024-10-28 15:04:28"
"5663979","7fdc33ef-2fde-4e0a-a537-30585b131e63","SVK001","F5100027",,"Juglans","regia","L.","","","Juglans regia L.","SVK","","19730000","false","","false","","20","300",,"4","2016-10-28 01:24:18","1285","2023-11-18 08:24:31"
"5663980","961d1878-fa07-464e-a118-477b9ac6cf9a","SVK001","F5100033",,"Juglans","regia","L.","","","Juglans regia L.","CSK","","19730000","false","","false","","20","300",,"4","2016-10-28 01:24:18","1285","2023-11-18 08:24:43"
"5663981","f17bdd66-154e-45fd-87a4-bc982a494815","SVK001","F5100018",,"Juglans","regia","L.","","","Juglans regia L.","CSK","","19730000","false","","false","","20","300",,"4","2016-10-28 01:24:18","1285","2024-10-28 15:04:28"
"5663983","4c63c548-2a57-4d0d-9678-6d2c37090834","SVK001","F5100009",,"Juglans","regia","L.","","","Juglans regia L.","SVK","","19730000","false","","false","","20","300",,"4","2016-10-28 01:24:18","1285","2024-10-28 15:04:28"
"5663984","8933f3a7-28e5-4ed8-b303-72b5594468e6","SVK001","F5100017",,"Juglans","regia","L.","","","Juglans regia L.","CSK","","19730000","false","","false","","20","300",,"4","2016-10-28 01:24:18","1285","2023-11-18 08:24:31"
"5663985","d2e29485-5e7e-483d-9a97-77ca9fe7f2f5","SVK001","F5100007",,"Juglans","regia","L.","","","Juglans regia L.","SVK","","19730000","false","","false","","20","300",,"4","2016-10-28 01:24:18","1285","2023-11-18 08:24:43"
"5663986","e2ea0436-cb18-4f75-bb03-080057287637","SVK001","F5100022",,"Juglans","regia","L.","","","Juglans regia L.","CSK","","19730000","false","","false","","20","500",,"4","2016-10-28 01:24:18","1285","2024-10-28 15:04:28"
"5663988","dc79ac33-3bcc-4139-bad7-bc0f295e6a31","SVK001","F5100006",,"Juglans","regia","L.","","","Juglans regia L.","BGR","","19730000","false","","false","","20","500",,"4","2016-10-28 01:24:18","1285","2024-10-28 15:04:28"
"5663989","1b976602-648c-4558-9288-677b835a8cad","SVK001","F5100020",,"Juglans","regia","L.","","","Juglans regia L.","CSK","","19730000","false","","false","","20","500",,"4","2016-10-28 01:24:18","1285","2023-11-18 08:24:31"
"5663990","6b769612-ca00-4af8-85eb-661a32f0ca98","SVK001","F5100024",,"Juglans","regia","L.","","","Juglans regia L.","SVK","","19730000","false","","false","","20","300",,"4","2016-10-28 01:24:18","1285","2024-10-28 15:04:28"
"5663993","43cacc59-a727-4da9-a4cc-d19573b95911","SVK001","F5100005",,"Juglans","regia","L.","","","Juglans regia L.","CSK","","19730000","false","","false","","20","500",,"4","2016-10-28 01:24:18","1285","2023-11-18 08:24:43"
"5663994","c6f7579d-da85-49f9-b422-e3f88f95c57f","SVK001","F5100016",,"Juglans","regia","L.","","","Juglans regia L.","SVK","","19730000","false","","false","","20","300",,"4","2016-10-28 01:24:18","1285","2023-11-18 08:24:31"
"5663999","9f08f54a-c2e4-4b98-af75-9e3ce65de8a2","SVK001","F5100010",,"Juglans","regia","L.","","","Juglans regia L.","SVK","","19730000","false","","false","","20","300",,"4","2016-10-28 01:24:18","1285","2023-11-18 08:24:43"
"5664001","cac58068-5579-4cb8-a231-4966074b44cf","SVK001","F5100029",,"Juglans","regia","L.","","","Juglans regia L.","CSK","","19730000","false","","false","","20","300",,"4","2016-10-28 01:24:18","1285","2024-10-28 15:04:28"
"5738018","13ecec1e-5728-4f31-8996-c29aa1ac2a45","ESP014","NC109678",,"Juglans","regia","L.","","","Juglans regia L.","SVN","","2016----","false","","false","","20","500",,"4","2017-09-18 20:46:13","1285","2023-11-18 08:45:36"
"5738019","f41791a1-dd9e-48ec-8ad6-e3da514f3cee","ESP014","NC109681",,"Juglans","regia","L.","","","Juglans regia L.","FRA","","2016----","false","","false","","20","500",,"4","2017-09-18 20:46:13","1285","2023-11-18 08:45:36"
"5738020","4599a931-2146-49eb-8c29-a507e61319e3","ESP014","NC109679",,"Juglans","regia","L.","","","Juglans regia L.","SVN","","2016----","false","","false","","20","500",,"4","2017-09-18 20:46:13","1285","2023-11-18 08:45:36"
"5738021","a6b50cb9-2bfa-4970-a567-1bde0350e2b5","ESP014","NC109675",,"Juglans","regia","L.","","","Juglans regia L.","ESP","","2016----","false","","false","","20","410",,"4","2017-09-18 20:46:13","1285","2023-11-18 08:45:36"
"5738022","d3ec2675-b84a-4e3e-bf71-c400effaa2c9","ESP014","NC109677",,"Juglans","regia","L.","","","Juglans regia L.","USA","","2016----","false","","false","","20","500",,"4","2017-09-18 20:46:13","1285","2023-11-18 08:45:36"
"5738023","ff63d796-a097-43af-bc61-56aa5d4f72bf","ESP014","NC109682",,"Juglans","regia","L.","","","Juglans regia L.","FRA","","2016----","false","","false","","20","500",,"4","2017-09-18 20:46:13","1285","2023-11-18 08:45:36"
"5738024","ce5c0110-df91-4908-89e8-c1e0537361dc","ESP014","NC109674",,"Juglans","regia","L.","","","Juglans regia L.","MAR","","2016----","false","","false","","20","300",,"4","2017-09-18 20:46:13","1285","2023-11-18 08:45:36"
"5738025","37a6da41-bd3a-4d95-afeb-3f26314ea6da","ESP014","NC109680",,"Juglans","regia","L.","","","Juglans regia L.","DEU","","2016----","false","","false","","20","500",,"4","2017-09-18 20:46:13","1285","2023-11-18 08:45:36"
"5738026","fd2aa7a6-d452-46b6-bc9a-e4d1282b1206","ESP014","NC109676",,"Juglans","regia","L.","","","Juglans regia L.","ESP","","2016----","false","","false","","20","300",,"4","2017-09-18 20:46:13","1285","2023-11-18 08:45:36"
"5738027","8c8409b9-619b-457d-9229-915ecbe01663","ESP014","NC109688",,"Juglans","regia","L.","","","Juglans regia L.","ESP","","2014----","false","","false","","20","100",,"4","2017-09-18 20:46:13","1285","2023-11-18 08:45:36"
"5738028","008e7f48-7799-41e8-a7b9-a9a2cab34dcc","ESP014","NC109691",,"Juglans","regia","L.","","","Juglans regia L.","ESP","","2014----","false","","false","","20","100",,"4","2017-09-18 20:46:13","1285","2023-11-18 08:45:36"
"5738029","4f8473f0-85c7-4cb0-a180-2615d153d8dc","ESP014","NC109683",,"Juglans","regia","L.","","","Juglans regia L.","ESP","","2014----","false","","false","","20","100",,"4","2017-09-18 20:46:13","1285","2023-11-18 08:45:36"
"5738030","8d0db198-34d0-449a-b9dd-0d4ff94703da","ESP014","NC109685",,"Juglans","regia","L.","","","Juglans regia L.","ESP","","2014----","false","","false","","20","100",,"4","2017-09-18 20:46:13","1285","2023-11-18 08:45:36"
"5738031","868c22d5-d6be-4d2f-b7f2-814780b12a19","ESP014","NC109690",,"Juglans","regia","L.","","","Juglans regia L.","ESP","","2014----","false","","false","","20","100",,"4","2017-09-18 20:46:13","1285","2023-11-18 08:45:36"
"5738032","8888d691-d2a7-45b7-992e-f5f9ded94c85","ESP014","NC109684",,"Juglans","regia","L.","","","Juglans regia L.","ESP","","2015----","false","","false","","20","100",,"4","2017-09-18 20:46:13","1285","2023-11-18 08:45:36"
"5738033","d9e7d0f2-ed67-468e-bacd-9a57ece1dd05","ESP014","NC109692",,"Juglans","regia","L.","","","Juglans regia L.","ESP","","2014----","false","","false","","20","100",,"4","2017-09-18 20:46:13","1285","2023-11-18 08:45:36"
"5738034","8f138621-a746-4735-ad40-1832e45433b8","ESP014","NC109686",,"Juglans","regia","L.","","","Juglans regia L.","ESP","","2015----","false","","false","","20","100",,"4","2017-09-18 20:46:13","1285","2023-11-18 08:45:36"
"5738035","3edc7fef-e39c-43e1-b7d2-fbc94d883d7d","ESP014","NC109687",,"Juglans","regia","L.","","","Juglans regia L.","ESP","","2014----","false","","false","","20","100",,"4","2017-09-18 20:46:13","1285","2023-11-18 08:45:36"
"5738036","bdc84431-7d2e-40eb-8710-2f1afb64b2e4","ESP014","NC109689",,"Juglans","regia","L.","","","Juglans regia L.","ESP","","2014----","false","","false","","20","100",,"4","2017-09-18 20:46:13","1285","2023-11-18 08:45:36"
"5738040","e7babb89-ed28-49dd-8958-5d1bf566c799","ESP014","NC109697",,"Juglans","regia","L.","","","Juglans regia L.","ESP","","2014----","false","","false","","20","100",,"4","2017-09-18 20:46:13","1285","2023-11-18 08:45:36"
"5738045","d65c453f-0edd-4e30-bfd7-7e0c4c5995b7","ESP014","NC109696",,"Juglans","regia","L.","","","Juglans regia L.","ESP","","2014----","false","","false","","20","100",,"4","2017-09-18 20:46:13","1285","2023-11-18 08:45:36"
"5738046","12aba80e-cfe3-4498-83f5-bf097e742755","ESP014","NC109694",,"Juglans","regia","L.","","","Juglans regia L.","ESP","","2015----","false","","false","","20","100",,"4","2017-09-18 20:46:13","1285","2023-11-18 08:45:36"
"6016773","a2d907d5-6e06-4309-9ce5-7965b33dc9a9","GBR004","943194",,"Juglans","regia","L.","","","Juglans regia L.","NPL","","20170508","false","false","false","","10","110",,"4","2018-04-16 06:55:34","4","2022-02-02 09:48:03"
"6016844","b30f7762-bba0-4546-92ab-4ea62af03285","GBR004","942795",,"Juglans","regia","L.","","","Juglans regia L.","NPL","","20170508","false","false","false","","10","110",,"4","2018-04-16 06:55:35","4","2022-02-02 09:48:03"
"6285445","f7749445-5189-425b-a027-5c6f115db196","ALB020","AGB1816",,"Juglans","regia","L.","","","Juglans regia L.","ALB","","20080315","false","","false","","20","300","ALB020","1189","2018-12-01 12:48:09","1285","2024-10-28 14:36:16"
"6285478","af15a799-1fbc-4a6c-914a-59a8ca3e4c06","ALB020","AGB1876",,"Juglans","regia","L.","","","Juglans regia L.","ALB","","20090116","false","","false","","20","300","ALB020","1189","2018-12-01 12:48:34","1285","2023-11-18 10:06:54"
"6285626","045c5c29-ece4-48a0-b7b5-1720ff71d704","ALB020","AGB1815",,"Juglans","regia","L.","","","Juglans regia L.","ALB","","20080315","false","","false","","20","300","ALB020","1189","2018-12-01 12:49:15","1285","2024-10-28 14:36:16"
"6285659","d6b88171-a4b3-4ea1-bbcb-d607be134095","ALB020","AGB1874",,"Juglans","regia","L.","","","Juglans regia L.","ALB","","20090116","false","","false","","20","300","ALB020","1189","2018-12-01 12:49:24","1285","2024-10-28 14:36:16"
"6285660","f79161d9-2d99-480d-a956-749776ab9d0b","ALB020","AGB1875",,"Juglans","regia","L.","","","Juglans regia L.","ALB","","20090116","false","","false","","20","300","ALB020","1189","2018-12-01 12:49:25","1285","2024-10-28 14:36:16"
"6297519","d4828c5c-3312-4b49-bdfd-3aa46024e8db","FRA015","RA 1210","10.15454/2PFME7","Juglans","regia","L.","","","Juglans regia L.","GRC","","20000000","false","","false","",,"400",,"1189","2018-12-01 22:56:36","1285","2024-10-28 14:54:28"
"6297521","eee5745c-48ce-4a3c-b97b-c70af4c9e9c1","FRA015","H 118-13","10.15454/TYZ7FX","Juglans","regia","L.","","","Juglans regia L.","FRA","",,"false","","false","",,"400",,"1189","2018-12-01 22:56:36","1285","2024-10-28 14:54:44"
"6297524","1491d9b2-f22f-4e28-9e19-970e0e9a66e7","FRA015","RA 0968","10.15454/DHEVVN","Juglans","regia","L.","","","Juglans regia L.","FRA","","19720000","false","","false","",,"300",,"1189","2018-12-01 22:56:36","1285","2024-10-28 14:54:31"
"6297526","303bc06a-d58c-4b72-a3d6-95768625b8d4","FRA015","RA 1225","10.15454/6CBESS","Juglans","regia","L.","","","Juglans regia L.","FRA","",,"false","","false","",,"500",,"1189","2018-12-01 22:56:36","1285","2024-10-28 14:54:34"
"6297528","ccbdb74a-d1b6-490f-9982-e2c94dd7525e","FRA015","RA 1041 AF6","10.15454/XCKUHT","Juglans","regia","L.","","","Juglans regia L.","FRA","",,"false","","false","",,"400",,"1189","2018-12-01 22:56:36","1285","2024-10-28 14:54:29"
"6297530","98ff932e-d69a-468e-99ce-cf291d954e41","FRA015","IR TA 1-1","10.15454/MMMJFO","Juglans","regia","L.","","","Juglans regia L.","IRN","",,"false","","false","",,"400",,"1189","2018-12-01 22:56:36","1285","2024-10-28 14:54:28"
"6297531","7cc219b9-89e7-4eb9-88e3-97885943ffbe","FRA015","RA 0289","10.15454/FTC1SB","Juglans","regia","L.","","","Juglans regia L.","FRA","","19660000","false","","false","",,"300",,"1189","2018-12-01 22:56:36","1285","2024-10-28 14:54:34"
"6297533","4db691c0-309c-4aad-bede-bee4403e0faa","FRA015","RA 1099","10.15454/0N6OR4","Juglans","regia","L.","","","Juglans regia L.","USA","","19860000","false","","false","",,"500",,"1189","2018-12-01 22:56:37","1285","2024-10-28 14:54:34"
"6297535","28efe1d6-9c1c-4ac1-a13e-8eb44799a649","FRA015","H 122-33","10.15454/KC93RL","Juglans","regia","L.","","","Juglans regia L.","FRA","",,"false","","false","",,"400",,"1189","2018-12-01 22:56:37","1285","2024-10-28 14:54:44"
"6297538","22969b32-0755-4cc4-b58f-f919f4d95c50","FRA015","RA 1175","10.15454/MUWLSV","Juglans","regia","L.","","","Juglans regia L.","ROU","","19960000","false","","false","",,"400",,"1189","2018-12-01 22:56:37","1285","2023-11-18 08:22:59"
"6297540","917684f0-d2e2-4885-a0eb-d8ccb745a26d","FRA015","RA 0223","10.15454/T5JGTU","Juglans","regia","L.","","","Juglans regia L.","BGR","","19640000","false","","false","",,"300",,"1189","2018-12-01 22:56:37","1285","2024-10-28 14:54:28"
"6297544","cacfb1b3-47b0-498e-98f9-52ddfbbca1c5","FRA015","RA 1207","10.15454/U8EXWU","Juglans","regia","L.","","","Juglans regia L.","ESP","","20000000","false","","false","",,"300",,"1189","2018-12-01 22:56:37","1285","2023-11-18 08:23:07"
"6297545","b6c70c95-2271-40ee-9bac-826f2d3c6acf","FRA015","RA 1117","10.15454/QOVKUA","Juglans","regia","L.","","","Juglans regia L.","SRB","","19890000","false","","false","",,"400",,"1189","2018-12-01 22:56:37","1285","2024-10-28 14:54:31"
"6297547","4633f298-2828-4a10-8353-b88135253486","FRA015","RA 0391","10.15454/SMOPKI","Juglans","regia","L.","","","Juglans regia L.","USA","","19620000","false","","false","",,"400",,"1189","2018-12-01 22:56:38","1285","2023-11-18 08:23:03"
"6297549","590556ee-6022-4be6-b390-80796a5c0ca6","FRA015","RA 0480","10.15454/UUJBZV","Juglans","regia","L.","","","Juglans regia L.","USA","","19710000","false","","false","",,"500",,"1189","2018-12-01 22:56:38","1285","2024-10-28 14:54:44"
"6297551","4448bd8d-083a-4171-8b8e-4967c611fe8f","FRA015","RA 1195","10.15454/TDIHFW","Juglans","regia","L.","","","Juglans regia L.","FRA","","19980000","false","","false","",,"400",,"1189","2018-12-01 22:56:38","1285","2024-10-28 14:54:28"
"6297553","4f2cc2b2-dcb5-419d-9302-2c4992d2898b","FRA015","RA 1205","10.15454/E4RYQP","Juglans","regia","L.","","","Juglans regia L.","ESP","","20000000","false","","false","",,"400",,"1189","2018-12-01 22:56:38","1285","2024-10-28 14:54:44"
"6297556","a8cab47d-1f2a-414b-b7dc-2d9fbb5b05f9","FRA015","RA 0409","10.15454/AZF4FG","Juglans","regia","L.","","","Juglans regia L.","ROU","","19690000","false","","false","",,"500",,"1189","2018-12-01 22:56:38","1285","2023-11-18 08:23:06"
"6297557","52062d29-aa79-4de3-8529-76298c4debcd","FRA015","UK 21-4","10.15454/B5DUXC","Juglans","regia","L.","","","Juglans regia L.","UZB","","19920000","false","","false","",,"400",,"1189","2018-12-01 22:56:38","1285","2024-10-28 14:54:28"
"6297559","8c38e2e8-ec72-4c5b-a56b-72948ebe4717","FRA015","RG 2","10.15454/NT8EFI","Juglans","regia","L.","","","Juglans regia L.","FRA","",,"false","","false","",,"500",,"1189","2018-12-01 22:56:38","1285","2024-10-28 14:54:44"
"6297562","59e97c95-2d65-493c-b9f8-a8acc488ae74","FRA015","RA 0489","10.15454/6X1DGN","Juglans","regia","L.","","","Juglans regia L.","USA","","19720000","false","","false","",,"400",,"1189","2018-12-01 22:56:39","1285","2024-10-28 14:54:31"
"6297563","9989f10f-5c4d-4200-bd17-33a0ba5c90cf","FRA015","H 110-34","10.15454/QKRHDC","Juglans","regia","L.","","","Juglans regia L.","FRA","",,"false","","false","",,"400",,"1189","2018-12-01 22:56:39","1285","2023-11-18 08:23:07"
"6297565","14185acb-e26a-40f5-9516-2eb53da89153","FRA015","RA 1023","10.15454/WILG96","Juglans","regia","L.","","","Juglans regia L.","POL","","19760000","false","","false","",,"400",,"1189","2018-12-01 22:56:39","1285","2023-11-18 08:22:59"
"6297567","c300c7c7-15f3-4920-8de1-422bd2c9854f","FRA015","RA 0962","10.15454/ULSMKX","Juglans","regia","L.","","","Juglans regia L.","FRA","","19720000","false","","false","",,"400",,"1189","2018-12-01 22:56:39","1285","2024-10-28 14:54:29"
"6297570","231bbdff-a2e9-48fb-91f8-771809849a48","FRA015","RA 1209","10.15454/7KM88S","Juglans","regia","L.","","","Juglans regia L.","GRC","","20000000","false","","false","",,"400",,"1189","2018-12-01 22:56:39","1285","2023-11-18 08:22:59"
"6297571","f092f6b4-ee5b-49ed-a0fb-7bbccdac48e3","FRA015","RA 1155","10.15454/9WGYPN","Juglans","regia","L.","","","Juglans regia L.","FRA","",,"false","","false","",,"500",,"1189","2018-12-01 22:56:39","1285","2024-10-28 14:54:34"
"6297574","5b23ff18-589f-4845-89dd-0051c71ef2de","FRA015","RA 0472","10.15454/CLSNML","Juglans","regia","L.","","","Juglans regia L.","USA","","19710000","false","","false","",,"500",,"1189","2018-12-01 22:56:39","1285","2024-10-28 14:54:34"
"6297575","099ef7b1-a7f4-47bf-91bb-ce74d1b8ae5a","FRA015","UK 118-23","10.15454/DK30UF","Juglans","regia","L.","","","Juglans regia L.","UZB","","19920000","false","","false","",,"400",,"1189","2018-12-01 22:56:40","1285","2024-10-28 14:54:28"
"6297577","763abcdc-4e12-4e9e-a7be-6704c0d6760a","FRA015","RA 1161","10.15454/BFONAK","Juglans","regia","L.","","","Juglans regia L.","USA","","19900000","false","","false","",,"400",,"1189","2018-12-01 22:56:40","1285","2023-11-18 08:23:05"
"6297579","bd6913aa-545e-4a7e-979d-e95104b5529b","FRA015","RA 0370","10.15454/0YFB2M","Juglans","regia","L.","","","Juglans regia L.","FRA","","19600000","false","","false","",,"300",,"1189","2018-12-01 22:56:40","1285","2023-11-18 08:23:01"
"6297582","4d0745da-35c7-4a1e-9689-9100c86fa0cb","FRA015","RA 0248","10.15454/R9XLVM","Juglans","regia","L.","","","Juglans regia L.","FRA","","19650000","false","","false","",,"300",,"1189","2018-12-01 22:56:40","1285","2024-10-28 14:54:34"
"6297584","631120d7-c9e9-4543-aa02-997158d12260","FRA015","RA 1166","10.15454/8DKEJN","Juglans","regia","L.","","","Juglans regia L.","IRN","","19930000","false","","false","",,"400",,"1189","2018-12-01 22:56:40","1285","2024-10-28 14:54:28"
"6297586","2094cd9e-d1f3-4602-8de6-1a02302b64a1","FRA015","RA 0439","10.15454/SVKNT2","Juglans","regia","L.","","","Juglans regia L.","USA","","19700000","false","","false","",,"500",,"1189","2018-12-01 22:56:40","1285","2024-10-28 14:54:31"
"6297587","a1a0c103-0e99-4117-af78-a6e281427f85","FRA015","RA 1098","10.15454/HKBMNJ","Juglans","regia","L.","","","Juglans regia L.","USA","","19860000","false","","false","",,"400",,"1189","2018-12-01 22:56:41","1285","2024-10-28 14:54:31"
"6297589","43994743-5686-4086-b064-42bab97710e6","FRA015","RA 1158","10.15454/AI3NKO","Juglans","regia","L.","","","Juglans regia L.","FRA","",,"false","","false","",,"500",,"1189","2018-12-01 22:56:41","1285","2024-10-28 14:54:34"
"6297592","1f28df48-9c76-49e2-bdb1-640f030ab500","FRA015","RA 1135","10.15454/PZTBPX","Juglans","regia","L.","","","Juglans regia L.","CHL","","19920000","false","","false","",,"400",,"1189","2018-12-01 22:56:41","1285","2024-10-28 14:54:34"
"6297593","1322c5c5-6d36-487b-a672-c25639c2525f","FRA015","RA 1187","10.15454/JGJIK7","Juglans","regia","L.","","","Juglans regia L.","CHN","","19980000","false","","false","",,"400",,"1189","2018-12-01 22:56:41","1285","2023-11-18 08:23:07"
"6297596","a6aec685-e500-4990-a8cf-aef8f8d3bf31","FRA015","IR 60-1","10.15454/RR4ECB","Juglans","regia","L.","","","Juglans regia L.","IRN","",,"false","","false","",,"400",,"1189","2018-12-01 22:56:41","1285","2023-11-18 08:23:01"
"6297598","eef5fb53-74fa-4adb-afcb-0db1e946d97e","FRA015","RA 0493","10.15454/IY38PI","Juglans","regia","L.","","","Juglans regia L.","CHN","","19720000","false","","false","",,"400",,"1189","2018-12-01 22:56:41","1285","2024-10-28 14:54:28"
"6297600","bce124a9-cd5c-4999-bd01-e7195821d345","FRA015","RA 0386","10.15454/W89PVK","Juglans","regia","L.","","","Juglans regia L.","USA","","19630000","false","","false","",,"500",,"1189","2018-12-01 22:56:41","1285","2024-10-28 14:54:34"
"6297602","54b77740-125e-43c7-94ad-ae54472b56bb","FRA015","RA 0447","10.15454/KXJEBT","Juglans","regia","L.","","","Juglans regia L.","USA","","19700000","false","","false","",,"500",,"1189","2018-12-01 22:56:42","1285","2024-10-28 14:54:29"
"6297604","a8292c34-2bf4-4a7f-8798-181204f1bf88","FRA015","RA 0488","10.15454/K8X5QO","Juglans","regia","L.","","","Juglans regia L.","CHN","","19720000","false","","false","",,"500",,"1189","2018-12-01 22:56:42","1285","2023-11-18 08:23:06"
"6297605","8c04c466-c100-4686-8879-4501e4c451c3","FRA015","RA 1090","10.15454/HHRU7Q","Juglans","regia","L.","","","Juglans regia L.","PRT","","19860000","false","","false","",,"400",,"1189","2018-12-01 22:56:42","1285","2024-10-28 14:54:29"
"6297608","c8c2f45d-4aed-43af-8374-799bfb46900c","FRA015","RA 0492","10.15454/XQYPPV","Juglans","regia","L.","","","Juglans regia L.","CHN","","19720000","false","","false","",,"400",,"1189","2018-12-01 22:56:42","1285","2024-10-28 14:54:34"
"6297609","9b634575-4766-469d-bc2e-1e74474aeca0","FRA015","RA 0967","10.15454/UO09IR","Juglans","regia","L.","","","Juglans regia L.","FRA","","19720000","false","","false","",,"300",,"1189","2018-12-01 22:56:42","1285","2024-10-28 14:54:31"
"6297612","01da998c-bd00-4eeb-b563-b28a10a5860e","FRA015","RA 0399","10.15454/EOMIFE","Juglans","regia","L.","","","Juglans regia L.","DEU","","19620000","false","","false","",,"400",,"1189","2018-12-01 22:56:42","1285","2024-10-28 14:54:34"
"6297613","5b4a1bf7-f1c7-4099-924c-d2819ecd9ade","FRA015","H 109-3","10.15454/PVY8KZ","Juglans","regia","L.","","","Juglans regia L.","FRA","",,"false","","false","",,"400",,"1189","2018-12-01 22:56:42","1285","2024-10-28 14:54:44"
"6297614","a233f3a7-de51-4707-8f5a-902da67affca","FRA015","RA 1101","10.15454/JJC2IH","Juglans","regia","L.","","","Juglans regia L.","ESP","","19860000","false","","false","",,"300",,"1189","2018-12-01 22:56:42","1285","2023-11-18 08:23:01"
"6297615","9c54fb80-cbc2-4522-b549-8d1ea3e771b8","FRA015","RA 0216","10.15454/NGP8JZ","Juglans","regia","L.","","","Juglans regia L.","FRA","","19610000","false","","false","",,"300",,"1189","2018-12-01 22:56:43","1285","2023-11-18 08:23:01"
"6297616","e9d71ca9-a425-4aed-bcae-af6c80f63ffc","FRA015","UK 47-10","10.15454/TMT5O7","Juglans","regia","L.","","","Juglans regia L.","UZB","","19920000","false","","false","",,"400",,"1189","2018-12-01 22:56:43","1285","2023-11-18 08:23:01"
"6297859","3b09a78b-ecee-46ac-b715-47c144b6a6fa","FRA015","RA 0394","10.15454/DTQH0Y","Juglans","regia","L.","","","Juglans regia L.","GBR","","19620000","false","","false","",,"400",,"1189","2018-12-01 22:57:29","1285","2024-10-28 14:54:28"
"6297860","a4706ba4-3d4e-400a-879d-366569c0df58","FRA015","RA 1198","10.15454/I8EXNR","Juglans","regia","L.","","","Juglans regia L.","ESP","","20000000","false","","false","",,"400",,"1189","2018-12-01 22:57:29","1285","2023-11-18 08:23:01"
"6297861","2ae089cb-0745-4860-80be-ed24b24ca892","FRA015","RA 1202","10.15454/OBZYO2","Juglans","regia","L.","","","Juglans regia L.","ESP","","20000000","false","","false","",,"400",,"1189","2018-12-01 22:57:29","1285","2024-10-28 14:54:28"
"6297862","81668ab0-aae1-4378-a592-f4198e6fe50c","FRA015","RA 1065","10.15454/ICNRTL","Juglans","regia","L.","","","Juglans regia L.","SVN","","19830000","false","","false","",,"400",,"1189","2018-12-01 22:57:29","1285","2023-11-18 08:23:01"
"6297863","0388539a-8032-4244-a018-abf2e208fcf6","FRA015","RA 1208","10.15454/RIZQZI","Juglans","regia","L.","","","Juglans regia L.","GRC","","20000000","false","","false","",,"400",,"1189","2018-12-01 22:57:29","1285","2024-10-28 14:54:28"
"6297864","a4795a0d-b830-447c-ad26-897100609811","FRA015","UK 215AG12","10.15454/CBLE78","Juglans","regia","L.","","","Juglans regia L.","UZB","","19920000","false","","false","",,"400",,"1189","2018-12-01 22:57:29","1285","2023-11-18 08:22:59"
"6297865","6e90f410-b366-4858-9646-e64961e18c98","FRA015","RA 1050","10.15454/AMVYXZ","Juglans","regia","L.","","","Juglans regia L.","ROU","","19810000","false","","false","",,"500",,"1189","2018-12-01 22:57:29","1285","2024-10-28 14:54:34"
"6297866","ee7f6eaf-ed23-4cea-b572-f5740580d362","FRA015","RA 0428","10.15454/JTUVOA","Juglans","regia","L.","","","Juglans regia L.","USA","","19700000","false","","false","",,"500",,"1189","2018-12-01 22:57:30","1285","2024-10-28 14:54:29"
"6297867","b0949117-487a-4fa0-b711-8da94c47b609","FRA015","RA 1196","10.15454/E7YXUH","Juglans","regia","L.","","","Juglans regia L.","FRA","","19980000","false","","false","",,"400",,"1189","2018-12-01 22:57:30","1285","2023-11-18 08:23:07"
"6297868","59a01913-e960-4cec-951d-14aa1211bdaf","FRA015","UK 47-1","10.15454/UVLTCV","Juglans","regia","L.","","","Juglans regia L.","UZB","","19920000","false","","false","",,"400",,"1189","2018-12-01 22:57:30","1285","2023-11-18 08:22:59"
"6297869","7b4bfd16-f299-41b0-a64e-91568104713b","FRA015","RA 0117","10.15454/HO5YET","Juglans","regia","L.","","","Juglans regia L.","FRA","","19600000","false","","false","",,"300",,"1189","2018-12-01 22:57:30","1285","2024-10-28 14:54:29"
"6297870","4a68de86-3dd7-4ebc-a82f-8f6ee57742b8","FRA015","RA 1174","10.15454/JORV4M","Juglans","regia","L.","","","Juglans regia L.","ROU","","19960000","false","","false","",,"400",,"1189","2018-12-01 22:57:30","1285","2024-10-28 14:54:28"
"6297871","1e5e90af-b663-4ac5-8c54-2e7afa3ed0e1","FRA015","RA 1019","10.15454/PQKUNS","Juglans","regia","L.","","","Juglans regia L.","FRA","","19750000","false","","false","",,"300",,"1189","2018-12-01 22:57:30","1285","2024-10-28 14:54:31"
"6297872","c0d4100c-e4d9-44db-af07-f546a6b6d5b9","FRA015","H 122-22","10.15454/URX5U9","Juglans","regia","L.","","","Juglans regia L.","FRA","",,"false","","false","",,"400",,"1189","2018-12-01 22:57:30","1285","2024-10-28 14:54:44"
"6297873","9b1a0565-0c2d-47d3-9797-2626daa06c4e","FRA015","RA 1213","10.15454/AVCZFP","Juglans","regia","L.","","","Juglans regia L.","MKD","","20000000","false","","false","",,"400",,"1189","2018-12-01 22:57:30","1285","2024-10-28 14:54:28"
"6297874","da40babd-eb99-4434-8735-fd9a95786c1b","FRA015","RA 1156","10.15454/64OHSB","Juglans","regia","L.","","","Juglans regia L.","FRA","",,"false","","false","",,"500",,"1189","2018-12-01 22:57:30","1285","2024-10-28 14:54:34"
"6297875","ab2ef90a-eab8-453a-a082-35998b110a1b","FRA015","RA 1229","10.15454/3HWFHL","Juglans","regia","L.","","","Juglans regia L.","USA","",,"false","","false","",,"500",,"1189","2018-12-01 22:57:30","1285","2024-10-28 14:54:34"
"6297876","7969bca1-559f-4c82-98b2-1b4432a5a6e7","FRA015","RA 0948","10.15454/QQMBIE","Juglans","regia","L.","","","Juglans regia L.","ROU","","19720000","false","","false","",,"400",,"1189","2018-12-01 22:57:31","1285","2024-10-28 14:54:28"
"6297877","4807b2fb-42ef-47d8-8b8e-5ad12440fe30","FRA015","RA 0385","10.15454/G1QZAQ","Juglans","regia","L.","","","Juglans regia L.","USA","","19630000","false","","false","",,"500",,"1189","2018-12-01 22:57:31","1285","2024-10-28 14:54:44"
"6297878","a89b8f42-ad1c-493a-bcf6-6919d64e8ead","FRA015","RA 0147","10.15454/O70RO4","Juglans","regia","L.","","","Juglans regia L.","FRA","","19620000","false","","false","",,"300",,"1189","2018-12-01 22:57:31","1285","2024-10-28 14:54:29"
"6297879","410c0470-9b9c-4bcc-a096-eb2aab434758","FRA015","RA 1089","10.15454/Z5QMQS","Juglans","regia","L.","","","Juglans regia L.","FRA","","19860000","false","","false","",,"300",,"1189","2018-12-01 22:57:31","1285","2024-10-28 14:54:29"
"6297880","733e8b2d-e1ed-4eed-88bf-13711c1708c7","FRA015","RA 0298","10.15454/J6WZYA","Juglans","regia","L.","","","Juglans regia L.","USA","","19670000","false","","false","",,"500",,"1189","2018-12-01 22:57:31","1285","2024-10-28 14:54:28"
"6297881","3a961433-80e7-4a43-9b35-828b329440dc","FRA015","RA 1060","10.15454/USXOBA","Juglans","regia","L.","","","Juglans regia L.","USA","","19810000","false","","false","",,"500",,"1189","2018-12-01 22:57:31","1285","2023-11-18 08:23:01"
"6297882","20a30553-a576-4e17-910e-f952564f5a94","FRA015","RA 0976","10.15454/NJPJYI","Juglans","regia","L.","","","Juglans regia L.","BGR","","19730000","false","","false","",,"300",,"1189","2018-12-01 22:57:31","1285","2023-11-18 08:23:04"
"6297883","e016ba18-228d-4795-a14a-c1078b733877","FRA015","RA 1203","10.15454/YQBU5G","Juglans","regia","L.","","","Juglans regia L.","ESP","","20000000","false","","false","",,"400",,"1189","2018-12-01 22:57:31","1285","2024-10-28 14:54:44"
"6297884","8d057fff-4877-4683-b9f8-0920bcc4e9a8","FRA015","RA 1103","10.15454/OGEJWG","Juglans","regia","L.","","","Juglans regia L.","USA","","19870000","false","","false","",,"400",,"1189","2018-12-01 22:57:31","1285","2024-10-28 14:54:31"
"6297885","82dcf218-c51e-4423-9a55-6d73f5a7321d","FRA015","UK 127AG11","10.15454/NB1ROO","Juglans","regia","L.","","","Juglans regia L.","UZB","","19920000","false","","false","",,"400",,"1189","2018-12-01 22:57:31","1285","2024-10-28 14:54:28"
"6297886","39ab7507-6eaf-4b9a-9b13-de55141b4d70","FRA015","UK 212AG5","10.15454/IBS8AG","Juglans","regia","L.","","","Juglans regia L.","UZB","","19920000","false","","false","",,"400",,"1189","2018-12-01 22:57:32","1285","2023-11-18 08:22:59"
"6297887","0cdf0d86-c553-48f9-98c5-b9094d0716de","FRA015","RA 1197","10.15454/YJNTS7","Juglans","regia","L.","","","Juglans regia L.","ESP","","20000000","false","","false","",,"400",,"1189","2018-12-01 22:57:32","1285","2024-10-28 14:54:44"
"6297888","b5595670-dedc-4758-b2c2-f02a43e1c960","FRA015","RA 0137","10.15454/SVALSY","Juglans","regia","L.","","","Juglans regia L.","FRA","","19620000","false","","false","",,"300",,"1189","2018-12-01 22:57:32","1285","2023-11-18 08:23:04"
"6297889","7db06e7d-571e-47ff-acae-bbc1f7236499","FRA015","UK 107C-D2-2","10.15454/K3EDKY","Juglans","regia","L.","","","Juglans regia L.","UZB","","19920000","false","","false","",,"400",,"1189","2018-12-01 22:57:32","1285","2023-11-18 08:22:59"
"6297890","7db916dd-fe3f-4d36-93ff-cfa6fea4c2f1","FRA015","IR 60-3","10.15454/MCHN6C","Juglans","regia","L.","","","Juglans regia L.","IRN","",,"false","","false","",,"400",,"1189","2018-12-01 22:57:32","1285","2024-10-28 14:54:28"
"6297891","1d0f1791-2881-4640-a949-1c35187a01b3","FRA015","RA 1176","10.15454/STAGHN","Juglans","regia","L.","","","Juglans regia L.","FRA","","19960000","false","","false","",,"300",,"1189","2018-12-01 22:57:32","1285","2024-10-28 14:54:44"
"6297892","1bc9e1d6-9463-4ffa-ba5f-bd6e28ee0a2e","FRA015","UK 216AG18","10.15454/9FAYYI","Juglans","regia","L.","","","Juglans regia L.","UZB","","19920000","false","","false","",,"400",,"1189","2018-12-01 22:57:32","1285","2024-10-28 14:54:28"
"6297893","dd4ac664-ceee-4e3c-a2e2-b9f90d2f9cfd","FRA015","RA 1074","10.15454/P4LXPP","Juglans","regia","L.","","","Juglans regia L.","BGR","","19730000","false","","false","",,"500",,"1189","2018-12-01 22:57:32","1285","2024-10-28 14:54:27"
"6297894","99caf653-e38d-406e-941c-b221e11bba93","FRA015","RA 1215","10.15454/HZH4FA","Juglans","regia","L.","","","Juglans regia L.",,"","20010000","false","","false","",,"400",,"1189","2018-12-01 22:57:32","1285","2024-10-28 14:54:28"
"6297895","2c1b9f8f-199e-47a5-928d-c7542ca575cf","FRA015","RA 0982","10.15454/MMMXOM","Juglans","regia","L.","","","Juglans regia L.","USA","","19730000","false","","false","",,"500",,"1189","2018-12-01 22:57:33","1285","2024-10-28 14:54:31"
"6297896","cc762f07-1590-40f0-957d-b15003b8b4f2","FRA015","RA 1104","10.15454/9SEIJD","Juglans","regia","L.","","","Juglans regia L.","AFG","","19870000","false","","false","",,"400",,"1189","2018-12-01 22:57:33","1285","2024-10-28 14:54:28"
"6297897","9c09bb90-52aa-41b3-8f05-00a94a381f66","FRA015","UK 6-2","10.15454/DYV9IO","Juglans","regia","L.","","","Juglans regia L.","UZB","","19920000","false","","false","",,"400",,"1189","2018-12-01 22:57:33","1285","2023-11-18 08:22:59"
"6297898","8c28de34-05cf-4698-a975-ef2ef757f2f6","FRA015","RA 0065","10.15454/PXKJC9","Juglans","regia","L.","","","Juglans regia L.","FRA","","19550000","false","","false","",,"300",,"1189","2018-12-01 22:57:33","1285","2024-10-28 14:54:28"
"6297899","f3b1f58c-9df6-4941-a211-03bc995d5da2","FRA015","RA 1220","10.15454/QWOWGF","Juglans","regia","L.","","","Juglans regia L.",,"","20010000","false","","false","",,"400",,"1189","2018-12-01 22:57:33","1285","2024-10-28 14:54:44"
"6297900","aa546219-2e00-4fad-888d-e77ba5163c11","FRA015","RA 1106","10.15454/LZ0MVB","Juglans","regia","L.","","","Juglans regia L.","GRC","","19870000","false","","false","",,"400",,"1189","2018-12-01 22:57:33","1285","2024-10-28 14:54:28"
"6297901","10a36368-22ad-47e5-8915-c09fbeb6ec3f","FRA015","RA 0828","10.15454/Z1NG3G","Juglans","regia","L.","","","Juglans regia L.","FRA","",,"false","","false","",,"400",,"1189","2018-12-01 22:57:33","1285","2024-10-28 14:54:29"
"6297902","caf55b2c-7215-4a75-b60b-6f316fb8d836","FRA015","RA 1032","10.15454/XVOMUF","Juglans","regia","L.","","","Juglans regia L.","JPN","","19770000","false","","false","",,"300",,"1189","2018-12-01 22:57:33","1285","2024-10-28 14:54:29"
"6297903","41dc242f-ee1d-471a-b5bc-d054219a65ce","FRA015","UK 41-17","10.15454/BOM0VP","Juglans","regia","L.","","","Juglans regia L.","UZB","","19920000","false","","false","",,"400",,"1189","2018-12-01 22:57:33","1285","2024-10-28 14:54:28"
"6297904","57765583-09f7-45b4-a1ef-7c6d0e7b0aa7","FRA015","UK 224-6","10.15454/KB4JCF","Juglans","regia","L.","","","Juglans regia L.","UZB","","19920000","false","","false","",,"400",,"1189","2018-12-01 22:57:33","1285","2024-10-28 14:54:28"
"6297905","ca1d1e5e-93c3-49bb-b1cf-a2abbf1c06a4","FRA015","RA 1088","10.15454/6QQ1LZ","Juglans","regia","L.","","","Juglans regia L.","FRA","","19860000","false","","false","",,"300",,"1189","2018-12-01 22:57:34","1285","2023-11-18 08:23:04"
"6297906","8127988b-b0e0-4708-bbcd-93cc0179bff1","FRA015","RA 0102-3","10.15454/NEI2K3","Juglans","regia","L.","","","Juglans regia L.","FRA","","19610000","false","","false","",,"300",,"1189","2018-12-01 22:57:34","1285","2024-10-28 14:54:31"
"6297907","86cba81c-748e-47e9-8040-646c1acdb202","FRA015","RA 1227","10.15454/RQQRTA","Juglans","regia","L.","","","Juglans regia L.","FRA","",,"false","","false","",,"500",,"1189","2018-12-01 22:57:34","1285","2024-10-28 14:54:34"
"6297908","05b165f6-9845-456e-bc0d-e42907fa4f37","FRA015","RA 1221","10.15454/WPWIH3","Juglans","regia","L.","","","Juglans regia L.","USA","","20020000","false","","false","",,"500",,"1189","2018-12-01 22:57:34","1285","2023-11-18 08:23:01"
"6299292","8d956d8f-9fcb-4b05-9480-36c412d0901c","FRA015","RA 0059","10.15454/MUHUIM","Juglans","regia","L.","","","Juglans regia L.","FRA","","19600000","false","","false","",,"300",,"1189","2018-12-01 23:11:09","1285","2023-11-18 08:23:01"
"6299293","71ddf3da-0525-44f2-b7a4-214a30ac8ef9","FRA015","RA 1014","10.15454/QIYAY4","Juglans","regia","L.","","","Juglans regia L.","RUS","","19750000","false","","false","",,"400",,"1189","2018-12-01 23:11:09","1285","2024-10-28 14:54:28"
"6299294","cf960174-02a5-40b8-b6d6-9d2c5fb2c567","FRA015","RA 0061","10.15454/BB1XKD","Juglans","regia","L.","","","Juglans regia L.","FRA","","19550000","false","","false","",,"300",,"1189","2018-12-01 23:11:09","1285","2024-10-28 14:54:31"
"6299295","f88ff883-1e9b-4fa4-a841-8bc91a930117","FRA015","IR 13-1","10.15454/FLNQAV","Juglans","regia","L.","","","Juglans regia L.","IRN","",,"false","","false","",,"400",,"1189","2018-12-01 23:11:10","1285","2023-11-18 08:23:01"
"6299296","7ae395b9-66d0-470a-8fed-bd5506d8ce1b","FRA015","RA 0311","10.15454/FOCW6M","Juglans","regia","L.","","","Juglans regia L.","FRA","","19670000","false","","false","",,"300",,"1189","2018-12-01 23:11:10","1285","2024-10-28 14:54:31"
"6299297","f7827427-3644-466a-ae01-18b064b82104","FRA015","RA 1182","10.15454/5DCJWO","Juglans","regia","L.","","","Juglans regia L.","FRA","","19970000","false","","false","",,"300",,"1189","2018-12-01 23:11:10","1285","2024-10-28 14:54:28"
"6299298","54e9a8fe-cc03-4f64-ba9a-2bc1161354fd","FRA015","RA 0038","10.15454/VEYVLF","Juglans","regia","L.","","","Juglans regia L.","FRA","","19550000","false","","false","",,"300",,"1189","2018-12-01 23:11:10","1285","2024-10-28 14:54:29"
"6299299","3b1db78b-418f-448f-bdd6-1f5bf1a820d5","FRA015","RA 1200","10.15454/6SSE6P","Juglans","regia","L.","","","Juglans regia L.","ESP","","20000000","false","","false","",,"400",,"1189","2018-12-01 23:11:10","1285","2024-10-28 14:54:44"
"6299300","e39c1de8-2ce2-448a-8850-2f4b5abb3675","FRA015","RA 1190","10.15454/JGS9WZ","Juglans","regia","L.","","","Juglans regia L.","CHN","","19980000","false","","false","",,"400",,"1189","2018-12-01 23:11:10","1285","2024-10-28 14:54:44"
"6299301","59b17063-d856-42c1-9a67-ef2815bc39f7","FRA015","RA 1037","10.15454/CSF9SZ","Juglans","regia","L.","","","Juglans regia L.","USA","","19780000","false","","false","",,"500",,"1189","2018-12-01 23:11:10","1285","2024-10-28 14:54:31"
"6299302","ace3092a-772d-4a8e-8730-4383640b98a3","FRA015","RA 0611","10.15454/AP1C5P","Juglans","regia","L.","","","Juglans regia L.","FRA","",,"false","","false","",,"400",,"1189","2018-12-01 23:11:10","1285","2024-10-28 14:54:28"
"6299303","8a651277-4f58-4982-ae50-d08ba5118c9f","FRA015","RA 1230","10.15454/MVOPCM","Juglans","regia","L.","","","Juglans regia L.","USA","",,"false","","false","",,"500",,"1189","2018-12-01 23:11:10","1285","2024-10-28 14:54:29"
"6299304","042c683a-b4ab-4af9-87f3-966b29ceaaf1","FRA015","RA 1100","10.15454/S6AF7T","Juglans","regia","L.","","","Juglans regia L.","FRA","","19860000","false","","false","",,"400",,"1189","2018-12-01 23:11:11","1285","2023-11-18 08:23:04"
"6299305","f246bc7f-8d1d-46c4-9502-14aaa6e59bde","FRA015","RA 0118","10.15454/KGCHES","Juglans","regia","L.","","","Juglans regia L.","FRA","","19600000","false","","false","",,"300",,"1189","2018-12-01 23:11:11","1285","2024-10-28 14:54:31"
"6299306","b1c2a663-f6ad-47b8-a484-b95c198b8c29","FRA015","RA 1141","10.15454/RZDXHT","Juglans","regia","L.","","","Juglans regia L.","HUN","","19920000","false","","false","",,"500",,"1189","2018-12-01 23:11:11","1285","2023-11-18 08:23:04"
"6299307","a9b5093b-7ea0-4899-8e6c-d12dc6713d80","FRA015","H 117-12","10.15454/JPW65A","Juglans","regia","L.","","","Juglans regia L.","FRA","",,"false","","false","",,"400",,"1189","2018-12-01 23:11:11","1285","2023-11-18 08:23:07"
"6299308","96c60da8-200b-4f94-9000-8f2e5901abaf","FRA015","RA 1041","10.15454/XIFZOW","Juglans","regia","L.","","","Juglans regia L.","AUT","","19800000","false","","false","",,"300",,"1189","2018-12-01 23:11:11","1285","2024-10-28 14:54:29"
"6299309","9fec0f2a-c6c1-4024-a06e-4e0199e9ab4f","FRA015","RA 1219","10.15454/CREUO3","Juglans","regia","L.","","","Juglans regia L.",,"","20010000","false","","false","",,"400",,"1189","2018-12-01 23:11:11","1285","2024-10-28 14:54:44"
"6299310","13721a5b-8f05-4fb1-a1b5-bdbb5452bc2f","FRA015","RA 0367-2","10.15454/H19TOU","Juglans","regia","L.","","","Juglans regia L.","FRA","","19600000","false","","false","",,"300",,"1189","2018-12-01 23:11:12","1285","2024-10-28 14:54:29"
"6299311","ebdf413d-5b02-4b71-8bcd-df083ae4f507","FRA015","IR 21-7","10.15454/INBJTC","Juglans","regia","L.","","","Juglans regia L.","IRN","",,"false","","false","",,"400",,"1189","2018-12-01 23:11:12","1285","2024-10-28 14:54:28"
"6299312","2f774f0d-df9b-4e99-ae9e-744f88487253","FRA015","UK 53-3","10.15454/DLL1SE","Juglans","regia","L.","","","Juglans regia L.","UZB","","19920000","false","","false","",,"400",,"1189","2018-12-01 23:11:12","1285","2024-10-28 14:54:28"
"6299313","2bcaa4c9-542e-4188-93cf-1354913eb0c1","FRA015","RA 1168","10.15454/RZJM3C","Juglans","regia","L.","","","Juglans regia L.","SVN","","19930000","false","","false","",,"500",,"1189","2018-12-01 23:11:12","1285","2024-10-28 14:54:31"
"6299314","673ee059-f740-46e4-a480-4059f39f8e72","FRA015","RA 1031","10.15454/YXXSDD","Juglans","regia","L.","","","Juglans regia L.","ISR","","19770000","false","","false","",,"400",,"1189","2018-12-01 23:11:12","1285","2024-10-28 14:54:28"
"6299315","a686a517-da50-46db-8986-16e88caaf20b","FRA015","RA 0430","10.15454/DRS1KA","Juglans","regia","L.","","","Juglans regia L.","USA","","19700000","false","","false","",,"500",,"1189","2018-12-01 23:11:12","1285","2024-10-28 14:54:28"
"6299316","6e90ef99-bca5-4d3c-87cc-88d123856856","FRA015","RA 0491","10.15454/KA8XKZ","Juglans","regia","L.","","","Juglans regia L.","USA","","19720000","false","","false","",,"400",,"1189","2018-12-01 23:11:12","1285","2023-11-18 08:23:05"
"6299317","7df076b3-5b37-4aba-8f35-789a736e8798","FRA015","UK 239-10","10.15454/W5VA3B","Juglans","regia","L.","","","Juglans regia L.","UZB","","19920000","false","","false","",,"400",,"1189","2018-12-01 23:11:12","1285","2023-11-18 08:22:59"
"6299318","beaf8e80-63c8-4846-aea6-202affb44dda","FRA015","RA 0381","10.15454/STYVW7","Juglans","regia","L.","","","Juglans regia L.","USA","","19630000","false","","false","",,"500",,"1189","2018-12-01 23:11:13","1285","2024-10-28 14:54:34"
"6299319","890f8441-68c7-44ce-9ef6-acccdf8ffcc5","FRA015","RA 1199","10.15454/RNP785","Juglans","regia","L.","","","Juglans regia L.","ESP","","20000000","false","","false","",,"400",,"1189","2018-12-01 23:11:13","1285","2024-10-28 14:54:44"
"6299320","8dee6b9d-654a-46e3-a6f4-1b5ae7aaa90c","FRA015","RA 0499","10.15454/EUJVBR","Juglans","regia","L.","","","Juglans regia L.","USA","","19720000","false","","false","",,"500",,"1189","2018-12-01 23:11:13","1285","2024-10-28 14:54:29"
"6299321","c679640b-38bb-4ee9-9808-7bc968f691e8","FRA015","RA 1228","10.15454/OMNYIE","Juglans","regia","L.","","","Juglans regia L.","USA","",,"false","","false","",,"500",,"1189","2018-12-01 23:11:13","1285","2023-11-18 08:23:04"
"6299322","3ffbb04f-93ef-4fcc-b410-a0376b121856","FRA015","UK 56-12","10.15454/LTYEYJ","Juglans","regia","L.","","","Juglans regia L.","UZB","","19920000","false","","false","",,"400",,"1189","2018-12-01 23:11:13","1285","2023-11-18 08:22:59"
"6299323","d3fe8fca-475a-4ec2-bf8f-b29798cac6b4","FRA015","RA 0498","10.15454/UM8QKP","Juglans","regia","L.","","","Juglans regia L.","HUN","","19720000","false","","false","",,"500",,"1189","2018-12-01 23:11:13","1285","2024-10-28 14:54:34"
"6299324","4f54f909-0bb2-4fc6-bddf-be28a919821e","FRA015","RA 1038","10.15454/HUS0SZ","Juglans","regia","L.","","","Juglans regia L.","USA","","19780000","false","","false","",,"500",,"1189","2018-12-01 23:11:13","1285","2024-10-28 14:54:31"
"6299325","5e87e7ff-f5aa-4155-9a74-7457445536c8","FRA015","IR 100-2","10.15454/1CUEOZ","Juglans","regia","L.","","","Juglans regia L.","IRN","",,"false","","false","",,"400",,"1189","2018-12-01 23:11:14","1285","2024-10-28 14:54:44"
"6299326","b62f2627-0a9f-449c-bf55-cdeb3cb2d5f5","FRA015","RA 1036","10.15454/OQADOE","Juglans","regia","L.","","","Juglans regia L.","USA","","19780000","false","","false","",,"500",,"1189","2018-12-01 23:11:14","1285","2023-11-18 08:23:01"
"6299327","10021fad-6094-4bcd-93b0-98414c13d58c","FRA015","RA 0119","10.15454/GBE0R0","Juglans","regia","L.","","","Juglans regia L.","FRA","","19600000","false","","false","",,"300",,"1189","2018-12-01 23:11:14","1285","2024-10-28 14:54:29"
"6299328","846be896-76dd-49b3-a880-add16898b4f8","FRA015","RA 0095","10.15454/YGOBD4","Juglans","regia","L.","","","Juglans regia L.","FRA","","19610000","false","","false","",,"300",,"1189","2018-12-01 23:11:14","1285","2024-10-28 14:54:28"
"6299329","c5d53bfe-1184-48eb-94de-44a31d94211b","FRA015","RA 0058","10.15454/JIZBID","Juglans","regia","L.","","","Juglans regia L.","FRA","","19600000","false","","false","",,"300",,"1189","2018-12-01 23:11:14","1285","2024-10-28 14:54:31"
"6299330","a7bcfc19-3ecc-465b-bc27-483a5ce8cd13","FRA015","RA 1226","10.15454/QXXB6H","Juglans","regia","L.","","","Juglans regia L.","FRA","",,"false","","false","",,"500",,"1189","2018-12-01 23:11:15","1285","2024-10-28 14:54:34"
"6299331","4a7d7709-ba76-4802-96ab-9f26c3c93450","FRA015","RA 1126","10.15454/UB5I0H","Juglans","regia","L.","","","Juglans regia L.","USA","","19900000","false","","false","",,"400",,"1189","2018-12-01 23:11:15","1285","2024-10-28 14:54:31"
"6299332","b362f895-bf18-4f37-9f96-c962a15c1e2d","FRA015","RA 1217","10.15454/C2QXT7","Juglans","regia","L.","","","Juglans regia L.",,"","20010000","false","","false","",,"400",,"1189","2018-12-01 23:11:15","1285","2024-10-28 14:54:44"
"6299333","965465c9-7413-4b03-8c32-7648a75ad084","FRA015","RA 0953","10.15454/YM55XO","Juglans","regia","L.","","","Juglans regia L.","USA","","19720000","false","","false","",,"500",,"1189","2018-12-01 23:11:15","1285","2024-10-28 14:54:31"
"6299334","4d4bf5f4-bb5f-4f42-a013-befa45ed466a","FRA015","RA 0179","10.15454/UVFJTY","Juglans","regia","L.","","","Juglans regia L.","FRA","","19630000","false","","false","",,"300",,"1189","2018-12-01 23:11:15","1285","2023-11-18 08:23:04"
"6299335","b941f80e-3dd1-47b4-9333-23d2a0ac718d","FRA015","H 102-15","10.15454/VSVRJQ","Juglans","regia","L.","","","Juglans regia L.","FRA","",,"false","","false","",,"400",,"1189","2018-12-01 23:11:15","1285","2023-11-18 08:23:06"
"6299336","d2c0830d-4514-4fac-a9f9-abc8c5d47d85","FRA015","UK 11-4","10.15454/76WFJK","Juglans","regia","L.","","","Juglans regia L.","UZB","","19920000","false","","false","",,"400",,"1189","2018-12-01 23:11:15","1285","2023-11-18 08:22:59"
"6299337","b46fc7f1-3681-47be-a925-db054380ccfc","FRA015","RA 0097","10.15454/DLDQDN","Juglans","regia","L.","","","Juglans regia L.","FRA","","19610000","false","","false","",,"300",,"1189","2018-12-01 23:11:15","1285","2024-10-28 14:54:31"
"6299338","50e5e1a1-d858-4d80-b27e-52e5fe7b4552","FRA015","UK 234-5","10.15454/FOBLNB","Juglans","regia","L.","","","Juglans regia L.","UZB","","19920000","false","","false","",,"400",,"1189","2018-12-01 23:11:15","1285","2023-11-18 08:22:59"
"6299339","10f3c9ef-f403-4298-a20f-1895438b5893","FRA015","RA 0468","10.15454/X1EOPQ","Juglans","regia","L.","","","Juglans regia L.","DEU","","19710000","false","","false","",,"400",,"1189","2018-12-01 23:11:15","1285","2023-11-18 08:23:03"
"6299340","bf0227e3-0751-44b6-b5c7-bee181b9c7aa","FRA015","RA 1224","10.15454/O1IJKM","Juglans","regia","L.","","","Juglans regia L.","FRA","",,"false","","false","",,"500",,"1189","2018-12-01 23:11:16","1285","2023-11-18 08:23:05"
"6299341","704dfad0-0956-470e-8c26-1c8e61d41c10","FRA015","RA 1029","10.15454/FJ49LQ","Juglans","regia","L.","","","Juglans regia L.","IND","","19760000","false","","false","",,"400",,"1189","2018-12-01 23:11:16","1285","2023-11-18 08:23:04"
"6402726","e43b50fd-e120-4eb2-b537-7929212f9f6f","ITA379","Noc055",,"Juglans","regia","L.","","","Juglans regia L.","USA","",,"","","false","","20","500",,"1285","2019-02-24 10:12:49","1285","2023-11-18 08:56:28"
"6402727","36fc4a4b-5e59-4494-b917-4b94a2f99a86","ITA379","Noc056",,"Juglans","regia","L.","","","Juglans regia L.","ESP","",,"","","false","","20","500",,"1285","2019-02-24 10:12:49","1285","2023-11-18 08:56:28"
"6402728","7ed1694d-e3e0-4015-9634-15e35750a309","ITA379","Noc057",,"Juglans","regia","L.","","","Juglans regia L.","ESP","",,"","","false","","20","500",,"1285","2019-02-24 10:12:49","1285","2023-11-18 08:56:28"
"6429046","379f882e-3a88-4530-bc07-a75762036407","CRI001","1339","10.18730/HTRQK","Juglans","neotropica","","","","Juglans neotropica","CRI","","19500215","","","false","","20","300",,"4","2019-05-03 17:33:10","4","2019-05-03 17:33:10"
"6485336","0804881d-5594-4784-9e53-95346c1a8fcd","GBR004","1049059",,"Juglans","regia","L.","","","Juglans regia L.","ARM","","20190517","false","false","false","","10","110",,"4","2019-09-18 14:26:50","4","2022-02-02 09:48:18"
"6618023","88b08ca5-d6f3-4ab3-8f3d-ed09264e15c7","GBR004","1073669",,"Juglans","regia","L.","","","Juglans regia L.","GEO","","20200129","false","false","false","","10","110",,"4","2020-11-19 09:45:25","4","2022-02-02 09:48:02"
"6624490","d0637987-6d89-4b26-970f-979448fc7af3","USA028","DJUG 310",,"Juglans","nigra","L.","","","Juglans nigra L.","USA","","19900327","","","false","",,"416",,"4","2021-01-28 05:49:50","4","2024-06-21 12:41:41"
"6624727","101ab541-19cf-4553-9c07-eeb374938aed","USA028","DJUG 385",,"Juglans","regia","L.","","","Juglans regia L.","CHN","","19910114","","","false","",,"100",,"4","2021-01-28 05:49:56","4","2024-06-21 12:41:44"
"6731715","0a9e8e9e-ef84-4d14-a238-931b0844ab86","USA028","DJUG 487",,"Juglans","regia","L.","","","Juglans regia L.","IND","","19960501","","","false","",,"416",,"4","2021-01-28 08:09:44","4","2024-06-21 13:47:22"
"6788066","f8e338ff-7a58-4b0c-8cb4-5c56438ef70a","USA028","DJUG 680",,"Juglans","ailantifolia","Carriere","","","Juglans ailantifolia Carriere","USA","","20060227","","","false","",,"416",,"4","2021-01-28 08:33:22","4","2024-06-21 14:01:19"
"6788067","5b204ac8-d054-4648-92c6-57140ebcfc6d","USA028","DJUG 681",,"Juglans","ailantifolia","Carriere","","","Juglans ailantifolia Carriere","USA","","20060227","","","false","",,"416",,"4","2021-01-28 08:33:22","4","2024-06-21 14:01:19"
"6788072","0ec2d154-082b-4a49-a66a-a3b7d1bc1267","USA028","DJUG 686",,"Juglans","nigra","L.","","","Juglans nigra L.",,"","20060227","","","false","",,"416",,"4","2021-01-28 08:33:22","4","2024-06-21 14:01:19"
"6788081","5e7eca01-aa87-4271-8a0b-c916d800a5ca","USA028","DJUG 697",,"Juglans","regia","L.","","","Juglans regia L.","USA","","20060227","","","false","",,"416",,"4","2021-01-28 08:33:22","4","2024-06-21 14:01:19"
"6788082","1790d49c-d7bf-4598-ad23-3769e999fda9","USA028","DJUG 698",,"Juglans","regia","L.","","","Juglans regia L.","USA","","20060227","","","false","",,"416",,"4","2021-01-28 08:33:22","4","2024-06-21 14:01:19"
"6788084","a2c7b4c3-7ae7-4d3e-9332-d7f976646448","USA028","DJUG 700",,"Juglans","regia","L.","","","Juglans regia L.","USA","","20060227","","","false","",,"416",,"4","2021-01-28 08:33:22","4","2024-06-21 14:01:19"
"6788085","9d550793-60ba-4da7-881c-241862a299e2","USA028","DJUG 702",,"Juglans","regia","L.","","","Juglans regia L.","USA","","20060227","","","false","",,"416",,"4","2021-01-28 08:33:22","4","2024-06-21 14:01:19"
"6788086","369532fd-12ef-4a64-bf35-c8850453ced7","USA028","DJUG 703",,"Juglans","regia","L.","","","Juglans regia L.","USA","","20060227","","","false","",,"416",,"4","2021-01-28 08:33:22","4","2024-06-21 14:01:19"
"6875525","852ae5af-fd0f-483a-bbd4-53a86eb96d22","USA026","PI 699733",,"Juglans","cinerea","L.","","","Juglans cinerea L.","USA","","20141008","","","false","",,"100",,"4","2021-01-28 09:15:12","4","2024-06-21 14:26:27"
"6875752","5870dc74-b106-4233-85a7-99adb7edaeac","USA026","PI 699732",,"Juglans","cinerea","L.","","","Juglans cinerea L.","USA","","20141103","","","false","",,"100",,"4","2021-01-28 09:15:13","4","2024-06-21 14:26:28"
"6875754","056ad8f1-9fc0-4bc8-b7ae-f7c97b942b62","USA026","PI 699731",,"Juglans","cinerea","L.","","","Juglans cinerea L.","USA","","20141103","","","false","",,"100",,"4","2021-01-28 09:15:13","4","2024-06-21 14:26:28"
"6879861","49b01c39-abc2-4bd0-ab1e-fc5197d34e63","USA026","PI 689462",,"Juglans","cinerea","L.","","","Juglans cinerea L.","USA","","20150916","","","false","",,"100",,"4","2021-01-28 09:15:47","4","2024-06-21 15:42:50"
"6894998","6e7f37f7-5bd2-4a7f-80bd-7c93f0a8f9b0","USA151","NA 82140",,"Juglans","sp.","","","","Juglans sp.","USA","","20140915","","","false","",,"999",,"4","2021-01-28 09:18:52","4","2024-06-21 15:44:32"
"6896930","b8a10ade-0468-4b2c-83cc-f5184f465a2c","USA151","NA 73665",,"Juglans","cinerea","L.","","","Juglans cinerea L.",,"","20040327","","","false","",,"999",,"4","2021-01-28 09:19:46","4","2024-06-21 15:44:47"
"6900730","d8e0f583-be10-474f-98b1-baf583befcea","USA028","Ames 34174",,"Juglans","microcarpa","Berland.","","","Juglans microcarpa Berland.","USA","","20180319","","","false","",,"100",,"4","2021-01-28 09:20:22","4","2024-06-21 15:54:32"
"6904261","dfd751c7-ea22-45ce-9633-572ca07d1228","USA028","PI 689802",,"Juglans","regia","L.","","","Juglans regia L.",,"","20180921","","","false","",,"100",,"4","2021-01-28 09:21:07","4","2024-06-21 15:54:47"
"6904263","c37ca8e1-461a-43c9-8afa-85eaea3ccd59","USA028","PI 689803",,"Juglans","regia","L.","","","Juglans regia L.",,"","20180921","","","false","",,"100",,"4","2021-01-28 09:21:07","4","2024-06-21 15:54:47"
"6904496","a8d35ac2-e632-4eeb-a707-fdc1c0c7c572","USA028","PI 689804",,"Juglans","regia","L.","","","Juglans regia L.",,"","20180921","","","false","",,"100",,"4","2021-01-28 09:21:10","4","2024-06-21 15:54:47"
"6904497","b72c8460-d78e-47e0-97ea-7b06d600cc56","USA028","PI 689805",,"Juglans","regia","L.","","","Juglans regia L.",,"","20180921","","","false","",,"100",,"4","2021-01-28 09:21:10","4","2024-06-21 15:54:47"
"6904498","e07f851b-4df0-4181-ba86-fd2a4e35be2d","USA028","PI 689806",,"Juglans","regia","L.","","","Juglans regia L.",,"","20180921","","","false","",,"100",,"4","2021-01-28 09:21:10","4","2024-06-21 15:54:47"
"6904499","7b751a40-1f87-42a4-8f44-1f707bc4b6e1","USA028","PI 689807",,"Juglans","regia","L.","","","Juglans regia L.",,"","20180921","","","false","",,"100",,"4","2021-01-28 09:21:10","4","2024-06-21 15:54:47"
"6904500","545d2586-7dac-4de4-8ab0-33853b0be696","USA028","PI 689808",,"Juglans","regia","L.","","","Juglans regia L.",,"","20180921","","","false","",,"100",,"4","2021-01-28 09:21:10","4","2024-06-21 15:54:47"
"6904501","03c8d6c5-1277-4ab1-bffa-ed1852e6a495","USA028","PI 689809",,"Juglans","regia","L.","","","Juglans regia L.",,"","20180921","","","false","",,"100",,"4","2021-01-28 09:21:10","4","2024-06-21 15:54:47"
"6904502","b84dbd77-54a3-4e4b-ac8d-9d8a88fb4ac2","USA028","PI 689810",,"Juglans","regia","L.","","","Juglans regia L.",,"","20180921","","","false","",,"100",,"4","2021-01-28 09:21:10","4","2024-06-21 15:54:47"
"6904503","9ef63efe-c3f0-473a-a525-170aa491f27f","USA028","PI 689811",,"Juglans","regia","L.","","","Juglans regia L.",,"","20180921","","","false","",,"100",,"4","2021-01-28 09:21:10","4","2024-06-21 15:54:47"
"6904504","5fa02c0b-3063-4441-909b-15ad61a91cb3","USA028","PI 689812",,"Juglans","regia","L.","","","Juglans regia L.",,"","20180921","","","false","",,"100",,"4","2021-01-28 09:21:10","4","2024-06-21 15:54:47"
"6904505","680df561-88fc-469e-bd32-357cc00b87a7","USA028","PI 689813",,"Juglans","regia","L.","","","Juglans regia L.",,"","20180921","","","false","",,"100",,"4","2021-01-28 09:21:10","4","2024-06-21 15:54:47"
"6904506","9b6a9d3f-859d-476d-a91f-e2f09f59d4d5","USA028","PI 689814",,"Juglans","regia","L.","","","Juglans regia L.",,"","20180921","","","false","",,"100",,"4","2021-01-28 09:21:10","4","2024-06-21 15:54:47"
"6904507","e3960b7f-359f-4bfc-893b-433438a05c79","USA028","PI 689815",,"Juglans","regia","L.","","","Juglans regia L.",,"","20180921","","","false","",,"100",,"4","2021-01-28 09:21:10","4","2024-06-21 15:54:47"
"6904508","f10ad7ae-ebdb-47a2-9d44-36a242c50dce","USA028","PI 689816",,"Juglans","regia","L.","","","Juglans regia L.",,"","20180921","","","false","",,"100",,"4","2021-01-28 09:21:10","4","2024-06-21 15:54:47"
"6904509","5aafd4b5-8722-411a-af64-d65e65e63599","USA028","PI 689817",,"Juglans","regia","L.","","","Juglans regia L.",,"","20180921","","","false","",,"100",,"4","2021-01-28 09:21:10","4","2024-06-21 15:54:47"
"6904510","9c9f8339-e575-4fed-962a-9b04ede0dd16","USA028","PI 689818",,"Juglans","regia","L.","","","Juglans regia L.",,"","20180921","","","false","",,"100",,"4","2021-01-28 09:21:10","4","2024-06-21 15:54:47"
"6904511","0f1df0c3-4892-4df3-aa13-4870d5308832","USA028","PI 689819",,"Juglans","regia","L.","","","Juglans regia L.",,"","20180921","","","false","",,"100",,"4","2021-01-28 09:21:10","4","2024-06-21 15:54:47"
"6904512","e4a95671-d7e1-4125-93e7-42f4aa801c46","USA028","PI 689820",,"Juglans","regia","L.","","","Juglans regia L.",,"","20180921","","","false","",,"100",,"4","2021-01-28 09:21:10","4","2024-06-21 15:54:47"
"6904513","ab59533e-133b-4a16-beec-8509c17fba49","USA028","PI 689821",,"Juglans","regia","L.","","","Juglans regia L.",,"","20180921","","","false","",,"100",,"4","2021-01-28 09:21:10","4","2024-06-21 15:54:47"
"6904514","cb43783d-a1a8-4187-ad9d-9ead5d3f34f7","USA028","PI 689822",,"Juglans","regia","L.","","","Juglans regia L.",,"","20180921","","","false","",,"100",,"4","2021-01-28 09:21:10","4","2024-06-21 15:54:47"
"6904515","a118d85c-0552-4999-a794-71df5d36f114","USA028","PI 689823",,"Juglans","regia","L.","","","Juglans regia L.",,"","20180921","","","false","",,"100",,"4","2021-01-28 09:21:10","4","2024-06-21 15:54:47"
"6904516","b5323f4e-757b-4f99-8c9b-4003e77b8e55","USA028","PI 689824",,"Juglans","regia","L.","","","Juglans regia L.",,"","20180921","","","false","",,"100",,"4","2021-01-28 09:21:10","4","2024-06-21 15:54:47"
"6904517","902ab29c-fd7c-4b9d-b245-7fab1f9bd83d","USA028","PI 689825",,"Juglans","regia","L.","","","Juglans regia L.",,"","20180921","","","false","",,"100",,"4","2021-01-28 09:21:10","4","2024-06-21 15:54:47"
"6904518","c31b450c-a329-40cf-86db-9eedcd393b2b","USA028","PI 689826",,"Juglans","regia","L.","","","Juglans regia L.",,"","20180921","","","false","",,"100",,"4","2021-01-28 09:21:10","4","2024-06-21 15:54:47"
"6904519","74652769-2f6a-420a-b445-eb495f0a9750","USA028","PI 689827",,"Juglans","regia","L.","","","Juglans regia L.",,"","20180921","","","false","",,"100",,"4","2021-01-28 09:21:10","4","2024-06-21 15:54:47"
"6904520","dcc69275-500f-4f03-80c7-13902e6969ac","USA028","PI 689828",,"Juglans","regia","L.","","","Juglans regia L.",,"","20180921","","","false","",,"100",,"4","2021-01-28 09:21:10","4","2024-06-21 15:54:47"
"6904521","eba185cd-30c1-4e16-8ba3-55450123a223","USA028","PI 689829",,"Juglans","regia","L.","","","Juglans regia L.",,"","20180921","","","false","",,"100",,"4","2021-01-28 09:21:10","4","2024-06-21 15:54:47"
"6904522","e2c7c5fa-b0c3-4a85-9dcf-1ff5afe3c035","USA028","PI 689830",,"Juglans","regia","L.","","","Juglans regia L.",,"","20180921","","","false","",,"100",,"4","2021-01-28 09:21:10","4","2024-06-21 15:54:47"
"6904523","82c24e62-94a4-44c4-85e1-fee39bf894cc","USA028","PI 689831",,"Juglans","regia","L.","","","Juglans regia L.",,"","20180921","","","false","",,"100",,"4","2021-01-28 09:21:10","4","2024-06-21 15:54:47"
"6904524","a31ef88d-01c2-4661-9787-c714a836919b","USA028","PI 689832",,"Juglans","regia","L.","","","Juglans regia L.",,"","20180921","","","false","",,"100",,"4","2021-01-28 09:21:10","4","2024-06-21 15:54:47"
"6904525","5618ec32-663a-4751-bbed-4bacef008d10","USA028","PI 689833",,"Juglans","regia","L.","","","Juglans regia L.",,"","20180921","","","false","",,"100",,"4","2021-01-28 09:21:10","4","2024-06-21 15:54:47"
"6904526","6e907dd2-1f20-443e-92a8-47d03cb13974","USA028","PI 689834",,"Juglans","regia","L.","","","Juglans regia L.",,"","20180921","","","false","",,"100",,"4","2021-01-28 09:21:10","4","2024-06-21 15:54:47"
"6904527","c0e6f691-021f-4ae5-9d5f-c2c0ba59eede","USA028","PI 689835",,"Juglans","regia","L.","","","Juglans regia L.",,"","20180921","","","false","",,"100",,"4","2021-01-28 09:21:10","4","2024-06-21 15:54:47"
"6904528","395636ed-d11e-4437-af7a-e180356c2890","USA028","PI 689836",,"Juglans","regia","L.","","","Juglans regia L.",,"","20180921","","","false","",,"100",,"4","2021-01-28 09:21:10","4","2024-06-21 15:54:47"
"6904529","cbd04fc2-efbf-4f41-b044-86be5724e16b","USA028","PI 689837",,"Juglans","regia","L.","","","Juglans regia L.",,"","20180921","","","false","",,"100",,"4","2021-01-28 09:21:10","4","2024-06-21 15:54:47"
"6904530","05e59c24-30e3-49f8-841d-c55fff5b1469","USA028","PI 689838",,"Juglans","regia","L.","","","Juglans regia L.",,"","20180921","","","false","",,"100",,"4","2021-01-28 09:21:10","4","2024-06-21 15:54:47"
"6904531","7916481a-bfd8-4f3a-b83c-e31661bc87c6","USA028","PI 689839",,"Juglans","regia","L.","","","Juglans regia L.",,"","20180921","","","false","",,"100",,"4","2021-01-28 09:21:10","4","2024-06-21 15:54:47"
"6904532","a9f2fa46-f422-4dea-b15a-c5ee7f516026","USA028","PI 689840",,"Juglans","regia","L.","","","Juglans regia L.",,"","20180921","","","false","",,"100",,"4","2021-01-28 09:21:10","4","2024-06-21 15:54:47"
"6904533","b0ee35f6-7cb3-4ac1-86f4-d3252084f9b5","USA028","PI 689841",,"Juglans","regia","L.","","","Juglans regia L.",,"","20180921","","","false","",,"100",,"4","2021-01-28 09:21:10","4","2024-06-21 15:54:47"
"6904534","22f7c167-0991-4228-bac5-0334c0c7954a","USA028","PI 689842",,"Juglans","regia","L.","","","Juglans regia L.",,"","20180921","","","false","",,"100",,"4","2021-01-28 09:21:10","4","2024-06-21 15:54:47"
"6904535","50ca0433-dec5-4a50-bbf2-6ff8878fc65e","USA028","PI 689843",,"Juglans","regia","L.","","","Juglans regia L.",,"","20180921","","","false","",,"100",,"4","2021-01-28 09:21:10","4","2024-06-21 15:54:47"
"6904536","c8d3fc6e-56b7-4ea0-a822-e258e5cc685f","USA028","PI 689844",,"Juglans","regia","L.","","","Juglans regia L.",,"","20180921","","","false","",,"100",,"4","2021-01-28 09:21:10","4","2024-06-21 15:54:47"
"6904537","5f20c94c-aae0-4995-8f98-bdcca91148cd","USA028","PI 689845",,"Juglans","regia","L.","","","Juglans regia L.",,"","20180921","","","false","",,"100",,"4","2021-01-28 09:21:10","4","2024-06-21 15:54:47"
"6904538","f6d98438-ceed-4b3c-a87b-38af542360e2","USA028","PI 689846",,"Juglans","regia","L.","","","Juglans regia L.",,"","20180921","","","false","",,"100",,"4","2021-01-28 09:21:10","4","2024-06-21 15:54:47"
"6904539","f924c5bd-690c-4848-aea3-b6f52a63d26e","USA028","PI 689847",,"Juglans","regia","L.","","","Juglans regia L.",,"","20180921","","","false","",,"100",,"4","2021-01-28 09:21:10","4","2024-06-21 15:54:47"
"6904540","380a1f8f-3101-4245-8a0f-4ccc8f785a5d","USA028","PI 689848",,"Juglans","regia","L.","","","Juglans regia L.",,"","20180921","","","false","",,"100",,"4","2021-01-28 09:21:10","4","2024-06-21 15:54:47"
"6904541","7dcc1228-2138-4905-af4e-44851afdeb7c","USA028","PI 689849",,"Juglans","regia","L.","","","Juglans regia L.",,"","20180921","","","false","",,"100",,"4","2021-01-28 09:21:10","4","2024-06-21 15:54:47"
"6904542","9b87cc13-7b9b-42a8-a98e-ab4570450f3c","USA028","PI 689850",,"Juglans","regia","L.","","","Juglans regia L.",,"","20180921","","","false","",,"100",,"4","2021-01-28 09:21:10","4","2024-06-21 15:54:47"
"6904543","a10da18b-0f7d-4f45-ad7d-b64c1cc2a397","USA028","PI 689851",,"Juglans","regia","L.","","","Juglans regia L.",,"","20180921","","","false","",,"100",,"4","2021-01-28 09:21:10","4","2024-06-21 15:54:47"
"6904544","f0dd6be5-8af4-46ec-91a3-867695e8614b","USA028","PI 689852",,"Juglans","regia","L.","","","Juglans regia L.",,"","20180921","","","false","",,"100",,"4","2021-01-28 09:21:10","4","2024-06-21 15:54:46"
"6904545","1f6f6d28-cb1a-446a-842e-c450f6b86355","USA028","PI 689853",,"Juglans","regia","L.","","","Juglans regia L.",,"","20180921","","","false","",,"100",,"4","2021-01-28 09:21:10","4","2024-06-21 15:54:46"
"6904546","bf0c382a-e7c0-4a75-ba56-7c6f88d463d6","USA028","PI 689854",,"Juglans","regia","L.","","","Juglans regia L.",,"","20180921","","","false","",,"100",,"4","2021-01-28 09:21:10","4","2024-06-21 15:54:46"
"6904547","3fde4303-2657-40e9-b13c-bfe3f59aa275","USA028","PI 689855",,"Juglans","regia","L.","","","Juglans regia L.",,"","20180921","","","false","",,"100",,"4","2021-01-28 09:21:10","4","2024-06-21 15:54:47"
"6904548","36d7fedf-e487-4c10-8427-eaab4cf63d54","USA028","PI 689856",,"Juglans","regia","L.","","","Juglans regia L.",,"","20180921","","","false","",,"100",,"4","2021-01-28 09:21:10","4","2024-06-21 15:54:47"
"6904549","9d83d011-eddc-4c85-8f2b-dbf8cce2dc46","USA028","PI 689857",,"Juglans","regia","L.","","","Juglans regia L.",,"","20180921","","","false","",,"100",,"4","2021-01-28 09:21:10","4","2024-06-21 15:54:47"
"6904550","6c9a1174-1baf-483b-9503-34e13334056c","USA028","PI 689858",,"Juglans","regia","L.","","","Juglans regia L.",,"","20180921","","","false","",,"100",,"4","2021-01-28 09:21:10","4","2024-06-21 15:54:47"
"6904551","63503754-5248-44ce-ba90-e8a26a397f0c","USA028","PI 689859",,"Juglans","regia","L.","","","Juglans regia L.",,"","20180921","","","false","",,"100",,"4","2021-01-28 09:21:10","4","2024-06-21 15:54:47"
"6904552","a85e2405-a84e-41d2-8e36-ee5474413c12","USA028","PI 689860",,"Juglans","regia","L.","","","Juglans regia L.",,"","20180921","","","false","",,"100",,"4","2021-01-28 09:21:10","4","2024-06-21 15:54:47"
"6904554","84eabbbb-22ce-4ecd-a122-603ff507250f","USA028","PI 689861",,"Juglans","regia","L.","","","Juglans regia L.",,"","20180921","","","false","",,"100",,"4","2021-01-28 09:21:10","4","2024-06-21 15:54:47"
"6904556","6c726ff4-f27d-4558-b6dd-17769bda6354","USA028","PI 689862",,"Juglans","regia","L.","","","Juglans regia L.",,"","20180921","","","false","",,"100",,"4","2021-01-28 09:21:10","4","2024-06-21 15:54:47"
"6904558","d8956cbc-0359-4b43-b35a-af22279376dd","USA028","PI 689863",,"Juglans","regia","L.","","","Juglans regia L.",,"","20180921","","","false","",,"100",,"4","2021-01-28 09:21:10","4","2024-06-21 15:54:47"
"6904560","c65af4fb-5e67-49c4-82b9-1b3e73b0fe44","USA028","PI 689864",,"Juglans","regia","L.","","","Juglans regia L.",,"","20180921","","","false","",,"100",,"4","2021-01-28 09:21:10","4","2024-06-21 15:54:47"
"6904561","d535c19e-b7e0-4e83-a211-4b3d91bd8435","USA028","PI 689865",,"Juglans","regia","L.","","","Juglans regia L.",,"","20180921","","","false","",,"100",,"4","2021-01-28 09:21:10","4","2024-06-21 15:54:47"
"6904563","66e05e08-74de-444d-a7b1-b4771b309cd5","USA028","PI 689866",,"Juglans","regia","L.","","","Juglans regia L.",,"","20180921","","","false","",,"100",,"4","2021-01-28 09:21:10","4","2024-06-21 15:54:47"
"6904565","d3f39235-9de5-4e19-b060-6fa465dd2c86","USA028","PI 689867",,"Juglans","regia","L.","","","Juglans regia L.",,"","20180921","","","false","",,"100",,"4","2021-01-28 09:21:10","4","2024-06-21 15:54:47"
"6904568","02ccad31-3e71-4683-9806-5edc3f34801e","USA028","PI 689868",,"Juglans","regia","L.","","","Juglans regia L.",,"","20180921","","","false","",,"100",,"4","2021-01-28 09:21:10","4","2024-06-21 15:54:47"
"6904569","f2ba3861-700b-46ae-9515-19b5593491fb","USA028","PI 689869",,"Juglans","regia","L.","","","Juglans regia L.",,"","20180921","","","false","",,"100",,"4","2021-01-28 09:21:10","4","2024-06-21 15:54:47"
"6904571","91c6af2f-79f5-4dd4-a3a2-4ced3473fe8b","USA028","PI 689870",,"Juglans","regia","L.","","","Juglans regia L.",,"","20180921","","","false","",,"100",,"4","2021-01-28 09:21:10","4","2024-06-21 15:54:47"
"6904573","2cab154f-2d12-47d0-be9e-51cdb3359c8d","USA028","PI 689871",,"Juglans","regia","L.","","","Juglans regia L.",,"","20180921","","","false","",,"100",,"4","2021-01-28 09:21:10","4","2024-06-21 15:54:47"
"6904575","d9ed6431-ec39-4edf-abc5-dc9aa0201ac9","USA028","PI 689872",,"Juglans","regia","L.","","","Juglans regia L.",,"","20180921","","","false","",,"100",,"4","2021-01-28 09:21:10","4","2024-06-21 15:54:47"
"6904577","9ba2c6f5-eefc-4164-892d-bc7bf4b426a4","USA028","PI 689873",,"Juglans","regia","L.","","","Juglans regia L.",,"","20180921","","","false","",,"100",,"4","2021-01-28 09:21:10","4","2024-06-21 15:54:47"
"6904579","6df3506e-a4bc-4ea9-b465-4b2671edcf8d","USA028","PI 689874",,"Juglans","regia","L.","","","Juglans regia L.",,"","20180921","","","false","",,"100",,"4","2021-01-28 09:21:10","4","2024-06-21 15:54:47"
"6904581","5ea19280-fdc6-4973-ae2b-12177d6bd010","USA028","PI 689875",,"Juglans","regia","L.","","","Juglans regia L.",,"","20180921","","","false","",,"100",,"4","2021-01-28 09:21:10","4","2024-06-21 15:54:47"
"6904583","0ad4d3fb-ea51-4a0a-baec-ff96feb3da8b","USA028","PI 689876",,"Juglans","regia","L.","","","Juglans regia L.",,"","20180921","","","false","",,"100",,"4","2021-01-28 09:21:10","4","2024-06-21 15:54:47"
"6904584","98a074f4-71c0-4835-9e95-7b20510331c9","USA028","PI 689877",,"Juglans","regia","L.","","","Juglans regia L.",,"","20180921","","","false","",,"100",,"4","2021-01-28 09:21:10","4","2024-06-21 15:54:47"
"6904585","05e2c27a-f21e-4deb-b5d6-77b1e9a73227","USA028","PI 689878",,"Juglans","regia","L.","","","Juglans regia L.",,"","20180921","","","false","",,"100",,"4","2021-01-28 09:21:10","4","2024-06-21 15:54:47"
"6904586","cf9e4757-6979-44c2-879f-39c01a218d48","USA028","PI 689879",,"Juglans","regia","L.","","","Juglans regia L.",,"","20180921","","","false","",,"100",,"4","2021-01-28 09:21:10","4","2024-06-21 15:54:47"
"6904587","7ac960f9-3d5b-498a-a92a-23e674ccc712","USA028","PI 689880",,"Juglans","regia","L.","","","Juglans regia L.",,"","20180921","","","false","",,"100",,"4","2021-01-28 09:21:10","4","2024-06-21 15:54:47"
"6904588","45b1a1e6-3613-43ed-bf63-4d74d5f17994","USA028","PI 689881",,"Juglans","regia","L.","","","Juglans regia L.",,"","20180921","","","false","",,"100",,"4","2021-01-28 09:21:10","4","2024-06-21 15:54:47"
"6904590","1f013352-5fc6-402b-9035-76258e92b6b8","USA028","PI 689882",,"Juglans","regia","L.","","","Juglans regia L.",,"","20180921","","","false","",,"100",,"4","2021-01-28 09:21:10","4","2024-06-21 15:54:47"
"6912998","785d6f52-bf2a-4087-a2b6-45db29672ec6","USA028","DJUG 1055",,"Juglans","hybr.","","","","Juglans hybr.",,"","19870116","","","false","",,"416",,"4","2021-01-28 09:22:44","4","2024-06-21 15:55:52"
"6913001","3b5d2e7e-2186-46af-a519-1d775019ccca","USA028","DJUG 1056",,"Juglans","regia","L.","","","Juglans regia L.",,"","19870116","","","false","",,"416",,"4","2021-01-28 09:22:44","4","2024-06-21 15:55:52"
"6913003","6901ce1a-f94b-42d9-8820-33cecffee7e0","USA028","DJUG 1057",,"Juglans","regia","L.","","","Juglans regia L.",,"","19870116","","","false","",,"416",,"4","2021-01-28 09:22:44","4","2024-06-21 15:55:52"
"6914479","f5017bbb-5306-4374-b2d4-55a75e5d3b90","USA026","PI 692617",,"Juglans","cinerea","L.","","","Juglans cinerea L.","USA","","20200131","","","false","",,"999",,"4","2021-01-28 09:22:56","4","2024-06-21 15:56:01"
"6921917","890cc0d3-56a7-4f67-b8b2-abd3c9e7c53b","USA151","WLP 31",,"Juglans","cinerea","L.","","","Juglans cinerea L.","USA","","20201202","","","false","",,"100",,"4","2021-01-28 09:24:29","4","2024-06-21 15:57:15"
"6921918","b2d981ce-0b2c-462f-8ab7-92fd420877f0","USA151","WLP 32",,"Juglans","cinerea","L.","","","Juglans cinerea L.","USA","","20200801","","","false","",,"100",,"4","2021-01-28 09:24:29","4","2024-06-21 15:57:15"
"6921920","18017534-4c41-4153-bbfe-a1deddf21210","USA151","WLP 34",,"Juglans","cinerea","L.","","","Juglans cinerea L.","USA","","20201202","","","false","",,"100",,"4","2021-01-28 09:24:29","4","2024-06-21 15:57:15"
"6921921","f0e37e19-e37b-4687-8232-6b5fe4be372c","USA151","WLP 35",,"Juglans","cinerea","L.","","","Juglans cinerea L.","USA","","20200801","","","false","",,"100",,"4","2021-01-28 09:24:29","4","2024-06-21 15:57:15"
"6921924","deada2bd-3ffd-400b-ac36-e4f9e952dd1e","USA151","WLP 38",,"Juglans","cinerea","L.","","","Juglans cinerea L.","USA","","20201202","","","false","",,"100",,"4","2021-01-28 09:24:29","4","2024-06-21 15:57:15"
"6921951","b6764d40-7778-4774-8d9c-93a9e251492f","USA151","WLP 65",,"Juglans","cinerea","L.","","","Juglans cinerea L.","USA","","20200801","","","false","",,"100",,"4","2021-01-28 09:24:29","4","2024-06-21 15:57:15"
"6922029","f44ebef8-ebd5-490b-bf21-0f7acadaf103","USA151","WLP 133",,"Juglans","mandshurica","Maxim.","","","Juglans mandshurica Maxim.","JPN","","20181212","","","false","",,"100",,"4","2021-01-28 09:24:30","4","2024-06-21 15:57:17"
"6970863","99f0640d-2e9b-4b29-aadd-c337ac656b18","ESP014","NC113627",,"Juglans","regia","L.","","","Juglans regia L.","SVN","","2016----","false","","false","","20","410",,"1285","2021-11-30 18:15:04","1285","2024-10-28 15:29:24"
"6970864","7844ea77-5ee4-452d-ab65-b5dcb7f7e7f0","ESP014","NC113644",,"Juglans","regia","L.","","","Juglans regia L.","ESP","","2014----","false","","false","","20","100",,"1285","2021-11-30 18:15:04","1285","2024-10-28 15:29:24"
"6970865","41db5f16-b67a-412d-906d-92e0afc05eb3","ESP014","NC113593",,"Juglans","regia","L.","","","Juglans regia L.","ESP","",,"false","","false","","20","100",,"1285","2021-11-30 18:15:04","1285","2024-10-28 15:29:24"
"6970866","949cdb86-cb11-4386-b791-ca57632970e5","ESP014","NC113619",,"Juglans","regia","L.","","","Juglans regia L.","ESP","","2007----","false","","false","","20","100",,"1285","2021-11-30 18:15:04","1285","2024-10-28 15:29:24"
"6970867","3020445a-b2fb-4d74-88bf-895e44b99b5c","ESP014","NC113651",,"Juglans","regia","L.","","","Juglans regia L.","ESP","","2014----","false","","false","","20","100",,"1285","2021-11-30 18:15:04","1285","2024-10-28 15:29:24"
"6970868","6f569392-47a0-4a77-9a9b-4b2cf01e1e7a","ESP014","NC113585",,"Juglans","regia","L.","","","Juglans regia L.","ESP","","2007----","false","","false","","20","100",,"1285","2021-11-30 18:15:04","1285","2024-10-28 15:29:24"
"6970870","22357630-82b3-4422-accf-8a3c5ca80593","ESP014","NC113650",,"Juglans","regia","L.","","","Juglans regia L.","ESP","","2014----","false","","false","","20","100",,"1285","2021-11-30 18:15:04","1285","2024-10-28 15:29:24"
"6970871","d1f40b21-10ac-4626-b9d3-88c198eb76f2","ESP014","NC113717",,"Juglans","regia","L.","","","Juglans regia L.","ESP","","2014----","false","","false","","20","100",,"1285","2021-11-30 18:15:04","1285","2024-10-28 15:29:24"
"6970872","5a423948-8f05-481a-ab32-2dae25f2bb98","ESP014","NC113640",,"Juglans","regia","L.","","","Juglans regia L.","ESP","","2014----","false","","false","","20","100",,"1285","2021-11-30 18:15:04","1285","2024-10-28 15:29:24"
"6970873","75b9bc65-d6cf-4b3d-b8c5-14dd6aaabddf","ESP014","NC113625",,"Juglans","regia","L.","","","Juglans regia L.","USA","","2016----","false","","false","","20","410",,"1285","2021-11-30 18:15:04","1285","2024-10-28 15:29:24"
"6970874","65d4df98-9db6-4d70-9e94-c72b82a4e551","ESP014","NC113687",,"Juglans","regia","L.","","","Juglans regia L.","ESP","","2014----","false","","false","","20","100",,"1285","2021-11-30 18:15:04","1285","2024-10-28 15:29:24"
"6970875","36d36b3e-d793-4133-95e2-8a5c6e2e51cb","ESP014","NC113624",,"Juglans","regia","L.","","","Juglans regia L.","USA","","2016----","false","","false","","20","410",,"1285","2021-11-30 18:15:04","1285","2024-10-28 15:29:24"
"6970876","de450935-2900-4f8a-b411-5f5b2518ad95","ESP014","NC113654",,"Juglans","regia","L.","","","Juglans regia L.","ESP","","2014----","false","","false","","20","100",,"1285","2021-11-30 18:15:04","1285","2024-10-28 15:29:24"
"6970910","02cb6868-3562-4dcb-9ddc-ca03052cca20","ESP014","NC113648",,"Juglans","regia","L.","","","Juglans regia L.","ESP","","2015----","false","","false","","20","100",,"1285","2021-11-30 18:15:17","1285","2024-10-28 15:29:24"
"6970912","32a09d85-a0a6-48d9-a5be-80ee27cb3ec0","ESP014","NC113579",,"Juglans","regia","L.","","","Juglans regia L.","ESP","","2007----","false","","false","","20","100",,"1285","2021-11-30 18:15:18","1285","2024-10-28 15:29:24"
"6970914","546d8eeb-e742-4778-b06d-32a4f5d968d7","ESP014","NC113663",,"Juglans","regia","L.","","","Juglans regia L.","ESP","","2014----","false","","false","","20","100",,"1285","2021-11-30 18:15:18","1285","2024-10-28 15:29:32"
"6970916","ca3ded14-a010-4e2d-afc5-3b6522df3d8c","ESP014","NC113688",,"Juglans","regia","L.","","","Juglans regia L.","ESP","","2016----","false","","false","","20","100",,"1285","2021-11-30 18:15:18","1285","2024-10-28 15:29:32"
"6970918","33e8f09c-a04e-479b-91c3-18030b10c4f6","ESP014","NC113609",,"Juglans","regia","L.","","","Juglans regia L.","ESP","","2007----","false","","false","","20","100",,"1285","2021-11-30 18:15:18","1285","2024-10-28 15:29:32"
"6970920","ece0a4c1-e167-4b76-b3f1-4eadd71346b5","ESP014","NC113678",,"Juglans","regia","L.","","","Juglans regia L.","ESP","","2014----","false","","false","","20","100",,"1285","2021-11-30 18:15:18","1285","2024-10-28 15:29:32"
"6970922","11a38f94-c36e-43d7-b29c-3de24a234c2a","ESP014","NC113704",,"Juglans","regia","L.","","","Juglans regia L.","ESP","","2015----","false","","false","","20","100",,"1285","2021-11-30 18:15:18","1285","2024-10-28 15:29:32"
"6970924","77078e4a-765b-43f5-81f2-655924c8f985","ESP014","NC113690",,"Juglans","regia","L.","","","Juglans regia L.","ESP","","2015----","false","","false","","20","100",,"1285","2021-11-30 18:15:18","1285","2024-10-28 15:29:32"
"6983273","30644538-b570-4eb7-b4a3-d9a920099790","ESP014","NC113649",,"Juglans","regia","L.","","","Juglans regia L.","ESP","","2014----","false","","false","","20","100",,"1285","2021-11-30 20:54:29","1285","2024-10-28 15:29:16"
"6983274","5f634256-ef72-4915-9e5b-a121b7071c79","ESP014","NC113692",,"Juglans","regia","L.","","","Juglans regia L.","ESP","","2014----","false","","false","","20","100",,"1285","2021-11-30 20:54:29","1285","2024-10-28 15:29:16"
"6983275","a2a176f7-ae09-41f8-85da-6d1c8858d5ea","ESP014","NC113659",,"Juglans","regia","L.","","","Juglans regia L.","ESP","","2014----","false","","false","","20","100",,"1285","2021-11-30 20:54:29","1285","2024-10-28 15:29:16"
"6983276","15879934-e521-487b-9617-dde3d3e7bb54","ESP014","NC113682",,"Juglans","regia","L.","","","Juglans regia L.","ESP","","2014----","false","","false","","20","100",,"1285","2021-11-30 20:54:29","1285","2024-10-28 15:29:16"
"6983277","a7796d79-f20c-4706-bd49-9bb7b55de43b","ESP014","NC113699",,"Juglans","regia","L.","","","Juglans regia L.","ESP","","2014----","false","","false","","20","100",,"1285","2021-11-30 20:54:29","1285","2024-10-28 15:29:16"
"6983278","0f61654e-0e3a-4258-b475-813c78404ee4","ESP014","NC113621",,"Juglans","regia","L.","","","Juglans regia L.",,"","2015----","false","","false","","20","",,"1285","2021-11-30 20:54:29","1285","2024-10-28 15:29:16"
"6983279","6e892a38-2dcd-4828-a3ed-b66038ba7f8d","ESP014","NC113594",,"Juglans","regia","L.","","","Juglans regia L.","ESP","","2007----","false","","false","","20","",,"1285","2021-11-30 20:54:30","1285","2024-10-28 15:29:16"
"6983280","114c114c-5279-4d74-b228-b9d5637dde55","ESP014","NC113710",,"Juglans","regia","L.","","","Juglans regia L.","ESP","","2015----","false","","false","","20","100",,"1285","2021-11-30 20:54:30","1285","2024-10-28 15:29:16"
"6983281","c09017eb-2f3b-465c-8cca-e56cc8786ef8","ESP014","NC113584",,"Juglans","regia","L.","","","Juglans regia L.","ESP","","2007----","false","","false","","20","100",,"1285","2021-11-30 20:54:30","1285","2024-10-28 15:29:16"
"6983282","14bda7ad-d1f0-4ddb-a3aa-dc2bc2d941fb","ESP014","NC113664",,"Juglans","regia","L.","","","Juglans regia L.","ESP","","2014----","false","","false","","20","100",,"1285","2021-11-30 20:54:30","1285","2024-10-28 15:29:16"
"6983283","6cd14b7a-a2d5-4e93-ab1b-93f83437f701","ESP014","NC113582",,"Juglans","regia","L.","","","Juglans regia L.","FRA","","2006----","false","","false","","20","410",,"1285","2021-11-30 20:54:30","1285","2024-10-28 15:29:16"
"6983284","0857f0a3-f67c-4fbd-93c6-269993c3774e","ESP014","NC113633",,"Juglans","regia","L.","","","Juglans regia L.","ESP","","2014----","false","","false","","20","100",,"1285","2021-11-30 20:54:30","1285","2024-10-28 15:29:16"
"6983285","a0483c55-4411-4ef5-9803-1075f3da5334","ESP014","NC113705",,"Juglans","regia","L.","","","Juglans regia L.","ESP","","2014----","false","","false","","20","100",,"1285","2021-11-30 20:54:30","1285","2024-10-28 15:29:16"
"6983286","03b303fd-d568-4bc3-b664-a8dee2ea135f","ESP014","NC113605",,"Juglans","regia","L.","","","Juglans regia L.","ESP","","2007----","false","","false","","20","100",,"1285","2021-11-30 20:54:30","1285","2024-10-28 15:29:16"
"6983287","ed5ff4d0-aa36-4b0e-96b7-c23e8bdd4fff","ESP014","NC113665",,"Juglans","regia","L.","","","Juglans regia L.","ESP","","2014----","false","","false","","20","100",,"1285","2021-11-30 20:54:30","1285","2024-10-28 15:29:16"
"6983288","15debcea-c060-4486-9895-32e9d6c75263","ESP014","NC113603",,"Juglans","regia","L.","","","Juglans regia L.","ESP","","2014----","false","","false","","20","100",,"1285","2021-11-30 20:54:30","1285","2024-10-28 15:29:16"
"6983289","54414fac-8fd1-4fc4-9ecd-a844e63e2d3f","ESP014","NC113721",,"Juglans","regia","L.","","","Juglans regia L.","ESP","","2014----","false","","false","","20","100",,"1285","2021-11-30 20:54:30","1285","2024-10-28 15:29:16"
"6983290","29f4a77c-bd1c-424b-b07b-16e1aff9aa01","ESP014","NC113586",,"Juglans","regia","L.","","","Juglans regia L.","ESP","","2007----","false","","false","","20","100",,"1285","2021-11-30 20:54:30","1285","2024-10-28 15:29:16"
"6983291","3fafda76-f074-422b-a963-79876cfd5259","ESP014","NC113711",,"Juglans","regia","L.","","","Juglans regia L.","ESP","","2014----","false","","false","","20","100",,"1285","2021-11-30 20:54:31","1285","2024-10-28 15:29:16"
"6983391","e1643f3a-9f8c-454a-913f-d820a127ad14","ESP014","NC113685",,"Juglans","regia","L.","","","Juglans regia L.","ESP","","2015----","false","","false","","20","100",,"1285","2021-11-30 20:54:45","1285","2024-10-28 15:29:16"
"6983392","2f6d9813-04fc-431b-8978-5d9921b641b6","ESP014","NC113574",,"Juglans","regia","L.","","","Juglans regia L.","ESP","","2005----","false","","false","","20","100",,"1285","2021-11-30 20:54:45","1285","2024-10-28 15:29:16"
"6983393","dc46bda5-cf39-4100-8fa2-4bbb1382b6a0","ESP014","NC113613",,"Juglans","regia","L.","","","Juglans regia L.","ESP","",,"false","","false","","20","100",,"1285","2021-11-30 20:54:45","1285","2024-10-28 15:29:16"
"6983394","b1cf2c9b-9de0-4fa3-98dd-b6efd047e8f0","ESP014","NC113601",,"Juglans","regia","L.","","","Juglans regia L.","ESP","","2007----","false","","false","","20","100",,"1285","2021-11-30 20:54:45","1285","2024-10-28 15:29:16"
"6983395","026094f4-8834-433e-ae08-66b174038c1c","ESP014","NC113647",,"Juglans","regia","L.","","","Juglans regia L.","ESP","","2015----","false","","false","","20","100",,"1285","2021-11-30 20:54:45","1285","2024-10-28 15:29:16"
"6983396","b630ed32-332c-42e2-bf84-6b0c55595f70","ESP014","NC113719",,"Juglans","regia","L.","","","Juglans regia L.","ESP","","2014----","false","","false","","20","100",,"1285","2021-11-30 20:54:45","1285","2024-10-28 15:29:16"
"6983397","140468db-9d3b-4474-bf5d-88c2b59571eb","ESP014","NC113611",,"Juglans","regia","L.","","","Juglans regia L.","ESP","","2007----","false","","false","","20","100",,"1285","2021-11-30 20:54:45","1285","2024-10-28 15:29:16"
"6983398","07749660-e226-4feb-83a9-a081f14aca39","ESP014","NC113702",,"Juglans","regia","L.","","","Juglans regia L.","ESP","","2016----","false","","false","","20","100",,"1285","2021-11-30 20:54:45","1285","2024-10-28 15:29:16"
"6983399","9040dd38-29ef-4ca1-bc19-596175e51f7f","ESP014","NC113707",,"Juglans","regia","L.","","","Juglans regia L.","ESP","","2016----","false","","false","","20","100",,"1285","2021-11-30 20:54:45","1285","2024-10-28 15:29:16"
"6983400","b0f2aa8b-4a74-48a7-9d62-02be495d598a","ESP014","NC113614",,"Juglans","regia","L.","","","Juglans regia L.","ESP","","2014----","false","","false","","20","100",,"1285","2021-11-30 20:54:45","1285","2024-10-28 15:29:16"
"6983401","f3b9a534-67f6-49d0-9b3e-c0852c315df0","ESP014","NC113617",,"Juglans","regia","L.","","","Juglans regia L.","ESP","","2007----","false","","false","","20","100",,"1285","2021-11-30 20:54:45","1285","2024-10-28 15:29:16"
"6983402","0328cce9-c1a6-487c-b578-5b050ea6e069","ESP014","NC113632",,"Juglans","regia","L.","","","Juglans regia L.","ESP","","2015----","false","","false","","20","100",,"1285","2021-11-30 20:54:45","1285","2024-10-28 15:29:16"
"6983403","a7a6b978-03cf-4a2c-9037-6f39aa9703ba","ESP014","NC113588",,"Juglans","regia","L.","","","Juglans regia L.","ESP","","2010----","false","","false","","20","410",,"1285","2021-11-30 20:54:46","1285","2024-10-28 15:29:16"
"6983405","80ecc148-0097-467b-baaa-00fd03f91c50","ESP014","NC113628",,"Juglans","regia","L.","","","Juglans regia L.","FRA","","2015----","false","","false","","20","410",,"1285","2021-11-30 20:54:46","1285","2024-10-28 15:29:16"
"6983406","4645290c-5137-4e15-a3df-88e6a34f5be1","ESP014","NC113587",,"Juglans","regia","L.","","","Juglans regia L.","USA","","2008----","false","","false","","20","410",,"1285","2021-11-30 20:54:46","1285","2024-10-28 15:29:16"
"6983407","a0698426-17e4-4ff5-b63e-c3b3f2d98854","ESP014","NC113683",,"Juglans","regia","L.","","","Juglans regia L.","ESP","","2014----","false","","false","","20","100",,"1285","2021-11-30 20:54:46","1285","2024-10-28 15:29:16"
"6983408","d7211b16-2374-4aab-9650-036621f97491","ESP014","NC113712",,"Juglans","regia","L.","","","Juglans regia L.","ESP","","2014----","false","","false","","20","100",,"1285","2021-11-30 20:54:46","1285","2024-10-28 15:29:16"
"6983409","6de6a1d1-f0d6-4942-81ac-f996bd1924cb","ESP014","NC113698",,"Juglans","regia","L.","","","Juglans regia L.","ESP","","2014----","false","","false","","20","100",,"1285","2021-11-30 20:54:46","1285","2024-10-28 15:29:16"
"6983410","57051f44-9baa-47c7-ab43-45f75055e531","ESP014","NC113722",,"Juglans","regia","L.","","","Juglans regia L.","ESP","","2014----","false","","false","","20","100",,"1285","2021-11-30 20:54:46","1285","2024-10-28 15:29:16"
"6983411","8c06be13-3bbb-42f1-8ac5-a4a220951f08","ESP014","NC113680",,"Juglans","regia","L.","","","Juglans regia L.","ESP","","2014----","false","","false","","20","100",,"1285","2021-11-30 20:54:46","1285","2024-10-28 15:29:16"
"6983412","2380ec2b-6cd3-4bb2-830b-470245dafed6","ESP014","NC113576",,"Juglans","regia","L.","","","Juglans regia L.","ESP","","2007----","false","","false","","20","100",,"1285","2021-11-30 20:54:46","1285","2024-10-28 15:29:16"
"6983413","b5d887c6-a7d8-4bb0-99c8-0bb48a5f6f3d","ESP014","NC113630",,"Juglans","regia","L.","","","Juglans regia L.","DEU","","2015----","false","","false","","20","410",,"1285","2021-11-30 20:54:46","1285","2024-10-28 15:29:16"
"6983414","e700c98b-1b4b-4c1c-b62a-f56e155e215e","ESP014","NC113677",,"Juglans","regia","L.","","","Juglans regia L.","ESP","","2014----","false","","false","","20","100",,"1285","2021-11-30 20:54:46","1285","2024-10-28 15:29:16"
"6983415","84eb9d05-5f39-4d30-9aff-37ab5bbf09fe","ESP014","NC113716",,"Juglans","regia","L.","","","Juglans regia L.","ESP","","2016----","false","","false","","20","100",,"1285","2021-11-30 20:54:46","1285","2024-10-28 15:29:16"
"6983416","0019f90b-baee-4d7f-a7d2-a8d24171df5d","ESP014","NC113629",,"Juglans","regia","L.","","","Juglans regia L.","FRA","","2015----","false","","false","","20","410",,"1285","2021-11-30 20:54:46","1285","2024-10-28 15:29:16"
"6983417","bbb5d05f-5655-4978-983d-e3072f8af195","ESP014","NC113639",,"Juglans","regia","L.","","","Juglans regia L.","ESP","","2014----","false","","false","","20","100",,"1285","2021-11-30 20:54:46","1285","2024-10-28 15:29:16"
"6983418","60f00c89-ea17-475c-9e47-a9e5790b7ee1","ESP014","NC113655",,"Juglans","regia","L.","","","Juglans regia L.","ESP","","2014----","false","","false","","20","100",,"1285","2021-11-30 20:54:46","1285","2024-10-28 15:29:16"
"6983419","4e6f0e0f-727e-41d5-ace0-cd355e08f449","ESP014","NC113700",,"Juglans","regia","L.","","","Juglans regia L.","ESP","","2014----","false","","false","","20","100",,"1285","2021-11-30 20:54:46","1285","2024-10-28 15:29:16"
"6983420","03de9c09-9559-4dbc-8769-1b494c539f83","ESP014","NC113666",,"Juglans","regia","L.","","","Juglans regia L.","ESP","","2014----","false","","false","","20","100",,"1285","2021-11-30 20:54:46","1285","2024-10-28 15:29:16"
"6983421","b216923e-d87f-427a-9ccb-e6e73f0ee40b","ESP014","NC113669",,"Juglans","regia","L.","","","Juglans regia L.","ESP","","2014----","false","","false","","20","100",,"1285","2021-11-30 20:54:46","1285","2024-10-28 15:29:16"
"6983422","984926fb-28ac-49fd-a775-35ba4efe8e5d","ESP014","NC113691",,"Juglans","regia","L.","","","Juglans regia L.","ESP","","2014----","false","","false","","20","100",,"1285","2021-11-30 20:54:47","1285","2024-10-28 15:29:16"
"6983458","305185a5-46e6-4e3c-8f19-90b276e5c309","ESP014","NC113598",,"Juglans","regia","L.","","","Juglans regia L.","ESP","","2007----","false","","false","","20","100",,"1285","2021-11-30 20:55:02","1285","2024-10-28 15:29:24"
"6983459","3e573f63-e127-4766-9984-4668584b54c8","ESP014","NC113660",,"Juglans","regia","L.","","","Juglans regia L.","ESP","","2014----","false","","false","","20","100",,"1285","2021-11-30 20:55:02","1285","2024-10-28 15:29:24"
"6983460","2e4ca99d-1ded-4f32-89fb-510ea5079a6c","ESP014","NC113703",,"Juglans","regia","L.","","","Juglans regia L.","ESP","","2014----","false","","false","","20","100",,"1285","2021-11-30 20:55:02","1285","2024-10-28 15:29:24"
"6983461","88541839-e897-472e-8371-e21890db8fb5","ESP014","NC113652",,"Juglans","regia","L.","","","Juglans regia L.","ESP","","2014----","false","","false","","20","100",,"1285","2021-11-30 20:55:02","1285","2024-10-28 15:29:24"
"6983462","e745c4a6-73af-4cf5-9308-1cb21f5c8988","ESP014","NC113599",,"Juglans","regia","L.","","","Juglans regia L.","ESP","","2007----","false","","false","","20","100",,"1285","2021-11-30 20:55:02","1285","2024-10-28 15:29:24"
"6983463","2aa987a9-0286-4148-87ea-bcf7fdb97960","ESP014","NC113608",,"Juglans","regia","L.","","","Juglans regia L.","ESP","","2007----","false","","false","","20","100",,"1285","2021-11-30 20:55:02","1285","2024-10-28 15:29:24"
"6983464","c8c0b6b7-2e1b-4012-8fdc-4fde7ce6e7a4","ESP014","NC113643",,"Juglans","regia","L.","","","Juglans regia L.","ESP","","2015----","false","","false","","20","100",,"1285","2021-11-30 20:55:02","1285","2024-10-28 15:29:24"
"6983465","fb47db33-5029-4944-985e-0a70211a87d0","ESP014","NC113673",,"Juglans","regia","L.","","","Juglans regia L.","ESP","","2014----","false","","false","","20","100",,"1285","2021-11-30 20:55:02","1285","2024-10-28 15:29:24"
"6983466","b9e523ca-5a80-4169-a3a8-23fae3c90de0","ESP014","NC113696",,"Juglans","regia","L.","","","Juglans regia L.","ESP","","2014----","false","","false","","20","100",,"1285","2021-11-30 20:55:02","1285","2024-10-28 15:29:24"
"6983484","2fa206cb-14b6-4e4b-ba94-685ab863f319","ESP014","NC113724",,"Juglans","regia","L.","","","Juglans regia L.","ESP","","2014----","false","","false","","20","100",,"1285","2021-11-30 20:55:16","1285","2024-10-28 15:29:24"
"6983485","994226b5-1d74-4594-8d97-0c439c31e4b4","ESP014","NC113667",,"Juglans","regia","L.","","","Juglans regia L.","ESP","","2014----","false","","false","","20","100",,"1285","2021-11-30 20:55:16","1285","2024-10-28 15:29:24"
"6983486","bf0193cb-808a-481b-a0b0-2daf9755da82","ESP014","NC113701",,"Juglans","regia","L.","","","Juglans regia L.","ESP","","2014----","false","","false","","20","100",,"1285","2021-11-30 20:55:16","1285","2024-10-28 15:29:24"
"6983487","3db6f643-26a4-446a-8496-dbe58ab80e76","ESP014","NC113596",,"Juglans","regia","L.","","","Juglans regia L.","ESP","",,"false","","false","","20","",,"1285","2021-11-30 20:55:16","1285","2024-10-28 15:29:24"
"6983488","ad4ebe49-9deb-48e3-90e7-30add5584759","ESP014","NC113718",,"Juglans","regia","L.","","","Juglans regia L.","ESP","","2014----","false","","false","","20","100",,"1285","2021-11-30 20:55:16","1285","2024-10-28 15:29:24"
"6983489","8526d54d-870f-439b-b470-5a7019825e64","ESP014","NC113597",,"Juglans","regia","L.","","","Juglans regia L.","ESP","","2007----","false","","false","","20","100",,"1285","2021-11-30 20:55:16","1285","2024-10-28 15:29:24"
"6983490","d92b9985-cfb2-4bd0-90a5-8dfe4474e4f4","ESP014","NC113604",,"Juglans","regia","L.","","","Juglans regia L.","ESP","","2007----","false","","false","","20","100",,"1285","2021-11-30 20:55:16","1285","2024-10-28 15:29:24"
"6983491","2e4d0b38-e4a8-4d2f-a65e-1e883e3d259c","ESP014","NC113645",,"Juglans","regia","L.","","","Juglans regia L.","ESP","","2014----","false","","false","","20","100",,"1285","2021-11-30 20:55:16","1285","2024-10-28 15:29:24"
"6983492","c9d14c57-ba36-4963-9d62-8c8e4f0d7140","ESP014","NC113637",,"Juglans","regia","L.","","","Juglans regia L.","ESP","","2014----","false","","false","","20","100",,"1285","2021-11-30 20:55:16","1285","2024-10-28 15:29:24"
"6983493","d8f8faee-f342-4be7-a8b6-f0a7fb8b225e","ESP014","NC113620",,"Juglans","regia","L.","","","Juglans regia L.","IRN","","2002----","false","","false","","20","100",,"1285","2021-11-30 20:55:16","1285","2024-10-28 15:29:24"
"6983494","64e5d6c5-f72e-4b1e-9f64-ae1382fe8c6b","ESP014","NC113681",,"Juglans","regia","L.","","","Juglans regia L.","ESP","","2014----","false","","false","","20","100",,"1285","2021-11-30 20:55:16","1285","2024-10-28 15:29:24"
"6983495","1f3797f6-5602-4ec8-9d2b-7a36b2adfa38","ESP014","NC113635",,"Juglans","regia","L.","","","Juglans regia L.","ESP","","2014----","false","","false","","20","100",,"1285","2021-11-30 20:55:16","1285","2024-10-28 15:29:24"
"6983496","7e4d476a-669d-4d55-af7f-adb4a0ac7214","ESP014","NC113661",,"Juglans","regia","L.","","","Juglans regia L.","ESP","","2014----","false","","false","","20","100",,"1285","2021-11-30 20:55:17","1285","2024-10-28 15:29:24"
"6983497","420594b0-fc1b-4a6d-99c1-3c9c4b12f6d9","ESP014","NC113653",,"Juglans","regia","L.","","","Juglans regia L.","ESP","","2015----","false","","false","","20","100",,"1285","2021-11-30 20:55:17","1285","2024-10-28 15:29:24"
"6983498","cc7aad04-2951-42f4-8ae6-8bb6d35222f5","ESP014","NC113697",,"Juglans","regia","L.","","","Juglans regia L.","ESP","","2014----","false","","false","","20","100",,"1285","2021-11-30 20:55:17","1285","2024-10-28 15:29:24"
"6983522","ce984464-5782-4b59-9959-c465abebb2d8","ESP014","NC113581",,"Juglans","regia","L.","","","Juglans regia L.","HUN","","2006----","false","","false","","20","410",,"1285","2021-11-30 20:55:27","1285","2024-10-28 15:29:24"
"6983523","9eb0be1a-9bc9-46a4-b461-d59997b2c656","ESP014","NC113658",,"Juglans","regia","L.","","","Juglans regia L.","ESP","","2014----","false","","false","","20","100",,"1285","2021-11-30 20:55:27","1285","2024-10-28 15:29:24"
"6983524","67fb589d-5041-4161-95d0-617405e14045","ESP014","NC113714",,"Juglans","regia","L.","","","Juglans regia L.","ESP","","2014----","false","","false","","20","100",,"1285","2021-11-30 20:55:27","1285","2024-10-28 15:29:24"
"6983525","48218799-ee0b-4d56-8e38-54929c7cfbc1","ESP014","NC113607",,"Juglans","regia","L.","","","Juglans regia L.","ESP","","2007----","false","","false","","20","100",,"1285","2021-11-30 20:55:27","1285","2024-10-28 15:29:24"
"6983526","ef2e51d6-9eae-4ae2-a14c-ba5495caa9f1","ESP014","NC113641",,"Juglans","regia","L.","","","Juglans regia L.","ESP","","2015----","false","","false","","20","100",,"1285","2021-11-30 20:55:27","1285","2024-10-28 15:29:24"
"6983527","9b777a67-0f28-4d81-95b7-d37438f591bd","ESP014","NC113686",,"Juglans","regia","L.","","","Juglans regia L.","ESP","","2014----","false","","false","","20","100",,"1285","2021-11-30 20:55:27","1285","2024-10-28 15:29:24"
"6983528","a4b48bc1-ae52-4e87-a343-dc445d43db11","ESP014","NC113575",,"Juglans","regia","L.","","","Juglans regia L.","ESP","","2007----","false","","false","","20","100",,"1285","2021-11-30 20:55:27","1285","2024-10-28 15:29:24"
"6983529","08d62943-a1a3-40b7-bafb-9b6939affbb6","ESP014","NC113708",,"Juglans","regia","L.","","","Juglans regia L.","ESP","","2014----","false","","false","","20","100",,"1285","2021-11-30 20:55:27","1285","2024-10-28 15:29:24"
"6983530","7c23e7aa-d67d-4e2e-b6fb-00d04d44a961","ESP014","NC113636",,"Juglans","regia","L.","","","Juglans regia L.","ESP","","2014----","false","","false","","20","100",,"1285","2021-11-30 20:55:27","1285","2024-10-28 15:29:24"
"6983531","3fd37fd3-d879-4548-8a5e-6b07b1698133","ESP014","NC113646",,"Juglans","regia","L.","","","Juglans regia L.","ESP","","2014----","false","","false","","20","100",,"1285","2021-11-30 20:55:27","1285","2024-10-28 15:29:24"
"6983532","bf5e06f0-2d8f-4a6a-b75c-127c1476fa8b","ESP014","NC113662",,"Juglans","regia","L.","","","Juglans regia L.","ESP","","2014----","false","","false","","20","100",,"1285","2021-11-30 20:55:27","1285","2024-10-28 15:29:24"
"6986914","9d9a6c47-1cb2-4205-aeb3-3b7f3973272c","ESP014","NC113684",,"Juglans","regia","L.","","","Juglans regia L.","ESP","","2015----","false","","false","","20","100",,"1285","2021-11-30 21:41:51","1285","2023-11-18 08:02:02"
"6987341","8cc51895-7656-45e2-83b7-89c687211511","ESP014","NC113612",,"Juglans","regia","L.","","","Juglans regia L.","ESP","","2013----","false","","false","","20","100",,"1285","2021-11-30 21:47:10","1285","2023-11-18 08:02:02"
"6987474","69a06217-2b0f-4332-ac54-e816d0551094","ESP014","NC113592",,"Juglans","regia","L.","","","Juglans regia L.","ESP","","2011----","false","","false","","20","410",,"1285","2021-11-30 21:48:54","1285","2023-11-18 08:02:02"
"6987578","c6036110-aab7-4259-981d-1919c1ae2fda","ESP014","NC113671",,"Juglans","regia","L.","","","Juglans regia L.","ESP","","2014----","false","","false","","20","100",,"1285","2021-11-30 21:50:33","1285","2023-11-18 08:01:49"
"6987754","0b1efe15-7af4-47f1-b348-4cc485942bda","ESP014","NC113694",,"Juglans","regia","L.","","","Juglans regia L.","ESP","","2014----","false","","false","","20","100",,"1285","2021-11-30 21:53:05","1285","2023-11-18 08:45:24"
"6987755","c1756c62-b1e0-4fa7-9ddc-87ffed700031","ESP014","NC113590",,"Juglans","regia","L.","","","Juglans regia L.","ESP","","2010----","false","","false","","20","410",,"1285","2021-11-30 21:53:05","1285","2023-11-18 08:01:49"
"6987756","6d4228ab-f7c5-461a-ad3e-42129182e149","ESP014","NC113689",,"Juglans","regia","L.","","","Juglans regia L.","ESP","","2014----","false","","false","","20","100",,"1285","2021-11-30 21:53:05","1285","2023-11-18 08:01:49"
"6987877","fecc283c-1c41-4774-8031-ad4983f9237d","ESP014","NC113670",,"Juglans","regia","L.","","","Juglans regia L.","ESP","","2014----","false","","false","","20","100",,"1285","2021-11-30 21:54:28","1285","2023-11-18 08:45:24"
"6988049","57fd82f3-e9fd-4141-8b46-fbcfd33be3cb","ESP014","NC113595",,"Juglans","regia","L.","","","Juglans regia L.","ESP","",,"false","","false","","20","",,"1285","2021-11-30 21:56:38","1285","2023-11-18 08:02:02"
"6988206","59e92fb3-8d94-406a-a750-8856bba6daf1","ESP014","NC113706",,"Juglans","regia","L.","","","Juglans regia L.","ESP","","2014----","false","","false","","20","100",,"1285","2021-11-30 21:58:36","1285","2023-11-18 08:01:49"
"6988208","83dd24d5-a870-491c-b4d9-861df10942ba","ESP014","NC113693",,"Juglans","regia","L.","","","Juglans regia L.","ESP","","2014----","false","","false","","20","100",,"1285","2021-11-30 21:58:36","1285","2023-11-18 08:01:49"
"6988675","41fa7986-c710-49c1-add0-a78c04275fb2","ESP014","NC113723",,"Juglans","regia","L.","","","Juglans regia L.","ESP","","2014----","false","","false","","20","100",,"1285","2021-11-30 22:05:13","1285","2023-11-18 08:45:24"
"6988676","652cd5d6-abce-49da-9e54-758b0f123607","ESP014","NC113606",,"Juglans","regia","L.","","","Juglans regia L.","ESP","","2007----","false","","false","","20","100",,"1285","2021-11-30 22:05:13","1285","2023-11-18 08:01:49"
"6990579","1db44614-1cd8-47a5-a569-1660bbe1b5d9","ESP014","NC113618",,"Juglans","regia","L.","","","Juglans regia L.","ESP","",,"false","","false","","20","100",,"1285","2021-11-30 22:28:46","1285","2023-11-18 08:02:02"
"6990580","ee43167b-3a14-430b-96cd-c4e0d6fa3c42","ESP014","NC113602",,"Juglans","regia","L.","","","Juglans regia L.","ESP","",,"false","","false","","20","100",,"1285","2021-11-30 22:28:46","1285","2023-11-18 08:02:02"
"6991994","6d49f716-e0b1-4fda-aa7b-dd527b0f4391","ESP014","NC113657",,"Juglans","regia","L.","","","Juglans regia L.","ESP","","2014----","false","","false","","20","100",,"1285","2021-11-30 22:49:57","1285","2023-11-18 08:45:24"
"6992149","685a2a41-728c-42c4-9837-5921f057ceca","ESP014","NC113715",,"Juglans","regia","L.","","","Juglans regia L.","ESP","","2016----","false","","false","","20","100",,"1285","2021-11-30 22:52:13","1285","2023-11-18 08:01:49"
"6992150","e3df7320-e645-45c9-b8e2-b20ae12203c0","ESP014","NC113638",,"Juglans","regia","L.","","","Juglans regia L.","ESP","","2014----","false","","false","","20","100",,"1285","2021-11-30 22:52:13","1285","2023-11-18 08:01:49"
"6992252","5cc003e0-ad42-44cc-a953-45235f44881a","ESP014","NC113676",,"Juglans","regia","L.","","","Juglans regia L.","ESP","","2014----","false","","false","","20","100",,"1285","2021-11-30 22:53:33","1285","2023-11-18 08:45:24"
"6992253","92075296-204e-4f34-a3eb-52db490f3a2f","ESP014","NC113656",,"Juglans","regia","L.","","","Juglans regia L.","ESP","","2014----","false","","false","","20","100",,"1285","2021-11-30 22:53:33","1285","2023-11-18 08:01:49"
"6992421","aa1cd376-726f-4622-8ca8-7d15bd026de6","ESP014","NC113713",,"Juglans","regia","L.","","","Juglans regia L.","ESP","","2014----","false","","false","","20","100",,"1285","2021-11-30 22:55:23","1285","2023-11-18 08:45:24"
"6992440","7358dd02-5ec2-4bbf-9434-94b997d56431","ESP014","NC113709",,"Juglans","regia","L.","","","Juglans regia L.","ESP","","2014----","false","","false","","20","100",,"1285","2021-11-30 22:55:53","1285","2023-11-18 08:01:49"
"6992555","83ba5004-28e2-4ed1-8a54-48a26fa6bc76","ESP014","NC113600",,"Juglans","regia","L.","","","Juglans regia L.","ESP","",,"false","","false","","20","100",,"1285","2021-11-30 22:57:10","1285","2023-11-18 08:45:24"
"6992556","4f8a0be7-6666-41fa-860d-57e3d7e1e651","ESP014","NC113631",,"Juglans","regia","L.","","","Juglans regia L.","ESP","","2014----","false","","false","","20","100",,"1285","2021-11-30 22:57:10","1285","2023-11-18 08:01:49"
"6995245","eb5fc02b-4a05-47e6-b088-0324ce371db5","ESP014","NC113580",,"Juglans","regia","L.","","","Juglans regia L.","ESP","","2007----","false","","false","","20","100",,"1285","2021-11-30 23:33:38","1285","2023-11-18 08:02:02"
"6995799","632c4aba-fdf0-476d-8d66-1a934001ec98","ESP014","NC113626",,"Juglans","regia","L.","","","Juglans regia L.","SVN","","2016----","false","","false","","20","410",,"1285","2021-11-30 23:40:21","1285","2023-11-18 08:02:02"
"6995982","5a3ab001-2287-4d98-80d9-edd995aa4d88","ESP014","NC113720",,"Juglans","regia","L.","","","Juglans regia L.","ESP","","2014----","false","","false","","20","100",,"1285","2021-11-30 23:42:45","1285","2023-11-18 08:01:49"
"6996287","f0abecd5-26a5-4d9b-8f54-c2364b0eeba2","ESP014","NC113589",,"Juglans","regia","L.","","","Juglans regia L.","ESP","","2010----","false","","false","","20","410",,"1285","2021-11-30 23:46:21","1285","2023-11-18 08:45:36"
"6996288","3743eaa4-31e2-484f-b43a-def9b0234f4b","ESP014","NC113610",,"Juglans","regia","L.","","","Juglans regia L.","ESP","","2007----","false","","false","","20","100",,"1285","2021-11-30 23:46:21","1285","2023-11-18 08:02:02"
"6996289","63bf8d1a-c77f-4346-9e77-346ac4310ab2","ESP014","NC113642",,"Juglans","regia","L.","","","Juglans regia L.","ESP","","2015----","false","","false","","20","100",,"1285","2021-11-30 23:46:21","1285","2023-11-18 08:01:49"
"6996290","8fa2f416-92cd-47a1-8478-46436dcab359","ESP014","NC113583",,"Juglans","regia","L.","","","Juglans regia L.","FRA","","2006----","false","","false","","20","410",,"1285","2021-11-30 23:46:21","1285","2023-11-18 08:02:02"
"6996541","a8824bcb-af19-41c8-a268-4626cc385165","ESP014","NC113577",,"Juglans","regia","L.","","","Juglans regia L.","ESP","","2002----","false","","false","","20","100",,"1285","2021-11-30 23:49:50","1285","2023-11-18 08:45:24"
"6996542","aeddd0fc-561b-47c4-be6d-bbbbeac82992","ESP014","NC113622",,"Juglans","regia","L.","","","Juglans regia L.","ESP","","2016----","false","","false","","20","410",,"1285","2021-11-30 23:49:50","1285","2023-11-18 08:01:49"
"6996543","b6e85887-be5e-4e43-97d1-435bd48a1154","ESP014","NC113578",,"Juglans","regia","L.","","","Juglans regia L.","ESP","","2007----","false","","false","","20","100",,"1285","2021-11-30 23:49:50","1285","2023-11-18 08:45:24"
"6996544","c43db39d-b899-4917-ab55-89de43fd8f28","ESP014","NC113623",,"Juglans","regia","L.","","","Juglans regia L.","ESP","","2016----","false","","false","","20","410",,"1285","2021-11-30 23:49:50","1285","2023-11-18 08:01:49"
"6996700","23262b8f-92e3-4fff-bf8b-ac29487a04c3","ESP014","NC113675",,"Juglans","regia","L.","","","Juglans regia L.","ESP","","2014----","false","","false","","20","100",,"1285","2021-11-30 23:51:29","1285","2023-11-18 08:02:02"
"6996701","3d14829b-17d0-4502-abbe-36f09ee2d046","ESP014","NC113695",,"Juglans","regia","L.","","","Juglans regia L.","ESP","","2014----","false","","false","","20","100",,"1285","2021-11-30 23:51:29","1285","2023-11-18 08:45:24"
"6996838","4406900d-4673-41a4-881c-5f6d22a4ab25","ESP014","NC113634",,"Juglans","regia","L.","","","Juglans regia L.","ESP","","2015----","false","","false","","20","100",,"1285","2021-11-30 23:53:22","1285","2023-11-18 08:45:24"
"6996839","c3a295eb-4bc3-404e-bf9e-04ef5809057d","ESP014","NC113672",,"Juglans","regia","L.","","","Juglans regia L.","ESP","","2014----","false","","false","","20","100",,"1285","2021-11-30 23:53:22","1285","2023-11-18 08:01:49"
"6996840","3d23bf2b-48cb-43cd-9cc7-604978b674bd","ESP014","NC113616",,"Juglans","regia","L.","","","Juglans regia L.","ESP","",,"false","","false","","20","100",,"1285","2021-11-30 23:53:23","1285","2023-11-18 08:01:49"
"6996841","f0c38447-9db7-4e1b-87bd-1d4ff30aeb00","ESP014","NC113679",,"Juglans","regia","L.","","","Juglans regia L.","ESP","","2014----","false","","false","","20","100",,"1285","2021-11-30 23:53:23","1285","2023-11-18 08:01:49"
"6997030","ae26c9fc-0874-4a77-af79-628e5c7f643b","ESP014","NC113615",,"Juglans","regia","L.","","","Juglans regia L.","ITA","","1997----","false","","false","","20","300",,"1285","2021-11-30 23:55:29","1285","2023-11-18 08:01:49"
"6997031","db91d110-b460-4fb9-ba47-d6c4ef99a87b","ESP014","NC113674",,"Juglans","regia","L.","","","Juglans regia L.","ESP","","2014----","false","","false","","20","100",,"1285","2021-11-30 23:55:29","1285","2023-11-18 08:01:49"
"6997032","5a571300-20bc-4140-b955-656682dbaed2","ESP014","NC113591",,"Juglans","regia","L.","","","Juglans regia L.","ESP","","2011----","false","","false","","20","410",,"1285","2021-11-30 23:55:29","1285","2023-11-18 08:01:49"
"6997356","270dc68b-f7b7-48bf-b963-91746d235253","ESP014","NC113668",,"Juglans","regia","L.","","","Juglans regia L.","ESP","","2014----","false","","false","","20","100",,"1285","2021-11-30 23:59:39","1285","2023-11-18 08:45:24"
"7067024","542c7717-ef8f-47fd-8f61-bab91465b879","UKR034","UN7500249",,"Juglans","regia","L.","","","Juglans regia L.","UKR","",,"","","false","","20","412",,"1285","2022-07-18 20:54:15","1285","2024-10-28 15:04:39"
"7067025","2dc443d2-cbff-4c3d-b931-9a0575eca5b6","UKR034","UN7500250",,"Juglans","regia","L.","","","Juglans regia L.","UKR","",,"","","false","","20","412",,"1285","2022-07-18 20:54:15","1285","2024-10-28 15:04:39"
"7067185","53f0524f-fa9b-4b65-a44e-878873c73819","UKR046","UN7500114",,"Juglans","regia","L.","","","Juglans regia L.","UKR","",,"","","false","","20","",,"1285","2022-07-18 20:54:25","1285","2023-11-18 08:24:55"
"7067213","0e144f5d-d29f-4bae-aedf-cef3367fe58c","UKR036","UN7500245",,"Juglans","regia","L.","","","Juglans regia L.","UKR","","2010----","","","false","","20","500",,"1285","2022-07-18 20:54:26","1285","2024-10-28 15:04:39"
"7067215","732d996c-b35a-4f56-8965-ecc922cd54a7","UKR036","UN7500246",,"Juglans","regia","L.","","","Juglans regia L.","UKR","","2004----","","","false","","20","500",,"1285","2022-07-18 20:54:26","1285","2023-11-18 08:24:54"
"7067261","f1c43e8b-6c3e-4132-a1a8-07bc107e1c3e","UKR027","UN7500255",,"Juglans","regia","L.","","","Juglans regia L.","UKR","","201604--","","","false","","20","300",,"1285","2022-07-18 20:54:28","1285","2024-10-28 15:04:45"
"7067273","09bc4e62-ffd5-4e93-b9d0-3744b3e00be9","UKR027","UN7500253",,"Juglans","regia","L.","","","Juglans regia L.","UKR","","201604--","","","false","","20","300",,"1285","2022-07-18 20:54:28","1285","2024-10-28 15:04:45"
"7067317","9438f336-a400-42c6-880b-436db806be56","UKR034","UN7500247",,"Juglans","regia","L.","","","Juglans regia L.","UKR","",,"","","false","","20","412",,"1285","2022-07-18 20:54:36","1285","2024-10-28 15:04:52"
"7067319","156cc60b-ea91-41b6-a4df-93ae12f420ff","UKR034","UN7500251",,"Juglans","regia","L.","","","Juglans regia L.","UKR","",,"","","false","","20","412",,"1285","2022-07-18 20:54:36","1285","2024-10-28 15:04:52"
"7067323","3a40e5a3-d655-4926-b5b2-c5a58beee998","UKR034","UN7500252",,"Juglans","regia","L.","","","Juglans regia L.","UKR","",,"","","false","","20","412",,"1285","2022-07-18 20:54:36","1285","2024-10-28 15:04:52"
"7068255","70f03a4b-a9b3-46ea-af23-c0e43f01924e","ROM009","0222",,"Juglans","regia","L.","","","Juglans regia L.","MDA","","2019----","false","","false","","20","500",,"1285","2022-07-18 21:02:34","1285","2023-11-18 07:49:12"
"7068256","06dc64ee-8140-45b6-a905-84bea6ffa1c9","ROM009","0224",,"Juglans","regia","L.","","","Juglans regia L.","ROU","","2019----","false","","false","","20","500",,"1285","2022-07-18 21:02:34","1285","2023-11-18 07:49:12"
"7068257","aeab6ee6-35fa-434e-b0be-4a1ac9f3a42d","ROM009","0225",,"Juglans","regia","L.","","","Juglans regia L.","ROU","","2019----","false","","false","","20","500",,"1285","2022-07-18 21:02:34","1285","2023-11-18 07:49:12"
"7068258","c8f98f6a-a8d0-427a-9a9a-952a2567cf9c","ROM009","0228",,"Juglans","regia","L.","","","Juglans regia L.","ROU","","2019----","false","","false","","20","500",,"1285","2022-07-18 21:02:34","1285","2023-11-18 07:49:12"
"7068302","95bcd83d-8d87-44d4-80e6-275dd229af1b","ROM009","0208",,"Juglans","regia","L.","","","Juglans regia L.","ROU","","2019----","false","","false","","20","500",,"1285","2022-07-18 21:02:39","1285","2023-11-18 10:55:40"
"7068303","725824de-ca6c-412d-9a29-356cbb1063be","ROM009","0209",,"Juglans","regia","L.","","","Juglans regia L.","ROU","","2019----","false","","false","","20","500",,"1285","2022-07-18 21:02:39","1285","2023-11-18 10:55:40"
"7068304","0d94fdf2-a5a0-4298-b9d5-d191e1889e4e","ROM009","0210",,"Juglans","regia","L.","","","Juglans regia L.","ROU","","2019----","false","","false","","20","500",,"1285","2022-07-18 21:02:39","1285","2023-11-18 10:55:40"
"7068305","36706265-fb73-4e52-9be4-eec627fddf87","ROM009","0211",,"Juglans","regia","L.","","","Juglans regia L.","ROU","","2019----","false","","false","","20","500",,"1285","2022-07-18 21:02:39","1285","2023-11-18 10:55:40"
"7068306","9136b36f-6d05-46d0-a1e2-e116acd3e4ea","ROM009","0212",,"Juglans","regia","L.","","","Juglans regia L.","ROU","","2019----","false","","false","","20","500",,"1285","2022-07-18 21:02:39","1285","2023-11-18 10:55:49"
"7068307","5931f233-e0ca-4c37-bf5b-de9c01aad7a4","ROM009","0213",,"Juglans","regia","L.","","","Juglans regia L.","MDA","","2019----","false","","false","","20","500",,"1285","2022-07-18 21:02:39","1285","2023-11-18 10:55:49"
"7068308","d727a15c-3601-47eb-bcb6-c300e844d800","ROM009","0215",,"Juglans","regia","L.","","","Juglans regia L.","ROU","","2019----","false","","false","","20","500",,"1285","2022-07-18 21:02:39","1285","2023-11-18 10:55:49"
"7068309","200e4c1e-4d61-47f5-96fe-1b313d98600a","ROM009","0216",,"Juglans","regia","L.","","","Juglans regia L.","MDA","","2019----","false","","false","","20","500",,"1285","2022-07-18 21:02:39","1285","2023-11-18 10:55:49"
"7068310","aae524db-7c54-401b-b220-5989dc593d16","ROM009","0217",,"Juglans","regia","L.","","","Juglans regia L.","MDA","","2019----","false","","false","","20","500",,"1285","2022-07-18 21:02:39","1285","2023-11-18 10:55:49"
"7068311","fdf08984-b099-4114-a110-12640ff0be0e","ROM009","0218",,"Juglans","regia","L.","","","Juglans regia L.","MDA","","2019----","false","","false","","20","500",,"1285","2022-07-18 21:02:39","1285","2023-11-18 10:55:49"
"7068312","1a7d31c2-1d29-4154-8a4f-390735942868","ROM009","0219",,"Juglans","regia","L.","","","Juglans regia L.","MDA","","2019----","false","","false","","20","500",,"1285","2022-07-18 21:02:39","1285","2023-11-18 10:55:49"
"7068313","fcd7a67b-ad68-46c7-8406-4bf9a234e890","ROM009","0220",,"Juglans","regia","L.","","","Juglans regia L.","MDA","","2019----","false","","false","","20","500",,"1285","2022-07-18 21:02:39","1285","2023-11-18 10:55:49"
"7068314","b5454bd4-5cce-4600-aece-ae9663231939","ROM009","0202",,"Juglans","regia","L.","","","Juglans regia L.","ROU","","2019----","false","","false","","20","500",,"1285","2022-07-18 21:02:39","1285","2023-11-18 10:55:49"
"7068315","c364d20f-44c1-480c-9576-2874809281a5","ROM009","0203",,"Juglans","regia","L.","","","Juglans regia L.","ROU","","2019----","false","","false","","20","500",,"1285","2022-07-18 21:02:39","1285","2023-11-18 10:55:49"
"7068316","ef02554e-9393-43a5-aca7-357ec804ff32","ROM009","0205",,"Juglans","regia","L.","","","Juglans regia L.","ROU","","2019----","false","","false","","20","500",,"1285","2022-07-18 21:02:39","1285","2023-11-18 10:55:49"
"7068317","ea6ad05a-9e8a-4781-8316-67e27cb1a3c9","ROM009","0206",,"Juglans","regia","L.","","","Juglans regia L.","ROU","","2019----","false","","false","","20","500",,"1285","2022-07-18 21:02:39","1285","2023-11-18 10:55:49"
"7068318","810b90f3-5e75-4e2b-b710-a5c126c892f1","ROM009","0207",,"Juglans","regia","L.","","","Juglans regia L.","ROU","","2019----","false","","false","","20","500",,"1285","2022-07-18 21:02:39","1285","2023-11-18 10:55:49"
"7071239","5c2282e3-54a3-413b-9e31-f33c67bef4d9","DEU451","JUG0001",,"Juglans","regia","L.","subsp. regia","","Juglans regia L. subsp. regia","DEU","","19990129","","","false","","20","",,"1285","2022-07-18 21:52:11","1285","2024-10-28 14:50:52"
"7071242","c40e0133-41a8-43d4-b3e3-1cd492e185ae","DEU451","JUG0002",,"Juglans","regia","L.","subsp. regia","","Juglans regia L. subsp. regia","DEU","","19950209","","","false","","20","",,"1285","2022-07-18 21:52:11","1285","2023-11-18 09:20:57"
"7071388","d792d512-10b5-47cd-9c1e-59c754e2e1f7","DEU610","DEU610.WO.0078",,"Juglans","regia","L.","subsp. regia","","Juglans regia L. subsp. regia","DEU","","20160319","","","false","","20","",,"1285","2022-07-18 21:52:14","1285","2024-10-28 14:50:42"
"7071391","3fdf9a4b-e84b-4c67-98ba-62b5f3719310","DEU610","DEU610.WO.0079",,"Juglans","regia","L.","subsp. regia","","Juglans regia L. subsp. regia","DEU","","20151029","","","false","","20","",,"1285","2022-07-18 21:52:15","1285","2024-10-28 14:50:42"
"7071393","9e035086-9068-4b7e-83f0-83494b1ab868","DEU610","DEU610.WO.0080",,"Juglans","regia","L.","subsp. regia","","Juglans regia L. subsp. regia","DEU","","20151029","","","false","","20","",,"1285","2022-07-18 21:52:15","1285","2023-11-18 09:21:00"
"7071547","1c93daae-fbd4-4c86-a991-512db842d7ee","DEU610","DEU610.WO.0082",,"Juglans","regia","L.","subsp. regia","","Juglans regia L. subsp. regia","DEU","","20151029","","","false","","20","",,"1285","2022-07-18 21:52:23","1285","2024-10-28 14:50:42"
"7071549","03afb564-45d4-40da-aabd-5af42877e060","DEU610","DEU610.WO.0083",,"Juglans","regia","L.","subsp. regia","","Juglans regia L. subsp. regia","DEU","",,"","","false","","20","",,"1285","2022-07-18 21:52:23","1285","2024-10-28 14:50:42"
"7071551","adcd472c-bb39-4ef7-8865-a6e1650866d5","DEU610","DEU610.WO.0084",,"Juglans","regia","L.","subsp. regia","","Juglans regia L. subsp. regia","AUT","","20151029","","","false","","20","",,"1285","2022-07-18 21:52:23","1285","2024-10-28 14:50:42"
"7071561","fe85cf82-fda7-47f3-b689-750a5bc8dc14","DEU610","DEU610.WO.0086",,"Juglans","regia","L.","subsp. regia","","Juglans regia L. subsp. regia","DEU","","20151029","","","false","","20","",,"1285","2022-07-18 21:52:23","1285","2024-10-28 14:50:42"
"7071562","d660d4d0-922c-45c3-af17-57852828d052","DEU610","DEU610.WO.0087",,"Juglans","regia","L.","subsp. regia","","Juglans regia L. subsp. regia","DEU","","20160706","","","false","","20","",,"1285","2022-07-18 21:52:23","1285","2024-10-28 14:50:42"
"7071563","ca7f486a-869e-4165-af49-784b021e4299","DEU610","DEU610.WO.0088",,"Juglans","regia","L.","subsp. regia","","Juglans regia L. subsp. regia","DEU","","20151029","","","false","","20","",,"1285","2022-07-18 21:52:23","1285","2023-11-18 09:21:00"
"7071564","4c434366-a6fc-4932-b341-ba6e8f503b8d","DEU610","DEU610.WO.0135",,"Juglans","regia","L.","subsp. regia","","Juglans regia L. subsp. regia","AUT","","20171204","","","false","","20","",,"1285","2022-07-18 21:52:23","1285","2023-04-18 05:18:32"
"7071567","2368977d-ab2a-418a-86de-5868926cb7d5","DEU610","DEU610.WO.0160",,"Juglans","regia","L.","subsp. regia","","Juglans regia L. subsp. regia","DEU","","20210308","","","false","","20","",,"1285","2022-07-18 21:52:23","1285","2024-10-28 14:50:42"
"7071935","cd106289-fe42-4e18-8d47-6b6ff0560ec1","DEU681","GuldNu003",,"Juglans","regia","L.","subsp. regia","","Juglans regia L. subsp. regia","HUN","","20200000","","","false","","20","",,"1285","2022-07-18 21:52:27","1285","2024-10-28 14:50:51"
"7071937","707144b9-a898-4b47-8e99-febf826377ac","DEU681","GuldNu004",,"Juglans","regia","L.","subsp. regia","","Juglans regia L. subsp. regia","DEU","","20150000","","","false","","20","",,"1285","2022-07-18 21:52:27","1285","2024-10-28 14:50:51"
"7071939","7da0af99-1198-4bf5-bd95-fa1333901d6a","DEU681","GuldNu005",,"Juglans","regia","L.","subsp. regia","","Juglans regia L. subsp. regia","DEU","","20130000","","","false","","20","",,"1285","2022-07-18 21:52:27","1285","2024-10-28 14:50:51"
"7071940","e359b3ed-5f82-48be-bd07-e8b517233e90","DEU681","GuldNu006",,"Juglans","regia","L.","subsp. regia","","Juglans regia L. subsp. regia","DEU","","20180000","","","false","","20","",,"1285","2022-07-18 21:52:27","1285","2024-10-28 14:50:51"
"7071967","b435d916-c60c-429f-81d5-15dfd4bb77b0","DEU658","DE658_W002",,"Juglans","regia","L.","subsp. regia","","Juglans regia L. subsp. regia","DEU","","20201000","","","false","","20","",,"1285","2022-07-18 21:52:28","1285","2024-10-28 14:50:55"
"7071971","e7acd88c-45b6-4131-bede-47f327480a38","DEU658","DE658_W004",,"Juglans","regia","L.","subsp. regia","","Juglans regia L. subsp. regia","DEU","","20071000","","","false","","20","",,"1285","2022-07-18 21:52:28","1285","2023-11-18 09:21:14"
"7072360","3afbef29-6dc0-4f85-b1d5-d68a383fa2c7","DEU681","GuldNu001",,"Juglans","regia","L.","subsp. regia","","Juglans regia L. subsp. regia","DEU","","20150000","","","false","","20","",,"1285","2022-07-18 21:52:38","1285","2024-10-28 14:50:58"
"7072361","98e1fdf5-0a0a-42bf-8753-35d352adfc65","DEU681","GuldNu002",,"Juglans","regia","L.","subsp. regia","","Juglans regia L. subsp. regia","CZE","","20160000","","","false","","20","",,"1285","2022-07-18 21:52:38","1285","2024-10-28 14:50:58"
"7084551","ff1fa01d-319c-4b9e-a68f-f6a2d1135822","ROM009","0223",,"Juglans","regia","L.","","","Juglans regia L.","USA","","2019----","false","","false","","20","500",,"1285","2022-07-19 08:28:59","1285","2023-11-18 07:49:12"
"7084558","7fa5347d-1ff8-4d28-803e-fd84ce9ad69d","ROM009","0214",,"Juglans","regia","L.","","","Juglans regia L.","MDA","","2019----","false","","false","","20","500",,"1285","2022-07-19 08:29:00","1285","2023-11-18 10:55:49"
"7084559","3fbe2d51-415b-476b-ac4e-bf95f8181756","ROM009","0221",,"Juglans","regia","L.","","","Juglans regia L.","USA","","2019----","false","","false","","20","500",,"1285","2022-07-19 08:29:00","1285","2023-11-18 10:55:49"
"7084980","8e5a40a9-e796-4649-8704-02f4d60c6b5f","DEU610","DEU610.WO.0091",,"Juglans","regia","L.","subsp. regia","","Juglans regia L. subsp. regia","DEU","","20171018","","","false","","20","",,"1285","2022-07-19 08:35:22","1285","2023-11-18 09:21:00"
"7085104","1e3ba0b3-0824-42b1-a697-c3ffbfcdbe2e","DEU658","DE658_W001",,"Juglans","regia","L.","subsp. regia","","Juglans regia L. subsp. regia","CZE","","20071000","","","false","","20","",,"1285","2022-07-19 08:35:24","1285","2023-11-18 09:21:14"
"7085105","868d09bd-a9ed-47e3-ac8c-1af7c458ab7f","DEU658","DE658_W003",,"Juglans","regia","L.","subsp. regia","","Juglans regia L. subsp. regia","DEU","","20201000","","","false","","20","",,"1285","2022-07-19 08:35:24","1285","2023-11-18 09:21:14"
"7085725","040477d7-464c-41d6-b8e0-817de37fa4aa","UKR027","UN7500254",,"Juglans","regia","L.","","","Juglans regia L.","UKR","","201604--","","","false","","20","300",,"1285","2022-07-19 08:40:12","1285","2023-11-18 08:24:57"
"7088567","71503925-ef57-4f5b-a506-2b5e134ad586","ROM009","0226",,"Juglans","regia","L.","","","Juglans regia L.","MDA","","2019----","false","","false","","20","500",,"1285","2022-07-19 09:10:23","1285","2023-11-18 07:49:12"
"7088568","1851bafe-5037-4e39-ae08-62e64c50551a","ROM009","0227",,"Juglans","regia","L.","","","Juglans regia L.","USA","","2019----","false","","false","","20","500",,"1285","2022-07-19 09:10:23","1285","2023-11-18 07:49:12"
"7088582","4574f7f6-4422-42d1-bf07-f9400419b379","ROM009","0204",,"Juglans","regia","L.","","","Juglans regia L.","ROU","","2019----","false","","false","","20","500",,"1285","2022-07-19 09:10:24","1285","2023-11-18 10:55:49"
"7088992","659a10ee-6896-4de2-bd2d-c19e555c4828","DEU610","DEU610.WO.0081",,"Juglans","regia","L.","subsp. regia","","Juglans regia L. subsp. regia","DEU","","20151029","","","false","","20","",,"1285","2022-07-19 09:15:10","1285","2023-11-18 09:21:00"
"7088993","faff8c8a-ed96-4ac8-80d5-f0d67af80b22","DEU610","DEU610.WO.0085",,"Juglans","regia","L.","subsp. regia","","Juglans regia L. subsp. regia","DEU","","19050503","","","false","","20","",,"1285","2022-07-19 09:15:10","1285","2023-11-18 09:21:00"
"7088994","06f0917b-d43f-4298-88e7-7b08c048795b","DEU610","DEU610.WO.0148",,"Juglans","regia","L.","subsp. regia","","Juglans regia L. subsp. regia","DEU","","20181213","","","false","","20","",,"1285","2022-07-19 09:15:10","1285","2023-04-18 05:18:32"
"7089682","214eb83e-1c8f-4d94-98df-13d1fad0ba58","UKR034","UN7500248",,"Juglans","regia","L.","","","Juglans regia L.","UKR","",,"","","false","","20","412",,"1285","2022-07-19 09:20:25","1285","2023-11-18 08:25:11"
"7191684","1b926269-d4ad-4626-8113-aa06618274e9","CZE031","10F5100017",,"Juglans","regia","L.","","","Juglans regia L.","CZE","","1995----","true","","false","","20","300",,"1285","2023-04-18 05:53:36","1285","2023-11-18 10:25:59"
"7191685","0ee98a22-ce53-4ca0-b800-21e72d521cde","CZE031","10F5100019",,"Juglans","regia","L.","","","Juglans regia L.",,"",,"true","","false","","20","",,"1285","2023-04-18 05:53:36","1285","2023-11-18 10:25:59"
"7191686","77bec4de-3c31-4f28-b1ab-c58c58422c50","CZE031","10F5100026",,"Juglans","regia","L.","","","Juglans regia L.",,"","1998----","true","","false","","20","",,"1285","2023-04-18 05:53:36","1285","2023-11-18 10:25:59"
"7191687","5e2d9cc2-91aa-4e76-9355-e0f75f2dc386","CZE031","10F5100030",,"Juglans","regia","L.","","","Juglans regia L.","DEU","","1995----","true","","false","","20","300",,"1285","2023-04-18 05:53:36","1285","2023-11-18 10:25:59"
"7191688","e6d5803c-f0d7-4b55-96ae-8eee98815224","CZE031","10F5100033",,"Juglans","regia","L.","","","Juglans regia L.","CZE","","1998----","true","","false","","20","300",,"1285","2023-04-18 05:53:36","1285","2023-11-18 10:25:59"
"7191689","78235fb1-e10d-4b33-ae27-93d41e811b3f","CZE031","10F5100034",,"Juglans","regia","L.","","","Juglans regia L.","DEU","","1998----","true","","false","","20","300",,"1285","2023-04-18 05:53:36","1285","2023-11-18 10:25:59"
"7191805","072ae6e8-d686-45b1-8f78-36ffe12ba2b7","ITA420","JUREG006",,"Juglans","regia","L.","","","Juglans regia L.","ITA","",,"","","false","",,"",,"1285","2023-04-18 05:53:52","1285","2023-11-18 09:56:12"
"7191806","fa1a39af-a3ef-42ba-ae40-c06937f6ad32","ITA420","JUREG007",,"Juglans","regia","L.","","","Juglans regia L.","ITA","",,"","","false","",,"",,"1285","2023-04-18 05:53:52","1285","2023-11-18 09:56:12"
"7194784","2cf5e250-7507-4417-ab59-27e443ae6fbe","CZE031","10F5100036",,"Juglans","regia","L.","","","Juglans regia L.","CZE","","1998----","true","","false","","20","300",,"1285","2023-04-18 07:50:17","1285","2023-11-18 10:25:59"
"7195827","a4ce2a67-d12a-4aa9-b379-d51c0516476c","CZE031","10F5100025",,"Juglans","regia","L.","","","Juglans regia L.","CZE","","1998----","true","","false","","20","300",,"1285","2023-04-18 08:25:09","1285","2023-11-18 10:25:59"
"7195938","6edba9ef-4268-44ee-b945-2567336ef1c7","CZE031","10F5100029",,"Juglans","regia","L.","","","Juglans regia L.","DEU","","1995----","true","","false","","20","300",,"1285","2023-04-18 08:31:35","1285","2023-11-18 10:25:59"
"7196186","694b9020-714d-4f1d-ab38-40c96276610f","CZE031","10F5100024",,"Juglans","regia","L.","","","Juglans regia L.","CZE","","1998----","true","","false","","20","300",,"1285","2023-04-18 08:44:20","1285","2023-11-18 10:25:59"
"7196456","53ba145c-3964-43a3-923b-bd2dfdb4f209","ITA420","JUREG005",,"Juglans","regia","L.","","","Juglans regia L.","ITA","",,"","","false","",,"",,"1285","2023-04-18 08:59:07","1285","2023-11-18 09:56:12"
"7244987","5a04eeb3-d399-44d9-aef3-5c49e3beea4c","GHA091","GH476F","10.18730/197KQA","Juglans","nigra","","","","Juglans nigra",,"","19660900","false","","false","","20","400",,"2536","2023-09-29 13:15:06","2536","2023-11-03 13:52:12"
"7244990","62fcc3f5-d868-483a-a4f0-4ee68e7d9c45","GHA091","GH477F","10.18730/197KRB","Juglans","regia","","","","Juglans regia",,"","19660900","false","","false","","20","400",,"2536","2023-09-29 13:15:06","2536","2023-11-03 13:52:12"
"7244994","e71b47ff-a6db-4d70-876f-d578a9c3103e","GHA091","GH478F","10.18730/197KSC","Juglans","regia","","","","Juglans regia",,"","19660900","false","","false","","20","400",,"2536","2023-09-29 13:15:06","2536","2023-11-03 13:52:12"
"7245410","536da57d-9238-4a16-af6f-98e6d4989b9e","GHA091","GH704F","10.18730/197TWH","Juglans","nigra","","","","Juglans nigra",,"","19681200","false","","false","","20","400",,"2536","2023-09-29 13:15:10","2536","2023-11-03 13:52:15"
"7245558","bdeeed9f-d1c3-4c20-a0e8-e96ef5d33c3f","GHA091","GH674F","10.18730/197SYR","Juglans","sp.","","","","Juglans sp.",,"","19671200","false","","false","","10","400",,"2536","2023-09-29 13:15:11","2536","2023-11-03 13:52:15"
"7245559","3f679e8c-61df-4849-861b-5e42e1921d92","GHA091","GH675F","10.18730/197SZS","Juglans","sp.","","","","Juglans sp.",,"","19671200","false","","false","","10","400",,"2536","2023-09-29 13:15:11","2536","2023-11-03 13:52:15"
"7248337","62d93840-c09d-411f-b103-e1dd7f95e8a7","DEU682","001A",,"Juglans","regia","L.","subsp. regia","","Juglans regia L. subsp. regia","CZE","",,"","","false","","20","",,"1285","2023-11-17 05:27:37","1285","2024-10-28 14:44:33"
"7249059","6e73030f-6c79-48ab-90b4-065c22c49835","DEU610","DEU610.WO.0172",,"Juglans","regia","L.","subsp. regia","","Juglans regia L. subsp. regia","AUT","","20220506","","","false","","20","",,"1285","2023-11-17 06:13:42","1285","2024-10-28 14:51:03"
"7249115","175f5580-ffbc-4a69-a216-b1aa8888bfd0","DEU682","016A",,"Juglans","regia","L.","subsp. regia","","Juglans regia L. subsp. regia","DEU","",,"","","false","","20","",,"1285","2023-11-17 06:13:46","1285","2024-10-28 14:51:00"
"7249116","0e2dd911-af03-42cf-a20e-e6838157046d","DEU682","013A",,"Juglans","regia","L.","subsp. regia","","Juglans regia L. subsp. regia","DEU","",,"","","false","","20","",,"1285","2023-11-17 06:13:46","1285","2024-10-28 14:51:00"
"7249117","b5f498a1-8af0-490b-beeb-2b817470d828","DEU682","003G",,"Juglans","regia","L.","subsp. regia","","Juglans regia L. subsp. regia","HUN","",,"","","false","","20","",,"1285","2023-11-17 06:13:46","1285","2024-10-28 14:51:00"
"7249118","a1ca3a8b-e214-47db-8a0b-a4cc03fe8eea","DEU682","011G",,"Juglans","regia","L.","subsp. regia","","Juglans regia L. subsp. regia","DEU","",,"","","false","","20","",,"1285","2023-11-17 06:13:46","1285","2024-10-28 14:51:00"
"7249119","39841085-59bb-4c53-8fa3-64d3068d6b85","DEU682","010G",,"Juglans","regia","L.","subsp. regia","","Juglans regia L. subsp. regia","DEU","",,"","","false","","20","",,"1285","2023-11-17 06:13:46","1285","2024-10-28 14:51:00"
"7249277","80baf120-96a8-45b9-8e84-156b91c47b97","DEU682","002A",,"Juglans","regia","L.","subsp. regia","","Juglans regia L. subsp. regia","DEU","","24511227","","","false","","20","",,"1285","2023-11-17 06:14:13","1285","2023-11-18 08:40:40"
"7249278","3892ef75-f5ab-4056-9abd-32f73a564f97","DEU682","018A",,"Juglans","regia","L.","subsp. regia","","Juglans regia L. subsp. regia","AUT","","24530130","","","false","","20","",,"1285","2023-11-17 06:14:13","1285","2023-11-18 08:40:40"
"7249279","7a9cfa2a-f3cd-4241-9a02-a726226399dc","DEU682","005A",,"Juglans","regia","L.","subsp. regia","","Juglans regia L. subsp. regia","CZE","",,"","","false","","20","",,"1285","2023-11-17 06:14:13","1285","2024-10-28 14:43:53"
"7249715","19f6ce2b-c8fb-4538-85be-d0d2e44ed1e8","DEU682","012A",,"Juglans","regia","L.","subsp. regia","","Juglans regia L. subsp. regia","DEU","",,"","","false","","20","",,"1285","2023-11-17 06:54:01","1285","2024-10-28 14:51:00"
"7249719","d3d1efe0-ce7a-46f1-a0dc-a21f3368d811","DEU682","008G",,"Juglans","regia","L.","subsp. regia","","Juglans regia L. subsp. regia","AUT","","24530130","","","false","","20","",,"1285","2023-11-17 06:54:01","1285","2023-11-18 09:21:14"
"7249720","6e4af6b3-3722-4bce-bc45-ec4b35e875d6","DEU682","007G",,"Juglans","regia","L.","subsp. regia","","Juglans regia L. subsp. regia","DEU","",,"","","false","","20","",,"1285","2023-11-17 06:54:01","1285","2024-10-28 14:51:00"
"7249721","3714bbf6-26a7-47cb-9db5-41672f7e7497","DEU682","014G",,"Juglans","regia","L.","subsp. regia","","Juglans regia L. subsp. regia","DEU","","24500126","","","false","","20","",,"1285","2023-11-17 06:54:01","1285","2023-11-18 09:21:14"
"7249722","761942ea-35a2-45bc-8ee6-2b36c69143c4","DEU682","015G",,"Juglans","regia","L.","subsp. regia","","Juglans regia L. subsp. regia","DEU","",,"","","false","","20","",,"1285","2023-11-17 06:54:01","1285","2024-10-28 14:51:00"
"7250940","e894c2eb-441a-4798-b8ec-acc301d07dc8","DEU682","017A",,"Juglans","regia","L.","subsp. regia","","Juglans regia L. subsp. regia","DEU","","24511227","","","false","","20","",,"1285","2023-11-17 08:41:34","1285","2023-11-18 10:20:33"
"7252181","a748cfd9-6d59-47f8-878a-76a0c20b6970","DEU610","DEU610.WO.0170",,"Juglans","regia","L.","subsp. regia","","Juglans regia L. subsp. regia","DEU","","20220506","","","false","","20","",,"1285","2023-11-17 09:33:32","1285","2024-10-28 14:45:06"
"7252383","951db9b9-2ca7-40c0-b927-00faa5104b47","DEU610","DEU610.WO.0173",,"Juglans","regia","L.","subsp. regia","","Juglans regia L. subsp. regia","DEU","","20220506","","","false","","20","",,"1285","2023-11-17 09:33:49","1285","2023-11-18 10:57:35"
"7252403","a7f0e06f-eef8-4060-a079-a954d7234dda","DEU682","004A",,"Juglans","regia","L.","subsp. regia","","Juglans regia L. subsp. regia","CZE","",,"","","false","","20","",,"1285","2023-11-17 09:33:51","1285","2024-10-28 14:45:20"
"7252404","fbd49847-b902-421d-87d2-d9b372fab831","DEU682","019G",,"Juglans","regia","L.","subsp. regia","","Juglans regia L. subsp. regia","DEU","",,"","","false","","20","",,"1285","2023-11-17 09:33:51","1285","2024-10-28 14:45:20"
"7252405","b499d2b3-6888-482d-b2bb-e15d554af7f8","DEU682","009G",,"Juglans","regia","L.","subsp. regia","","Juglans regia L. subsp. regia","DEU","","24530130","","","false","","20","",,"1285","2023-11-17 09:33:51","1285","2023-11-18 10:57:37"
"7252674","1a475766-fa57-41f9-aba3-3c948f2ff593","DEU682","006A",,"Juglans","regia","L.","subsp. regia","","Juglans regia L. subsp. regia","CZE","","24511227","","","false","","20","",,"1285","2023-11-17 09:34:45","1285","2023-11-18 10:58:02"
"7252701","83aa6dd8-fdc8-411f-bb0b-b662be408551","DEU610","DEU610.WO.0171",,"Juglans","regia","L.","subsp. regia","","Juglans regia L. subsp. regia","DEU","","20220506","","","false","","20","",,"1285","2023-11-17 09:34:45","1285","2023-11-18 10:58:03"
"7252852","71e6ea5d-4fb5-47aa-8c4d-52d0aaf321a6","MNE047","MNE00422",,"Juglans","regia","L.","","","Juglans regia L.","MNE","","20061015","","","false","",,"300",,"1285","2023-11-17 09:41:58","1285","2023-11-18 11:04:56"
"7252853","e4241dae-cb4c-4cb4-b45e-2b66c28b3f5a","MNE047","MNE00423",,"Juglans","regia","L.","","","Juglans regia L.","MNE","","20161010","","","false","",,"300",,"1285","2023-11-17 09:41:58","1285","2023-11-18 11:04:56"
"7252854","70e8bc7a-4dd6-4d4f-98d3-6bb476090ea1","MNE047","MNE00424",,"Juglans","regia","L.","","","Juglans regia L.","MNE","","20060515","","","false","",,"300",,"1285","2023-11-17 09:41:58","1285","2023-11-18 11:04:56"
"7252855","42c7afdc-2afb-40ac-9205-1eca6d8a4e69","MNE047","MNE00425",,"Juglans","regia","L.","","","Juglans regia L.","MNE","","20161009","","","false","",,"300",,"1285","2023-11-17 09:41:58","1285","2023-11-18 11:04:56"
"7252856","3f5079e8-62a4-4484-b8b7-e8890df82b6a","MNE047","MNE00426",,"Juglans","regia","L.","","","Juglans regia L.","MNE","","20161013","","","false","",,"300",,"1285","2023-11-17 09:41:58","1285","2023-11-18 11:04:56"
"7252857","f94eac72-474c-4d48-9285-8a6255b42681","MNE047","MNE00427",,"Juglans","regia","L.","","","Juglans regia L.","MNE","","20161015","","","false","",,"300",,"1285","2023-11-17 09:41:58","1285","2023-11-18 11:04:56"
"7252858","29da597f-7187-4473-a5e8-54df1109b6d4","MNE047","MNE00428",,"Juglans","regia","L.","","","Juglans regia L.","MNE","","20161015","","","false","",,"300",,"1285","2023-11-17 09:41:58","1285","2023-11-18 11:04:56"
"7252859","54fe4648-9015-412b-99fa-632183f9572e","MNE047","MNE00429",,"Juglans","regia","L.","","","Juglans regia L.","MNE","","20161017","","","false","",,"300",,"1285","2023-11-17 09:41:58","1285","2023-11-18 11:04:56"
"7288194","6b6be885-7b29-4484-a016-d3eb1b8c43f6","USA026","PI 699208",,"Juglans","hybr.","","","","Juglans hybr.","USA","","20210420","","","false","",,"410",,"4","2024-06-21 15:57:33","4","2024-06-21 15:57:33"
"7309041","5c2d51c7-5552-45c6-854d-5ba96369fa94","USA151","NA 85403",,"Juglans","nigra","L.","","","Juglans nigra L.",,"","20230621","","","false","",,"100",,"4","2024-06-21 16:00:09","4","2024-06-21 16:16:07"
"7315286","31ecc919-7d11-46fe-a702-0308519a4571","USA133","BCAR 9930658",,"Juglans","major","(Torr.) A. Heller","","","Juglans major (Torr.) A. Heller",,"","1989----","","","false","",,"999",,"4","2024-06-21 16:01:21","4","2024-06-21 16:16:57"
"7315299","3c4511d0-02e7-48da-8582-962524ed2276","USA133","BCAR 9930659",,"Juglans","microcarpa","Berland.","","","Juglans microcarpa Berland.",,"","1989----","","","false","",,"999",,"4","2024-06-21 16:01:21","4","2024-06-21 16:16:57"
"7315305","9317c1a6-2cee-4c2a-9321-2d55f329d80c","USA133","BCAR 9930660",,"Juglans","microcarpa","Berland.","","","Juglans microcarpa Berland.",,"","1989----","","","false","",,"999",,"4","2024-06-21 16:01:22","4","2024-06-21 16:16:57"
"7315309","999a375d-05ca-4d8d-99fc-cdc393c4fb29","USA133","BCAR 9930661",,"Juglans","microcarpa","Berland.","","","Juglans microcarpa Berland.",,"","1989----","","","false","",,"999",,"4","2024-06-21 16:01:22","4","2024-06-21 16:16:57"
"7315316","ec4da14c-20d9-4972-9468-1f0866f4d8f0","USA133","BCAR 9930662",,"Juglans","microcarpa","Berland.","","","Juglans microcarpa Berland.",,"","1989----","","","false","",,"999",,"4","2024-06-21 16:01:22","4","2024-06-21 16:16:57"
"7315422","d197c231-45e6-4578-b820-924c3e19af98","USA133","BCAR 9912380",,"Juglans","regia","L.","","","Juglans regia L.",,"","20240508","","","false","",,"999",,"4","2024-06-21 16:01:23","4","2024-06-21 16:16:58"
"7315443","c6bdf9fc-4f52-498d-bfd5-9b43ab1e63eb","USA133","BCAR 9912047",,"Juglans","regia","L.","","","Juglans regia L.",,"","20240508","","","false","",,"999",,"4","2024-06-21 16:01:23","4","2024-06-21 16:16:58"
"7315469","dd470ae1-bab7-4600-a47e-1f86af781ea9","USA133","BCAR 9912048",,"Juglans","major","(Torr.) A. Heller","","","Juglans major (Torr.) A. Heller",,"","20240508","","","false","",,"999",,"4","2024-06-21 16:01:23","4","2024-06-21 16:16:58"
"7315474","862b4f1a-d5f4-4199-8da8-9ec93a9d5cb6","USA133","BCAR 9912049",,"Juglans","microcarpa","Berland.","","","Juglans microcarpa Berland.",,"","20240508","","","false","",,"999",,"4","2024-06-21 16:01:23","4","2024-06-21 16:16:58"
"7315477","eb925727-08db-4220-b3a8-83f0e0770aef","USA133","BCAR 9912050",,"Juglans","nigra","L.","","","Juglans nigra L.",,"","20240508","","","false","",,"999",,"4","2024-06-21 16:01:23","4","2024-06-21 16:16:58"
"7315481","1e278ccc-bf3f-4dcf-9d8c-89c8cd96aba4","USA133","BCAR 9912051",,"Juglans","nigra","L.","","","Juglans nigra L.",,"","20240508","","","false","",,"999",,"4","2024-06-21 16:01:23","4","2024-06-21 16:16:58"
"7315485","6fcc07c9-9899-4b48-8df6-1a28baa26af9","USA133","BCAR 9912052",,"Juglans","nigra","L.","","","Juglans nigra L.",,"","20240508","","","false","",,"999",,"4","2024-06-21 16:01:23","4","2024-06-21 16:16:58"
"7315490","e53d0a1a-2509-4b23-9d56-1e404363339d","USA133","BCAR 9912053",,"Juglans","nigra","L.","","","Juglans nigra L.",,"","20240508","","","false","",,"999",,"4","2024-06-21 16:01:23","4","2024-06-21 16:16:58"
"7315493","674b3559-0416-4d6f-ba2b-47e69f7f221a","USA133","BCAR 9912054",,"Juglans","nigra","L.","","","Juglans nigra L.",,"","20240508","","","false","",,"999",,"4","2024-06-21 16:01:23","4","2024-06-21 16:16:58"
"7324320","03f63105-f16c-409e-b966-b79b3263d6a4","DEU451","JUG0010",,"Juglans","regia","L.","subsp. regia","","Juglans regia L. subsp. regia","DEU","","20211119","","","false","","20","",,"1285","2024-10-28 14:52:20","1285","2024-10-28 14:52:20"
"7324321","c8f4d3cf-3eee-4bcc-b78c-7957003cf8b5","DEU451","JUG0011",,"Juglans","regia","L.","subsp. regia","","Juglans regia L. subsp. regia","DEU","","20211119","","","false","","20","",,"1285","2024-10-28 14:52:20","1285","2024-10-28 14:52:20"
"7324406","1b6612dd-1dbd-4a7e-84b7-c0eb5974efd9","DEU456","Q608R20B01",,"Juglans","regia","L.","subsp. regia","","Juglans regia L. subsp. regia","CZE","",,"","","false","","20","",,"1285","2024-10-28 14:52:23","1285","2024-10-28 14:52:23"
"7324407","d5ea7c9d-fdca-47ee-b876-892478f403e5","DEU456","Q608R20B04",,"Juglans","regia","L.","subsp. regia","","Juglans regia L. subsp. regia","CZE","",,"","","false","","20","",,"1285","2024-10-28 14:52:23","1285","2024-10-28 14:52:23"
"7324438","bf5aab0f-0357-4fa3-9140-9a6dfb90e44d","DEU456","Q609",,"Juglans","regia","L.","subsp. regia","","Juglans regia L. subsp. regia","HUN","","19751015","","","false","","20","",,"1285","2024-10-28 14:52:23","1285","2024-10-28 14:52:23"
"7324439","c93a4c7b-250e-452a-9110-3808e3860eae","DEU456","Q609R01",,"Juglans","regia","L.","subsp. regia","","Juglans regia L. subsp. regia","DEU","","19751015","","","false","","20","",,"1285","2024-10-28 14:52:23","1285","2024-10-28 14:52:23"
"7324440","ba3bcacb-1ca5-42d7-a469-8d4630f41c6d","DEU456","Q609R03",,"Juglans","regia","L.","subsp. regia","","Juglans regia L. subsp. regia","DEU","","19751015","","","false","","20","",,"1285","2024-10-28 14:52:23","1285","2024-10-28 14:52:23"
"7324441","40c95a61-33d9-483d-95b7-c4934fced635","DEU456","Q609R8",,"Juglans","regia","L.","subsp. regia","","Juglans regia L. subsp. regia","DEU","","19751015","","","false","","20","",,"1285","2024-10-28 14:52:23","1285","2024-10-28 14:52:23"
