"genesysId","instCode","name","aliasType","lang","version"
"5937","USA126","NA 9068","OTHERNUMB",,"0"
"356298",,"189","ACCENAME",,"0"
"356298","USA126","Ames 2964","OTHERNUMB",,"0"
"356298",,"189","OTHERNUMB",,"0"
"356298",,"189","DONORNUMB",,"0"
"435747","USA126","NA 69046","OTHERNUMB",,"0"
"468849","USA126","NA 71266","OTHERNUMB",,"0"
"468849",,"VV-32","ACCENAME",,"0"
"468849",,"VV-32","OTHERNUMB",,"0"
"469609","USA126","NA 49260","OTHERNUMB",,"0"
"480827",,"JH-192-82","ACCENAME",,"0"
"480827",,"NA 51209","OTHERNUMB",,"1"
"480827",,"JH-192-82","OTHERNUMB",,"0"
"480827",,"MK 0982","OTHERNUMB",,"0"
"2935624",,"Weinsberg 1","ACCENAME",,"0"
"2935625",,"Wieselburg","ACCENAME",,"0"
"2935626",,"Tiszacsecsei 13","ACCENAME",,"0"
"2935627",,"Tiszascescei 56","ACCENAME",,"0"
"2935628",,"Tiszascescei 72","ACCENAME",,"0"
"2935629",,"Seiffersdorfer","ACCENAME",,"0"
"2935630",,"Pulkau 50/50","ACCENAME",,"0"
"2935631",,"Pferdenuss Rath","ACCENAME",,"0"
"2935632",,"Nuss Talphi","ACCENAME",,"0"
"2935633",,"Parisienne","ACCENAME",,"0"
"2935634",,"Nuss Huber","ACCENAME",,"0"
"2935635",,"Milotai","ACCENAME",,"0"
"2935636",,"Mars 150","ACCENAME",,"0"
"2935637",,"Mayette","ACCENAME",,"0"
"2935638",,"Lake","ACCENAME",,"0"
"2935639",,"Mars","ACCENAME",,"0"
"2935640",,"Killinger Sauerbrunn","ACCENAME",,"0"
"2935641",,"Geis 1320","ACCENAME",,"0"
"2935642",,"Jupiter","ACCENAME",,"0"
"2935643",,"Geis 1247","ACCENAME",,"0"
"2935644",,"Geis 1049","ACCENAME",,"0"
"2935645",,"Geis 674","ACCENAME",,"0"
"2935646",,"Geis 286","ACCENAME",,"0"
"2935647",,"Geis 175","ACCENAME",,"0"
"2935648",,"Geis 252","ACCENAME",,"0"
"2935649",,"Geis 139","ACCENAME",,"0"
"2935650",,"Geis 120","ACCENAME",,"0"
"2935651",,"Geis 26","ACCENAME",,"0"
"2935652",,"Franquette","ACCENAME",,"0"
"2935653",,"Franzoesische Papiernuss","ACCENAME",,"0"
"2935654",,"Esterhazy II","ACCENAME",,"0"
"2935655",,"Chandler","ACCENAME",,"0"
"2935656",,"Blutnuss Sittendorf","ACCENAME",,"0"
"2935657",,"Blutnuss Rath","ACCENAME",,"0"
"2935658",,"Alsoszentivany 118","ACCENAME",,"0"
"2935659",,"6 M","ACCENAME",,"0"
"2935660",,"7 Z","ACCENAME",,"0"
"2935661",,"3 F","ACCENAME",,"0"
"2935662",,"2 L","ACCENAME",,"0"
"2935663",,"1 B","ACCENAME",,"0"
"2967876",,"RA 431","DONORNUMB",,"1"
"2967876","BGR001","84801013","OTHERNUMB",,"0"
"2967876",,"Pedro","ACCENAME",,"0"
"2967877",,"RA 430","DONORNUMB",,"1"
"2967877","BGR001","84801011","OTHERNUMB",,"0"
"2967877",,"Chico","ACCENAME",,"0"
"2967878",,"RA 399","DONORNUMB",,"1"
"2967878","BGR001","84801012","OTHERNUMB",,"0"
"2967878",,"Geisenheim","ACCENAME",,"0"
"2967879",,"RA 499","DONORNUMB",,"1"
"2967879","BGR001","84801009","OTHERNUMB",,"0"
"2967879",,"Serr","ACCENAME",,"0"
"2967880",,"RA 494","DONORNUMB",,"1"
"2967880","BGR001","84801010","OTHERNUMB",,"0"
"2967880",,"CHASE D9","ACCENAME",,"0"
"2967881",,"RA 440","DONORNUMB",,"1"
"2967881","BGR001","84801008","OTHERNUMB",,"0"
"2967881",,"SHARKEY","ACCENAME",,"0"
"2967882",,"RA 948","DONORNUMB",,"1"
"2967882","BGR001","84801006","OTHERNUMB",,"0"
"2967882",,"SIBISEL","ACCENAME",,"0"
"2967883",,"RA 488","DONORNUMB",,"1"
"2967883","BGR001","84801007","OTHERNUMB",,"0"
"2967883",,"Adams 10","ACCENAME",,"0"
"2967884","BGR001","84801005","OTHERNUMB",,"0"
"2967885","BGR001","84801003","OTHERNUMB",,"0"
"2967885",,"HD 6-15","ACCENAME",,"0"
"2967887","BGR001","84801001","OTHERNUMB",,"0"
"2967887",,"RP 3-2","ACCENAME",,"0"
"2970167","BGR001","83801004","OTHERNUMB",,"0"
"2970167",,"PARISIENNE RA295","ACCENAME",,"0"
"2970168","BGR001","83801003","OTHERNUMB",,"0"
"2970168",,"HARTLEY RA3M","ACCENAME",,"0"
"2970169","BGR001","83801001","OTHERNUMB",,"0"
"2970169",,"MEYLANNAISE RA1019","ACCENAME",,"0"
"2970170","BGR001","83801002","OTHERNUMB",,"0"
"2970170",,"RONDE DE MONTIGNAC RA38","ACCENAME",,"0"
"2972368","BGR001","82801034","OTHERNUMB",,"0"
"2972368",,"Midland","ACCENAME",,"0"
"2972369","BGR001","82801032","OTHERNUMB",,"0"
"2972369",,"Pedro","ACCENAME",,"0"
"2972370","BGR001","82801033","OTHERNUMB",,"0"
"2972370",,"Hartley","ACCENAME",,"0"
"2972371","BGR001","82801030","OTHERNUMB",,"0"
"2972371",,"Tehama","ACCENAME",,"0"
"2972372","BGR001","82801031","OTHERNUMB",,"0"
"2972372",,"PAYNE(R7 T17)","ACCENAME",,"0"
"2972373","BGR001","82801028","OTHERNUMB",,"0"
"2972373",,"MARCHETTI","ACCENAME",,"0"
"2972374","BGR001","82801029","OTHERNUMB",,"0"
"2972374",,"AMIGO","ACCENAME",,"0"
"2972375","BGR001","82801027","OTHERNUMB",,"0"
"2972375",,"PAYNE(R7 T18)","ACCENAME",,"0"
"2977489","BGR001","85E0113","OTHERNUMB",,"0"
"2977489",,"LOCAL","ACCENAME",,"0"
"2977490","BGR001","85E0112","OTHERNUMB",,"0"
"2977490",,"LOCAL","ACCENAME",,"0"
"2977491","BGR001","85E0111","OTHERNUMB",,"0"
"2977491",,"LOCAL","ACCENAME",,"0"
"2977492","BGR001","85E0110","OTHERNUMB",,"0"
"2977492",,"LOCAL","ACCENAME",,"0"
"2977493","BGR001","85E0019","OTHERNUMB",,"0"
"2977493",,"LOCAL","ACCENAME",,"0"
"2977494","BGR001","85E0018","OTHERNUMB",,"0"
"2977494",,"LOCAL","ACCENAME",,"0"
"2977495","BGR001","85E0017","OTHERNUMB",,"0"
"2977495",,"LOCAL","ACCENAME",,"0"
"2977496","BGR001","85E0016","OTHERNUMB",,"0"
"2977496",,"LOCAL","ACCENAME",,"0"
"2977497","BGR001","85E0014","OTHERNUMB",,"0"
"2977497",,"LOCAL","ACCENAME",,"0"
"2977498","BGR001","85E0015","OTHERNUMB",,"0"
"2977498",,"LOCAL","ACCENAME",,"0"
"2977499","BGR001","85E0013","OTHERNUMB",,"0"
"2977499",,"LOCAL","ACCENAME",,"0"
"2977500","BGR001","85E0012","OTHERNUMB",,"0"
"2977500",,"LOCAL","ACCENAME",,"0"
"2977501","BGR001","85E0011","OTHERNUMB",,"0"
"2977501",,"LOCAL","ACCENAME",,"0"
"3022701",,"SIBISEL","ACCENAME",,"0"
"3022701",,"999-08","COLLNUMB",,"0"
"3022702",,"Gisinuss","ACCENAME",,"0"
"3022702",,"999-07","COLLNUMB",,"0"
"3022703",,"Noyer pleureur","ACCENAME",,"0"
"3022703",,"999-06","COLLNUMB",,"0"
"3022704",,"999-05","COLLNUMB",,"0"
"3022704",,"RA611 MUTTERBAUM","ACCENAME",,"0"
"3022705",,"Rote Donau Mutterbaum","ACCENAME",,"0"
"3022705",,"999-04","COLLNUMB",,"0"
"3022706",,"999-02","COLLNUMB",,"0"
"3022706",,"NOYER FEUILLES POURPRES FAW MUTTERBAUM","ACCENAME",,"0"
"3022707",,"999-01","COLLNUMB",,"0"
"3022707",,"HAUENSTEIN MUTTERBAUM","ACCENAME",,"0"
"3022708",,"Inconnu 168","ACCENAME",,"0"
"3022708",,"973-02","COLLNUMB",,"0"
"3022709",,"896-01","COLLNUMB",,"0"
"3022709",,"INCONNU 153","ACCENAME",,"0"
"3022710",,"Inconnu 133","ACCENAME",,"0"
"3022710",,"775-01","COLLNUMB",,"0"
"3022711",,"624-01","COLLNUMB",,"0"
"3022711",,"BIJOUX 2","ACCENAME",,"0"
"3022712",,"560-01","COLLNUMB",,"0"
"3022712",,"INCONNU 94","ACCENAME",,"0"
"3022713",,"Jean-Louis Corbat","ACCENAME",,"0"
"3022713",,"505-01","COLLNUMB",,"0"
"3022714",,"J. x intermedia 1","ACCENAME",,"0"
"3022714",,"480-01","COLLNUMB",,"0"
"3022715",,"402-01","COLLNUMB",,"0"
"3022715",,"INCONNU 61","ACCENAME",,"0"
"3022716",,"Inconnu 62","ACCENAME",,"0"
"3022716",,"411-01","COLLNUMB",,"0"
"3022717",,"221-02","COLLNUMB",,"0"
"3022717",,"INCONNU 47","ACCENAME",,"0"
"3022718",,"182-01","COLLNUMB",,"0"
"3022718",,"INCONNU 34","ACCENAME",,"0"
"3022719",,"Franquette Mutterbaum","ACCENAME",,"0"
"3022719",,"159-01","COLLNUMB",,"0"
"3022720",,"041-01","COLLNUMB",,"0"
"3022720",,"INCONNU 8","ACCENAME",,"0"
"3022721",,"036-01","COLLNUMB",,"0"
"3022721",,"INCONNU 6","ACCENAME",,"0"
"3022722",,"Le Mont-sur-Lausanne 3 Mutterbaum","ACCENAME",,"0"
"3022722",,"039-03","COLLNUMB",,"0"
"3022723",,"014-05","COLLNUMB",,"0"
"3022723",,"INCONNU 181","ACCENAME",,"0"
"3022724",,"J. x intermedia 2","ACCENAME",,"0"
"3022724",,"020-01","COLLNUMB",,"0"
"3026565",,"Dolni Redice 1","ACCENAME",,"0"
"3026566",,"Hanzen","ACCENAME",,"0"
"3026567",,"TU-2","ACCENAME",,"0"
"3026568",,"TU-1","ACCENAME",,"0"
"3026569",,"Snajdruv","ACCENAME",,"0"
"3026570",,"Seifersdorfer","ACCENAME",,"0"
"3026570",,"Seifersdorfský kulatý","ACCENAME",,"0"
"3026570",,"Seifersdorfsky kulaty","ACCENAME",,"0"
"3026571",,"Ockerwitzer","ACCENAME",,"0"
"3026572",,"Saturn","ACCENAME",,"0"
"3026573",,"Mars","ACCENAME",,"0"
"3026574",,"NO 116","ACCENAME",,"0"
"3026575",,"NO 117","ACCENAME",,"0"
"3026576",,"Lake","ACCENAME",,"0"
"3026577",,"Magdon","ACCENAME",,"0"
"3026578",,"Hospozinsky","ACCENAME",,"0"
"3026579",,"Jupiter","ACCENAME",,"0"
"3026580",,"Buchlov","ACCENAME",,"0"
"3026582",,"APOLLO","ACCENAME",,"0"
"3026583",,"BR-1-Prsticky","ACCENAME",,"0"
"3416608",,"S 4","ACCENAME",,"0"
"3416608",,"00056","COLLNUMB",,"0"
"3416609",,"S 163","ACCENAME",,"0"
"3416609",,"00050","COLLNUMB",,"0"
"3416610",,"S 177","ACCENAME",,"0"
"3416610",,"00051","COLLNUMB",,"0"
"3416611",,"P 208","ACCENAME",,"0"
"3416611",,"00046","COLLNUMB",,"0"
"3416612",,"S 1","ACCENAME",,"0"
"3416612",,"00047","COLLNUMB",,"0"
"3416612","UKR034","210004","OTHERNUMB",,"0"
"3416613",,"P 187","ACCENAME",,"0"
"3416613",,"00045","COLLNUMB",,"0"
"3416614",,"P 173","ACCENAME",,"0"
"3416614",,"00044","COLLNUMB",,"0"
"3416615",,"M 865","ACCENAME",,"0"
"3416615",,"00042","COLLNUMB",,"0"
"3416616",,"K 45","ACCENAME",,"0"
"3416616",,"00040","COLLNUMB",,"0"
"3416617",,"D 149","ACCENAME",,"0"
"3416617",,"00035","COLLNUMB",,"0"
"3416618",,"D 3","ACCENAME",,"0"
"3416618",,"00028","COLLNUMB",,"0"
"3416619",,"G 2","ACCENAME",,"0"
"3416619",,"00027","COLLNUMB",,"0"
"3416620",,"00025","COLLNUMB",,"0"
"3416620",,"¿¿¿¿..45","ACCENAME",,"0"
"3416621",,"09981","COLLNUMB",,"0"
"3416621",,"Slaboroslyj n 2","ACCENAME",,"0"
"3416622",,"09978","COLLNUMB",,"0"
"3416622",,"Regorskij","ACCENAME",,"0"
"3416623",,"09979","COLLNUMB",,"0"
"3416623",,"Gissarskij","ACCENAME",,"0"
"3416624",,"09980","COLLNUMB",,"0"
"3416624",,"Slaboroslyj n 1","ACCENAME",,"0"
"3416625",,"09976","COLLNUMB",,"0"
"3416625",,"PARTIZANSKIJ","ACCENAME",,"0"
"3416626",,"09977","COLLNUMB",,"0"
"3416626",,"POMOLOGICHESKIJ","ACCENAME",,"0"
"3416627",,"09974","COLLNUMB",,"0"
"3416627",,"Leskhozovskij n 4","ACCENAME",,"0"
"3416628",,"09975","COLLNUMB",,"0"
"3416628",,"LESKHOZOVSKIJ N 5","ACCENAME",,"0"
"3416629",,"09973","COLLNUMB",,"0"
"3416629",,"LESKHOZOVSKIJ N 3","ACCENAME",,"0"
"3416630",,"09971","COLLNUMB",,"0"
"3416630",,"LESKHOZOVSKIJ N 2","ACCENAME",,"0"
"3416631",,"09972","COLLNUMB",,"0"
"3416631",,"LESKHOZOVSKIJ N 1","ACCENAME",,"0"
"3416632",,"09970","COLLNUMB",,"0"
"3416632",,"Leskhozovskij","ACCENAME",,"0"
"3416633",,"09967","COLLNUMB",,"0"
"3416633",,"KRYMSKIJ IUBILEJNYJ","ACCENAME",,"0"
"3416634",,"09968","COLLNUMB",,"0"
"3416634",,"Kamyshlovskij","ACCENAME",,"0"
"3416635",,"BUBENCHIK","ACCENAME",,"0"
"3416635",,"09963","COLLNUMB",,"0"
"3416637",,"09965","COLLNUMB",,"0"
"3416637",,"GIGANT","ACCENAME",,"0"
"3416638",,"09966","COLLNUMB",,"0"
"3416638",,"KOMSOMOLSKIJ","ACCENAME",,"0"
"3416639",,"09962","COLLNUMB",,"0"
"3416639",,"BOLGARSKIJ N 2","ACCENAME",,"0"
"3416640",,"09961","COLLNUMB",,"0"
"3416640",,"Bolgarskij n 1","ACCENAME",,"0"
"3416641",,"09960","COLLNUMB",,"0"
"3416641",,"BELBEKSKIJ","ACCENAME",,"0"
"3416642",,"02185","COLLNUMB",,"0"
"3416642",,"Gorikh chornij","ACCENAME",,"0"
"3416643",,"02183","COLLNUMB",,"0"
"3416643",,"Gorikh ajlantolistij","ACCENAME",,"0"
"3416644",,"02184","COLLNUMB",,"0"
"3416644",,"Gorikh khajndsa","ACCENAME",,"0"
"3416651",,"02118","COLLNUMB",,"0"
"3416651",,"Gorikh  sirij","ACCENAME",,"0"
"3416653",,"02117","COLLNUMB",,"0"
"3416653",,"Gorikh manchzhurskij","ACCENAME",,"0"
"3416656",,"VAVILOVSKII","ACCENAME",,"0"
"3416657",,"02115","COLLNUMB",,"0"
"3416657",,"Gorikh  manchzhurskij","ACCENAME",,"0"
"3416658",,"UZBEKSKII 2-1","ACCENAME",,"0"
"3416659",,"BOMBA","ACCENAME",,"0"
"3416660",,"UZBEKSKII 3-1","ACCENAME",,"0"
"3416661",,"UZBEKSKII 8-5","ACCENAME",,"0"
"3416662",,"SHORTAUZSKII 16","ACCENAME",,"0"
"3416663",,"UZBEKSKII 3-3","ACCENAME",,"0"
"3416664",,"Uzbekskii 4-1","ACCENAME",,"0"
"3416665",,"SHORTAUZSKII 6","ACCENAME",,"0"
"3416666",,"SHORTAUZSKII 4","ACCENAME",,"0"
"3416667",,"SHORTAUZSKII 8","ACCENAME",,"0"
"3416668",,"LENINABADSKII 19","ACCENAME",,"0"
"3416669",,"KUIBYSHEVSKII 12","ACCENAME",,"0"
"3416670",,"LENINABADSKII 24","ACCENAME",,"0"
"3416671",,"LENINABADSKII 16","ACCENAME",,"0"
"3416672",,"KUIBYSHEVSKII 413","ACCENAME",,"0"
"3416673",,"KUIBYSHEVSKII 421","ACCENAME",,"0"
"3416674",,"FERGANSKII 16","ACCENAME",,"0"
"3416675",,"FERGANSKII 19","ACCENAME",,"0"
"3416676",,"VERZYUBSKII","ACCENAME",,"0"
"3416677",,"PARADOKS","ACCENAME",,"0"
"3416678",,"BM 4","ACCENAME",,"0"
"3416679",,"ALSHOSEPTIVANI","ACCENAME",,"0"
"3416680",,"MONASTYRSKII","ACCENAME",,"0"
"3416682",,"MAIKOPSKII 71","ACCENAME",,"0"
"3416683",,"PODLESNII","ACCENAME",,"0"
"3416686",,"MAIKOPSKII 27","ACCENAME",,"0"
"3416691",,"MAIKOPSKII","ACCENAME",,"0"
"3416692",,"MAIKOPSKII 19","ACCENAME",,"0"
"3416696",,"PRODOLGOVATYI","ACCENAME",,"0"
"3416697",,"LUKZHENTSU 1","ACCENAME",,"0"
"3416698",,"SULTANSKII","ACCENAME",,"0"
"3416702",,"BELOV","ACCENAME",,"0"
"3416703",,"SENEVSKII","ACCENAME",,"0"
"3416704",,"SLABOROSLYI","ACCENAME",,"0"
"3416705",,"VIROVSKII","ACCENAME",,"0"
"3416706",,"SOBKO","ACCENAME",,"0"
"3416708",,"TERNOVSKII 1","ACCENAME",,"0"
"3416709",,"TERNOVSKII 2","ACCENAME",,"0"
"3416710",,"KOGIL'NICHANSKII","ACCENAME",,"0"
"3416711",,"GRUSHEVSKII","ACCENAME",,"0"
"3416712",,"TOPOLEVSKII","ACCENAME",,"0"
"3416715",,"PIONERSKII 68","ACCENAME",,"0"
"3416717",,"LESNOI","ACCENAME",,"0"
"3416718",,"VINOGRADNYI","ACCENAME",,"0"
"3416719",,"VINOGRADNYI 1","ACCENAME",,"0"
"3416720",,"BURLYUK 2","ACCENAME",,"0"
"3416721",,"BURLYUK 1","ACCENAME",,"0"
"3416793",,"B 3","ACCENAME",,"0"
"3416793",,"00020","COLLNUMB",,"0"
"3416794",,"00015","COLLNUMB",,"0"
"3416794",,"YARIVSKIJ","ACCENAME",,"0"
"3416795","UKR027","00303","OTHERNUMB",,"0"
"3416795",,"00012","COLLNUMB",,"0"
"3416795",,"Skinoskij","ACCENAME",,"0"
"3416796",,"00013","COLLNUMB",,"0"
"3416796",,"Toporivskij","ACCENAME",,"0"
"3416796","UKR046","0000","OTHERNUMB",,"0"
"3416797",,"00011","COLLNUMB",,"0"
"3416797",,"PRIKARPATSKIJ","ACCENAME",,"0"
"3416797","UKR046","0000","OTHERNUMB",,"0"
"3416798",,"00009","COLLNUMB",,"0"
"3416798",,"KRIULIANSKIJ","ACCENAME",,"0"
"3416799","UKR027","00302","OTHERNUMB",,"0"
"3416799",,"00008","COLLNUMB",,"0"
"3416799",,"Korzheutskij","ACCENAME",,"0"
"3416800",,"KOZAKU","ACCENAME",,"0"
"3416800",,"00006","COLLNUMB",,"0"
"3416801","UKR027","00300","OTHERNUMB",,"0"
"3416801",,"00007","COLLNUMB",,"0"
"3416801",,"Kostiuzhenskij","ACCENAME",,"0"
"3416801","UKR046","0000","OTHERNUMB",,"0"
"3416802",,"00003","COLLNUMB",,"0"
"3416802",,"Bukovinska bomba","ACCENAME",,"0"
"3416803",,"00004","COLLNUMB",,"0"
"3416803",,"KLISHKIVSKIJ","ACCENAME",,"0"
"3416804",,"00002","COLLNUMB",,"0"
"3416804",,"BUKOVINSKIJ 2","ACCENAME",,"0"
"3416805",,"KISHINEVSKMJ","ACCENAME",,"0"
"3416806",,"00001","COLLNUMB",,"0"
"3416806",,"BUKOVINSKIJ 1","ACCENAME",,"0"
"3416807",,"10068","COLLNUMB",,"0"
"3416807",,"Forma 5-25","ACCENAME",,"0"
"3416808",,"10069","COLLNUMB",,"0"
"3416808",,"Forma 10 D","ACCENAME",,"0"
"3416809",,"10065","COLLNUMB",,"0"
"3416809",,"FORMA 2-20","ACCENAME",,"0"
"3416810",,"10066","COLLNUMB",,"0"
"3416810",,"FORMA 2-19","ACCENAME",,"0"
"3416811",,"10067","COLLNUMB",,"0"
"3416811",,"FORMA 4-25","ACCENAME",,"0"
"3416812",,"09985","COLLNUMB",,"0"
"3416812",,"TANKOVYJ","ACCENAME",,"0"
"3416813",,"10063","COLLNUMB",,"0"
"3416813",,"FORMA 2-13","ACCENAME",,"0"
"3416814",,"10064","COLLNUMB",,"0"
"3416814",,"Forma 2-16","ACCENAME",,"0"
"3416815",,"09984","COLLNUMB",,"0"
"3416815",,"Yuzhnoberezhnyj","ACCENAME",,"0"
"3416817",,"CHKALOVSKII","ACCENAME",,"0"
"3416818",,"KACHIK","ACCENAME",,"0"
"3416819",,"09982","COLLNUMB",,"0"
"3416819",,"SREDNEAZIATSKIJ","ACCENAME",,"0"
"3416820",,"09983","COLLNUMB",,"0"
"3416820",,"SOKOLINSKIJ","ACCENAME",,"0"
"3514870",,"14 A-1","ACCENAME",,"0"
"3514871",,"14 B-1","ACCENAME",,"0"
"3514872",,"15 A-1","ACCENAME",,"0"
"3514873",,"15 A-2","ACCENAME",,"0"
"3514874",,"15 B-6","ACCENAME",,"0"
"3514875",,"23 A-1","ACCENAME",,"0"
"3514876",,"23 B-1","ACCENAME",,"0"
"3514877",,"23 B-2","ACCENAME",,"0"
"3514878",,"9 C-1","ACCENAME",,"0"
"3514879",,"Alcalde 1","ACCENAME",,"0"
"3514880",,"ALCALDE 2","ACCENAME",,"0"
"3514881",,"ALCALDE 3","ACCENAME",,"0"
"3514882",,"ALCALDE 4","ACCENAME",,"0"
"3514883",,"ALGAIDA","ACCENAME",,"0"
"3514884",,"AMIGO","ACCENAME",,"0"
"3514885",,"BADAJOZ","ACCENAME",,"0"
"3514886",,"Chandler","ACCENAME",,"0"
"3514887",,"CHICO","ACCENAME",,"0"
"3514888",,"CHICO_NIGRA","ACCENAME",,"0"
"3514889",,"D 32-BIS","ACCENAME",,"0"
"3514890",,"De Arriba","ACCENAME",,"0"
"3514891",,"Del Carril","ACCENAME",,"0"
"3514892",,"EUREKA","ACCENAME",,"0"
"3514893",,"FRANQUETTE","ACCENAME",,"0"
"3514894",,"Gran Jefe","ACCENAME",,"0"
"3514895",,"Hartley","ACCENAME",,"0"
"3514896",,"HOWARD","ACCENAME",,"0"
"3514897",,"JAEN","ACCENAME",,"0"
"3514898",,"MAR MENOR","ACCENAME",,"0"
"3514899",,"NUGGET","ACCENAME",,"0"
"3514900",,"PAYNE","ACCENAME",,"0"
"3514901",,"PEDRO","ACCENAME",,"0"
"3514902",,"SERR1","ACCENAME",,"0"
"3514903",,"SUNLAND","ACCENAME",,"0"
"3514904",,"Taibilla madre","ACCENAME",,"0"
"3514905",,"Tb 1-12","ACCENAME",,"0"
"3514906",,"Tehama","ACCENAME",,"0"
"3514907",,"Tobilla","ACCENAME",,"0"
"3514908",,"VINA1","ACCENAME",,"0"
"3514938",,"CHICO","ACCENAME",,"0"
"3514939",,"AMIGO","ACCENAME",,"0"
"3514940",,"PEDRO","ACCENAME",,"0"
"3514941",,"SCHARCH FRANQUETTE","ACCENAME",,"0"
"3514942",,"ALGAIDA","ACCENAME",,"0"
"3514943",,"Carcagente","ACCENAME",,"0"
"3514944",,"ALCALDE","ACCENAME",,"0"
"3514945",,"GRAN JEFE","ACCENAME",,"0"
"3514946",,"23 B-1","ACCENAME",,"0"
"3514947",,"VZ-4","ACCENAME",,"0"
"3514948",,"VZ-5","ACCENAME",,"0"
"3514949",,"TEHAMA","ACCENAME",,"0"
"3514950",,"HARTLEY","ACCENAME",,"0"
"3514951",,"SERR","ACCENAME",,"0"
"3514952",,"Tobilla","ACCENAME",,"0"
"3514953",,"BADAJOZ","ACCENAME",,"0"
"3514954",,"Trinta","ACCENAME",,"0"
"3514955",,"Chandler","ACCENAME",,"0"
"3514956",,"Howard","ACCENAME",,"0"
"3514957",,"SUNLAND","ACCENAME",,"0"
"3514958",,"Mar Menor","ACCENAME",,"0"
"3514959",,"NUGGET","ACCENAME",,"0"
"3514960",,"DEL CARRIL","ACCENAME",,"0"
"3514961",,"PAYNE","ACCENAME",,"0"
"3514962",,"OLLA P-1","ACCENAME",,"0"
"3514963",,"FRANQUETTE","ACCENAME",,"0"
"3514964",,"ENANO","ACCENAME",,"0"
"3514965",,"CALLAO","ACCENAME",,"0"
"3514966",,"Callao 1","ACCENAME",,"0"
"3514967",,"CALLAO 2","ACCENAME",,"0"
"3514968",,"Vina","ACCENAME",,"0"
"3514969",,"TAIBILLA 5","ACCENAME",,"0"
"3514970",,"P3 JR","ACCENAME",,"0"
"3514971",,"Cabra 1","ACCENAME",,"0"
"3514972",,"ARRIBA","ACCENAME",,"0"
"3514973",,"VZ-2","ACCENAME",,"0"
"3514974",,"Vz-3","ACCENAME",,"0"
"3514975",,"Taibilla 4","ACCENAME",,"0"
"3514976",,"15 A-1","ACCENAME",,"0"
"3514977",,"TAIBILLA MADRE","ACCENAME",,"0"
"3514978",,"La Nava 3","ACCENAME",,"0"
"3514979",,"BADAJOZ","ACCENAME",,"0"
"3514980",,"HARTLEY","ACCENAME",,"0"
"3514981",,"23 B-1","ACCENAME",,"0"
"3514982",,"PEDRO","ACCENAME",,"0"
"3514983",,"Chico","ACCENAME",,"0"
"3514984",,"SERR","ACCENAME",,"0"
"3514985",,"Franquette","ACCENAME",,"0"
"3514986",,"AMIGO","ACCENAME",,"0"
"3514987",,"Alcalde 1","ACCENAME",,"0"
"3514988",,"Alcalde 2","ACCENAME",,"0"
"3514989",,"Tobilla","ACCENAME",,"0"
"3514990",,"Alcalde 3","ACCENAME",,"0"
"3514991",,"ALCALDE 4","ACCENAME",,"0"
"3514992",,"DEL CARRIL","ACCENAME",,"0"
"3514993",,"De Arriba","ACCENAME",,"0"
"3514994",,"TAIBILLA 2","ACCENAME",,"0"
"3514995",,"Vina","ACCENAME",,"0"
"3514996",,"Tehama","ACCENAME",,"0"
"3514997",,"PAYNE","ACCENAME",,"0"
"3514998",,"Taibilla madre","ACCENAME",,"0"
"3514999",,"TAIBILLA 5","ACCENAME",,"0"
"3515000",,"NUGGET","ACCENAME",,"0"
"3515001",,"EUREKA","ACCENAME",,"0"
"3515002",,"Enano","ACCENAME",,"0"
"3515003",,"TRINTA","ACCENAME",,"0"
"3515004",,"SCHARCH FRANQUETTE","ACCENAME",,"0"
"3515005",,"ALGAIDA","ACCENAME",,"0"
"3515006",,"SENDRA","ACCENAME",,"0"
"3515007",,"CARCAGENTE","ACCENAME",,"0"
"3515008",,"CELA","ACCENAME",,"0"
"3515357",,"Adams-10","ACCENAME",,"0"
"3515358",,"Alcalde-1","ACCENAME",,"0"
"3515359",,"Alcalde-2","ACCENAME",,"0"
"3515362",,"Arco","ACCENAME",,"0"
"3515363",,"AS-0","ACCENAME",,"0"
"3515364",,"AS-1","ACCENAME",,"0"
"3515366",,"as-7","ACCENAME",,"0"
"3515367",,"Ashley","ACCENAME",,"0"
"3515369",,"Carcagente","ACCENAME",,"0"
"3515370",,"Cerda","ACCENAME",,"0"
"3515371",,"Comes","ACCENAME",,"0"
"3515372",,"Corne","ACCENAME",,"0"
"3515373",,"Chandler","ACCENAME",,"0"
"3515374",,"Chase D-9","ACCENAME",,"0"
"3515377",,"Escriba","ACCENAME",,"0"
"3515378",,"Eureka","ACCENAME",,"0"
"3515379",,"Franquette","ACCENAME",,"0"
"3515380",,"Gales","ACCENAME",,"0"
"3515382",,"Grandjean","ACCENAME",,"0"
"3515383",,"Grosvert","ACCENAME",,"0"
"3515384",,"Hartley","ACCENAME",,"0"
"3515385",,"Howard","ACCENAME",,"0"
"3515389",,"Mb-b-1","ACCENAME",,"0"
"3515390",,"Mb-ge-9","ACCENAME",,"0"
"3515392",,"Mb-t-19","ACCENAME",,"0"
"3515393",,"Mb-t-31","ACCENAME",,"0"
"3515394",,"Mb-t-40","ACCENAME",,"0"
"3515396",,"Mb-t-119","ACCENAME",,"0"
"3515398",,"Mb-t-159","ACCENAME",,"0"
"3515401",,"Mb-t-247","ACCENAME",,"0"
"3515402",,"Mb-t-301","ACCENAME",,"0"
"3515403",,"Mb-t-321","ACCENAME",,"0"
"3515404",,"Mb-t-348a","ACCENAME",,"0"
"3515405",,"Mb-t-348b","ACCENAME",,"0"
"3515406",,"Mb-t-354","ACCENAME",,"0"
"3515407",,"Mb-t-363","ACCENAME",,"0"
"3515408",,"Marbot","ACCENAME",,"0"
"3515409",,"Mayette","ACCENAME",,"0"
"3515410",,"Meylannaise","ACCENAME",,"0"
"3515411",,"Midland","ACCENAME",,"0"
"3515412",,"Nogon","ACCENAME",,"0"
"3515413",,"Nugget","ACCENAME",,"0"
"3515414",,"Parisienne","ACCENAME",,"0"
"3515415",,"Payne","ACCENAME",,"0"
"3515416",,"Pedro","ACCENAME",,"0"
"3515418",,"R.montignac","ACCENAME",,"0"
"3515420",,"Serr","ACCENAME",,"0"
"3515422",,"Sibisel-39","ACCENAME",,"0"
"3515425",,"Sundland","ACCENAME",,"0"
"3515426",,"Taibilla-5","ACCENAME",,"0"
"3515428",,"Trinta","ACCENAME",,"0"
"3515431",,"Adams-10","ACCENAME",,"0"
"3515432",,"AMIGO","ACCENAME",,"0"
"3515433",,"Chandler","ACCENAME",,"0"
"3515434",,"Chase D-12","ACCENAME",,"0"
"3515435",,"Franquette","ACCENAME",,"0"
"3515437",,"Gustine","ACCENAME",,"0"
"3515438",,"Mb-c-31","ACCENAME",,"0"
"3515441",,"Mb-c-34","ACCENAME",,"0"
"3515442",,"Mb-c-35","ACCENAME",,"0"
"3515445",,"Mb-c-41","ACCENAME",,"0"
"3515446",,"Mb-c-42","ACCENAME",,"0"
"3515447",,"Mb-c-45","ACCENAME",,"0"
"3515448",,"Mb-c-46","ACCENAME",,"0"
"3515449",,"Mb-c-47","ACCENAME",,"0"
"3515454",,"Mb-lu-21","ACCENAME",,"0"
"3515455",,"Mb-lu-22","ACCENAME",,"0"
"3515456",,"Mb-lu-23","ACCENAME",,"0"
"3515457",,"Mb-lu-24","ACCENAME",,"0"
"3515460",,"Mb-lu-31","ACCENAME",,"0"
"3515461",,"Mb-ll-5","ACCENAME",,"0"
"3515462",,"Mb-o-53","ACCENAME",,"0"
"3515463",,"Mb-po-2","ACCENAME",,"0"
"3515464",,"Mb-po-3","ACCENAME",,"0"
"3515465",,"Mb-po-4","ACCENAME",,"0"
"3515466",,"Mb-po-6","ACCENAME",,"0"
"3515467",,"Mb-po-11","ACCENAME",,"0"
"3515468",,"Mb-po-12","ACCENAME",,"0"
"3515470",,"Mb-po-27","ACCENAME",,"0"
"3515471",,"Mb-po-55","ACCENAME",,"0"
"3515472",,"Mb-t-38","ACCENAME",,"0"
"3515476",,"Mb-t-232","ACCENAME",,"0"
"3515478",,"Mb-s-88","ACCENAME",,"0"
"3515479",,"Mb-s-89","ACCENAME",,"0"
"3515480",,"Sampion","ACCENAME",,"0"
"3515481",,"Solze","ACCENAME",,"0"
"3515482",,"Tobilla","ACCENAME",,"0"
"3515484",,"Cela","ACCENAME",,"0"
"3515486",,"Hd-20","ACCENAME",,"0"
"3515487",,"Hd-23","ACCENAME",,"0"
"3515488",,"Hd-24","ACCENAME",,"0"
"3515489",,"Hd-30","ACCENAME",,"0"
"3515490",,"Hd-31","ACCENAME",,"0"
"3515491",,"Hd-35","ACCENAME",,"0"
"3515493",,"Hd-40","ACCENAME",,"0"
"3515494",,"Hd-45","ACCENAME",,"0"
"3515496",,"Mb-s-22","ACCENAME",,"0"
"3515497",,"Mb-s-48","ACCENAME",,"0"
"3515499",,"Mb-s-50","ACCENAME",,"0"
"3515500",,"Mb-s-51","ACCENAME",,"0"
"3515501",,"Mb-s-52","ACCENAME",,"0"
"3515503",,"Mb-s-86","ACCENAME",,"0"
"3515506",,"Mb-t-39","ACCENAME",,"0"
"3515508",,"Mb-t-49","ACCENAME",,"0"
"3515509",,"Mb-t-77","ACCENAME",,"0"
"3515510",,"Mb-t-120","ACCENAME",,"0"
"3515514",,"Ng-2","ACCENAME",,"0"
"3515515",,"Ng-3","ACCENAME",,"0"
"3515516",,"Ng-4","ACCENAME",,"0"
"3515520",,"Ng-11","ACCENAME",,"0"
"3515521",,"Ng-12","ACCENAME",,"0"
"3515522",,"Ng-13","ACCENAME",,"0"
"3515523",,"Ng-14","ACCENAME",,"0"
"3515524",,"Ng-15","ACCENAME",,"0"
"3515525",,"Ng-16","ACCENAME",,"0"
"3515526",,"Ng-17","ACCENAME",,"0"
"3515527",,"Ng-18","ACCENAME",,"0"
"3515528",,"Ng-19","ACCENAME",,"0"
"3515530",,"Ng-28","ACCENAME",,"0"
"3515536",,"Rg-10","ACCENAME",,"0"
"3515538",,"Rg-32","ACCENAME",,"0"
"3515540",,"Rg-34","ACCENAME",,"0"
"3515541",,"Rg-37","ACCENAME",,"0"
"3515544",,"Rg-42","ACCENAME",,"0"
"3515550",,"Adams-10 T-37","ACCENAME",,"0"
"3515551",,"Amigo T-61","ACCENAME",,"0"
"3515552",,"AS-O T-51","ACCENAME",,"0"
"3515553",,"AS-5 T-55","ACCENAME",,"0"
"3515554",,"Corne T-22","ACCENAME",,"0"
"3515556",,"Chase D-9 T-47","ACCENAME",,"0"
"3515557",,"Chico T-3","ACCENAME",,"0"
"3515558",,"Franquette T-28","ACCENAME",,"0"
"3515559",,"Grosvert T-35","ACCENAME",,"0"
"3515560",,"Hartley T-30","ACCENAME",,"0"
"3515562",,"Marbot T-25","ACCENAME",,"0"
"3515563",,"Mayette T-21","ACCENAME",,"0"
"3515564",,"Mb-t-119","ACCENAME",,"0"
"3515565",,"Meylannaise T-53","ACCENAME",,"0"
"3515566",,"Parisienne T-26","ACCENAME",,"0"
"3515567",,"Payne T-49","ACCENAME",,"0"
"3515570",,"Serr T-8","ACCENAME",,"0"
"3515573",,"Sunland T-43","ACCENAME",,"0"
"3515574",,"Tehama T-31","ACCENAME",,"0"
"3515575",,"Vina T-41","ACCENAME",,"0"
"3515576",,"Vina T-42","ACCENAME",,"0"
"3764091",,"Pferdeblutnuss Aufhauser Baden","ACCENAME",,"0"
"3822258",,"7439","COLLNUMB",,"0"
"3905651",,"BM 48A","ACCENAME",,"0"
"3905651",,"00063","COLLNUMB",,"0"
"3910081",,"BM 47A","ACCENAME",,"0"
"3910081",,"00062","COLLNUMB",,"0"
"3910082",,"BM 47","ACCENAME",,"0"
"3910082",,"00061","COLLNUMB",,"0"
"3910083",,"00060","COLLNUMB",,"0"
"3910083",,"CHERNIVETSKIJ 1","ACCENAME",,"0"
"3910084",,"00059","COLLNUMB",,"0"
"3910084",,"Tikhomirivskij","ACCENAME",,"0"
"3910099",,"1214","ACCENAME",,"0"
"3910099",,"00109","COLLNUMB",,"0"
"3910100",,"1153","ACCENAME",,"0"
"3910100",,"00108","COLLNUMB",,"0"
"3910101",,"1132","ACCENAME",,"0"
"3910101",,"00107","COLLNUMB",,"0"
"3910102",,"1111","ACCENAME",,"0"
"3910102",,"00106","COLLNUMB",,"0"
"3910103",,"1110","ACCENAME",,"0"
"3910103",,"00105","COLLNUMB",,"0"
"3910104",,"1083","ACCENAME",,"0"
"3910104",,"00104","COLLNUMB",,"0"
"3910105",,"1072","ACCENAME",,"0"
"3910105",,"00103","COLLNUMB",,"0"
"3910106",,"1061","ACCENAME",,"0"
"3910106",,"00102","COLLNUMB",,"0"
"3910107",,"1047","ACCENAME",,"0"
"3910107",,"00101","COLLNUMB",,"0"
"3910108",,"1020","ACCENAME",,"0"
"3910108",,"00100","COLLNUMB",,"0"
"3910109",,"992","ACCENAME",,"0"
"3910109",,"00099","COLLNUMB",,"0"
"3910110",,"952","ACCENAME",,"0"
"3910110",,"00097","COLLNUMB",,"0"
"3910111",,"982","ACCENAME",,"0"
"3910111",,"00098","COLLNUMB",,"0"
"3910112",,"914","ACCENAME",,"0"
"3910112",,"00096","COLLNUMB",,"0"
"3910113",,"905","ACCENAME",,"0"
"3910113",,"00094","COLLNUMB",,"0"
"3910114",,"906","ACCENAME",,"0"
"3910114",,"00095","COLLNUMB",,"0"
"3910115",,"857","ACCENAME",,"0"
"3910115",,"00092","COLLNUMB",,"0"
"3910116",,"866","ACCENAME",,"0"
"3910116",,"00093","COLLNUMB",,"0"
"3910117",,"850","ACCENAME",,"0"
"3910117",,"00091","COLLNUMB",,"0"
"3910118",,"812","ACCENAME",,"0"
"3910118",,"00090","COLLNUMB",,"0"
"3910119",,"755","ACCENAME",,"0"
"3910119",,"00088","COLLNUMB",,"0"
"3910120",,"806","ACCENAME",,"0"
"3910120",,"00089","COLLNUMB",,"0"
"3910121",,"732","ACCENAME",,"0"
"3910121",,"00087","COLLNUMB",,"0"
"3910122",,"708","ACCENAME",,"0"
"3910122",,"00085","COLLNUMB",,"0"
"3910123",,"711","ACCENAME",,"0"
"3910123",,"00086","COLLNUMB",,"0"
"3910124",,"697","ACCENAME",,"0"
"3910124",,"00084","COLLNUMB",,"0"
"3910125",,"00083","COLLNUMB",,"0"
"3910125",,"15 S","ACCENAME",,"0"
"3910126",,"00081","COLLNUMB",,"0"
"3910126",,"KH 13","ACCENAME",,"0"
"3910127",,"00082","COLLNUMB",,"0"
"3910127",,"4 s","ACCENAME",,"0"
"3910128",,"S 353","ACCENAME",,"0"
"3910128",,"00080","COLLNUMB",,"0"
"3910129",,"S 345","ACCENAME",,"0"
"3910129",,"00079","COLLNUMB",,"0"
"3910130",,"S 187","ACCENAME",,"0"
"3910130",,"00078","COLLNUMB",,"0"
"3910131",,"S 8","ACCENAME",,"0"
"3910131",,"00077","COLLNUMB",,"0"
"3910132",,"S 7","ACCENAME",,"0"
"3910132",,"00076","COLLNUMB",,"0"
"3910133",,"S 5","ACCENAME",,"0"
"3910133",,"00075","COLLNUMB",,"0"
"3910134",,"P 5","ACCENAME",,"0"
"3910134",,"00072","COLLNUMB",,"0"
"3910135",,"P 172","ACCENAME",,"0"
"3910135",,"00074","COLLNUMB",,"0"
"3910136",,"P 4","ACCENAME",,"0"
"3910136",,"00071","COLLNUMB",,"0"
"3910137",,"P 3","ACCENAME",,"0"
"3910137",,"00070","COLLNUMB",,"0"
"3910138",,"G 1","ACCENAME",,"0"
"3910138",,"00068","COLLNUMB",,"0"
"3910139",,"D 2","ACCENAME",,"0"
"3910139",,"00069","COLLNUMB",,"0"
"3910140",,"B130A","ACCENAME",,"0"
"3910140",,"00067","COLLNUMB",,"0"
"3910141",,"B 130","ACCENAME",,"0"
"3910141",,"00066","COLLNUMB",,"0"
"3910142",,"B 84A","ACCENAME",,"0"
"3910142",,"00065","COLLNUMB",,"0"
"3910143",,"B 7","ACCENAME",,"0"
"3910143",,"00064","COLLNUMB",,"0"
"3914198",,"04495","COLLNUMB",,"0"
"3914198",,"BURLIUK","ACCENAME",,"0"
"3914199",,"04493","COLLNUMB",,"0"
"3914199",,"BOSPOR","ACCENAME",,"0"
"3914200",,"04492","COLLNUMB",,"0"
"3914200",,"ARKAD","ACCENAME",,"0"
"3914301",,"00174","COLLNUMB",,"0"
"3914302",,"00172","COLLNUMB",,"0"
"3914303",,"00173","COLLNUMB",,"0"
"3914304",,"00171","COLLNUMB",,"0"
"3914306",,"00170","COLLNUMB",,"0"
"3938736","CHE105","999-04","DONORNUMB",,"0"
"3938736",,"Rote Donau","ACCENAME",,"0"
"3938736",,"999-04","COLLNUMB",,"0"
"3938737","CHE105","999-05","DONORNUMB",,"0"
"3938737",,"RA611","ACCENAME",,"0"
"3938737",,"999-05","COLLNUMB",,"0"
"3938740","CHE105","999-06","DONORNUMB",,"0"
"3938740",,"999-06","COLLNUMB",,"0"
"3938740",,"NOYER PLEUREUR","ACCENAME",,"0"
"3938742","CHE105","999-02","DONORNUMB",,"0"
"3938742",,"999-02","COLLNUMB",,"0"
"3938742",,"NOYER FEUILLES POURPRE","ACCENAME",,"0"
"3938744","CHE105","999-01","DONORNUMB",,"0"
"3938744",,"999-01","COLLNUMB",,"0"
"3938744",,"NOYER FEUILLES LACINIÉES","ACCENAME",,"0"
"3938746","CHE105","039-03","DONORNUMB",,"0"
"3938746",,"Inconnu 7","ACCENAME",,"0"
"3938746",,"039-03","COLLNUMB",,"0"
"3938748","CHE105","815","DONORNUMB",,"0"
"3938748",,"Hugnuss fertilis","ACCENAME",,"0"
"3938748",,"815","COLLNUMB",,"0"
"3942902",,"Weinsberg 2","ACCENAME",,"0"
"3942903",,"Weinsberg 2","ACCENAME",,"0"
"3942904",,"Weinsberg 1","ACCENAME",,"0"
"3942905",,"Sittendorfer Rote","ACCENAME",,"0"
"3942906",,"Traubennuss","ACCENAME",,"0"
"3942907",,"Weinsberg 1","ACCENAME",,"0"
"3942908",,"Serr","ACCENAME",,"0"
"3942909",,"Rote Donaunuss","ACCENAME",,"0"
"3942910",,"Rote Donaunuss","ACCENAME",,"0"
"3942911",,"Serr","ACCENAME",,"0"
"3942912",,"Papiernuss von Hoehentoch","ACCENAME",,"0"
"3942913",,"Mars","ACCENAME",,"0"
"3942914",,"Mars","ACCENAME",,"0"
"3942915",,"Mars","ACCENAME",,"0"
"3942916",,"Lake","ACCENAME",,"0"
"3942917",,"Lara","ACCENAME",,"0"
"3942918",,"Lake","ACCENAME",,"0"
"3942919",,"Jupiter","ACCENAME",,"0"
"3942920",,"Lake","ACCENAME",,"0"
"3942921",,"Killinger","ACCENAME",,"0"
"3942922",,"Jupiter","ACCENAME",,"0"
"3942923",,"Jupiter","ACCENAME",,"0"
"3942924",,"Jng.Vert.","ACCENAME",,"0"
"3942924",,"Klon II","ACCENAME",,"0"
"3942925",,"Jng.Vert.","ACCENAME",,"0"
"3942925",,"Klon I","ACCENAME",,"0"
"3942926",,"Jng.Vert.","ACCENAME",,"0"
"3942926",,"Klon I","ACCENAME",,"0"
"3942927",,"Geisenheim 26","ACCENAME",,"0"
"3942928",,"Geisenheim 286","ACCENAME",,"0"
"3942929",,"Gerweiler","ACCENAME",,"0"
"3942930",,"Geisenheim 26","ACCENAME",,"0"
"3942931",,"Geisenheim 26","ACCENAME",,"0"
"3942932",,"Geisenheim 139","ACCENAME",,"0"
"3942933",,"Geisenheim 139","ACCENAME",,"0"
"3942934",,"Geisenheim 120","ACCENAME",,"0"
"3942935",,"Geisenheim 120","ACCENAME",,"0"
"3942936",,"Geisenheim 120","ACCENAME",,"0"
"3942937",,"Esterhazy II","ACCENAME",,"0"
"3942938",,"Esterhazy II","ACCENAME",,"0"
"3942939",,"Esterhazy II","ACCENAME",,"0"
"3942940",,"Donau Schachtelnuss","ACCENAME",,"0"
"3942941",,"Aufhauser Baden","ACCENAME",,"0"
"3942942",,"Aufhauser Baden","ACCENAME",,"0"
"3942943",,"Aufhauser Baden","ACCENAME",,"0"
"3942947",,"Aufhauser Baden","ACCENAME",,"0"
"3956696",,"955-03","COLLNUMB",,"0"
"3956696",,"INCONNU 164","ACCENAME",,"0"
"3962954",,"IDA0100","COLLNUMB",,"0"
"3962959",,"Nogal de Ale","ACCENAME",,"0"
"3962959",,"IDA0095","COLLNUMB",,"0"
"3963058",,"Nogal de macadamia","ACCENAME",,"0"
"3963058",,"IDA0073","COLLNUMB",,"0"
"3963067",,"IDA0062","COLLNUMB",,"0"
"3963076",,"IDA0053","COLLNUMB",,"0"
"3963076",,"mollar","ACCENAME",,"0"
"3963078",,"IDA0051","COLLNUMB",,"0"
"3963078",,"mollar","ACCENAME",,"0"
"3963079",,"Cerrado medio mollar","ACCENAME",,"0"
"3963079",,"IDA0052","COLLNUMB",,"0"
"3963080",,"Medio cerrada","ACCENAME",,"0"
"3963080",,"IDA0050","COLLNUMB",,"0"
"3963119",,"IDA0031","COLLNUMB",,"0"
"3963150",,"IDA0015","COLLNUMB",,"0"
"3963150",,"Nogal","ACCENAME",,"0"
"3963315",,"JHG0070","COLLNUMB",,"0"
"3963405",,"APM0068","COLLNUMB",,"0"
"3963405",,"mollar","ACCENAME",,"0"
"3963558",,"CEMC0084","COLLNUMB",,"0"
"3963562",,"CEMC0082","COLLNUMB",,"0"
"3963562",,"mollar","ACCENAME",,"0"
"3963637",,"CEMC0074","COLLNUMB",,"0"
"3963642",,"CEMC0069","COLLNUMB",,"0"
"3963653",,"CEMC0054","COLLNUMB",,"0"
"3963666",,"CEMC0042","COLLNUMB",,"0"
"3963666",,"Nogal","ACCENAME",,"0"
"3963672",,"CEMC0033","COLLNUMB",,"0"
"3963676",,"CEMC0032","COLLNUMB",,"0"
"3963676",,"mollar","ACCENAME",,"0"
"3963699",,"CEMC0008","COLLNUMB",,"0"
"3963718",,"DAM0035","COLLNUMB",,"0"
"4024723","CHE065","733","DONORNUMB",,"0"
"4024723",,"Bad Ragaz","ACCENAME",,"0"
"4024723",,"733","COLLNUMB",,"0"
"4024727","CHE065","34288","DONORNUMB",,"0"
"4024727",,"Dinhard","ACCENAME",,"0"
"4024727",,"34288","COLLNUMB",,"0"
"4024730","CHE065","45343","DONORNUMB",,"0"
"4024730",,"Babenthal","ACCENAME",,"0"
"4024730",,"45343","COLLNUMB",,"0"
"4024731","CHE065","171517","DONORNUMB",,"0"
"4024731",,"Altbüron","ACCENAME",,"0"
"4024731",,"171517","COLLNUMB",,"0"
"4024732","CHE065","731","DONORNUMB",,"0"
"4024732",,"Lidwien von Räfis","ACCENAME",,"0"
"4024732",,"731","COLLNUMB",,"0"
"4024733","CHE065","808","DONORNUMB",,"0"
"4024733",,"Hinwil","ACCENAME",,"0"
"4024733",,"808","COLLNUMB",,"0"
"4024734","CHE065","843","DONORNUMB",,"0"
"4024734",,"Castasegna","ACCENAME",,"0"
"4024734",,"843","COLLNUMB",,"0"
"4024735","CHE065","53677","DONORNUMB",,"0"
"4024735",,"Grasswil","ACCENAME",,"0"
"4024735",,"53677","COLLNUMB",,"0"
"4024736","CHE065","807","DONORNUMB",,"0"
"4024736",,"Guschelmuth","ACCENAME",,"0"
"4024736",,"807","COLLNUMB",,"0"
"4024737","CHE065","737","DONORNUMB",,"0"
"4024737",,"Igis-Birkholz","ACCENAME",,"0"
"4024737",,"737","COLLNUMB",,"0"
"4024738","CHE065","736","DONORNUMB",,"0"
"4024738",,"Gams","ACCENAME",,"0"
"4024738",,"736","COLLNUMB",,"0"
"4024739","CHE065","878","DONORNUMB",,"0"
"4024739",,"Roggwil","ACCENAME",,"0"
"4024739",,"878","COLLNUMB",,"0"
"4024740","CHE065","163699","DONORNUMB",,"0"
"4024740",,"SCHARANS","ACCENAME",,"0"
"4024740",,"163699","COLLNUMB",,"0"
"4024741","CHE065","704","DONORNUMB",,"0"
"4024741",,"Grafenried","ACCENAME",,"0"
"4024741",,"704","COLLNUMB",,"0"
"4024742","CHE065","55858","DONORNUMB",,"0"
"4024742",,"Neuenegg","ACCENAME",,"0"
"4024742",,"55858","COLLNUMB",,"0"
"4024745","CHE065","848","DONORNUMB",,"0"
"4024745",,"Sax 1","ACCENAME",,"0"
"4024745",,"848","COLLNUMB",,"0"
"4024746","CHE065","707","DONORNUMB",,"0"
"4024746",,"Kappeler","ACCENAME",,"0"
"4024746",,"707","COLLNUMB",,"0"
"4024747",,"Bargen","ACCENAME",,"0"
"4024748","CHE065","703","DONORNUMB",,"0"
"4024748",,"Schwamendingen","ACCENAME",,"0"
"4024748",,"703","COLLNUMB",,"0"
"4024749","CHE065","802","DONORNUMB",,"0"
"4024749",,"Manelsa","ACCENAME",,"0"
"4024749",,"802","COLLNUMB",,"0"
"4024750","CHE065","935","DONORNUMB",,"0"
"4024750",,"Bözberg","ACCENAME",,"0"
"4024750",,"935","COLLNUMB",,"0"
"4024751","CHE065","84022","DONORNUMB",,"0"
"4024751",,"Gansingen","ACCENAME",,"0"
"4024751",,"84022","COLLNUMB",,"0"
"4024752","CHE065","738","DONORNUMB",,"0"
"4024752",,"Igis-Forst","ACCENAME",,"0"
"4024752",,"738","COLLNUMB",,"0"
"4024753","CHE065","716","DONORNUMB",,"0"
"4024753",,"Ingenbohl","ACCENAME",,"0"
"4024753",,"716","COLLNUMB",,"0"
"4024754","CHE065","38847","DONORNUMB",,"0"
"4024754",,"Stammheim","ACCENAME",,"0"
"4024754",,"38847","COLLNUMB",,"0"
"4024755","CHE065","868","DONORNUMB",,"0"
"4024755",,"Hinterforst","ACCENAME",,"0"
"4024755",,"868","COLLNUMB",,"0"
"4024756","CHE065","701","DONORNUMB",,"0"
"4024756",,"Hermikon","ACCENAME",,"0"
"4024756",,"701","COLLNUMB",,"0"
"4024757","CHE065","860","DONORNUMB",,"0"
"4024757",,"Soglio","ACCENAME",,"0"
"4024757",,"860","COLLNUMB",,"0"
"4024758","CHE065","723","DONORNUMB",,"0"
"4024758",,"Schänis","ACCENAME",,"0"
"4024758",,"723","COLLNUMB",,"0"
"4024759","CHE065","33962","DONORNUMB",,"0"
"4024759",,"Fischenthal","ACCENAME",,"0"
"4024759",,"33962","COLLNUMB",,"0"
"4024760","CHE065","739","DONORNUMB",,"0"
"4024760",,"Kriessneri","ACCENAME",,"0"
"4024760",,"739","COLLNUMB",,"0"
"4024761","CHE065","849","DONORNUMB",,"0"
"4024761",,"Sax 2","ACCENAME",,"0"
"4024761",,"849","COLLNUMB",,"0"
"4024762","CHE065","734","DONORNUMB",,"0"
"4024762",,"Ambicka","ACCENAME",,"0"
"4024762",,"734","COLLNUMB",,"0"
"4024763","CHE065","859","DONORNUMB",,"0"
"4024763",,"Au","ACCENAME",,"0"
"4024763",,"859","COLLNUMB",,"0"
"4024764","CHE065","837","DONORNUMB",,"0"
"4024764",,"Hefenhofen","ACCENAME",,"0"
"4024764",,"837","COLLNUMB",,"0"
"4024765","CHE065","857","DONORNUMB",,"0"
"4024765",,"Euggelberg","ACCENAME",,"0"
"4024765",,"857","COLLNUMB",,"0"
"4024766","CHE065","856","DONORNUMB",,"0"
"4024766",,"Märstetten","ACCENAME",,"0"
"4024766",,"856","COLLNUMB",,"0"
"4024767",,"Gsell","ACCENAME",,"0"
"4024768","CHE065","128180","DONORNUMB",,"0"
"4024768",,"Benken","ACCENAME",,"0"
"4024768",,"128180","COLLNUMB",,"0"
"4024769","CHE065","171550","DONORNUMB",,"0"
"4024769",,"Altdorf","ACCENAME",,"0"
"4024769",,"171550","COLLNUMB",,"0"
"4024770","CHE065","724","DONORNUMB",,"0"
"4024770",,"Ziegelbrücke","ACCENAME",,"0"
"4024770",,"724","COLLNUMB",,"0"
"4024771","CHE065","115359","DONORNUMB",,"0"
"4024771",,"Goldingen","ACCENAME",,"0"
"4024771",,"115359","COLLNUMB",,"0"
"4024772","CHE065","830","DONORNUMB",,"0"
"4024772",,"rote Gubler 1","ACCENAME",,"0"
"4024772",,"830","COLLNUMB",,"0"
"4024773","CHE065","846","DONORNUMB",,"0"
"4024773",,"Dettighofen","ACCENAME",,"0"
"4024773",,"846","COLLNUMB",,"0"
"4024774","CHE065","861","DONORNUMB",,"0"
"4024774",,"Bondo","ACCENAME",,"0"
"4024774",,"861","COLLNUMB",,"0"
"4024775","CHE065","780","DONORNUMB",,"0"
"4024775",,"Fägswil","ACCENAME",,"0"
"4024775",,"780","COLLNUMB",,"0"
"4024776","CHE065","708","DONORNUMB",,"0"
"4024776",,"Hägglingen","ACCENAME",,"0"
"4024776",,"708","COLLNUMB",,"0"
"4024777","CHE065","91938","DONORNUMB",,"0"
"4024777",,"Hirschthal","ACCENAME",,"0"
"4024777",,"91938","COLLNUMB",,"0"
"4024778","CHE065","135007","DONORNUMB",,"0"
"4024778",,"Raperswilen","ACCENAME",,"0"
"4024778",,"135007","COLLNUMB",,"0"
"4024779",,"FRANQUETTE","ACCENAME",,"0"
"4024780","CHE065","750-01","DONORNUMB",,"0"
"4024780",,"750-01","COLLNUMB",,"0"
"4024780",,"COEUVE","ACCENAME",,"0"
"4024781","CHE065","750-01","DONORNUMB",,"0"
"4024781",,"750-01","COLLNUMB",,"0"
"4024781",,"COEUVE","ACCENAME",,"0"
"4024782","CHE065","121-01","DONORNUMB",,"0"
"4024782",,"121-01","COLLNUMB",,"0"
"4024782",,"MONT-LA-VILLE","ACCENAME",,"0"
"4024783","CHE065","840","DONORNUMB",,"0"
"4024783",,"Strasser","ACCENAME",,"0"
"4024783",,"840","COLLNUMB",,"0"
"4024784","CHE065","999-05","DONORNUMB",,"0"
"4024784",,"999-05","COLLNUMB",,"0"
"4024784",,"FRANCE RA611","ACCENAME",,"0"
"4024785",,"039-01","DONORNUMB",,"1"
"4024785",,"039-01","COLLNUMB",,"0"
"4024785",,"LE MONT-SUR-LAUSANNE 1","ACCENAME",,"0"
"4024786","CHE065","487-02","DONORNUMB",,"0"
"4024786",,"Russin","ACCENAME",,"0"
"4024786",,"487-02","COLLNUMB",,"0"
"4024787","CHE065","150-01","DONORNUMB",,"0"
"4024787",,"Allaman","ACCENAME",,"0"
"4024787",,"150-01","COLLNUMB",,"0"
"4024788","CHE065","380-01","DONORNUMB",,"0"
"4024788",,"Ecoteaux","ACCENAME",,"0"
"4024788",,"380-01","COLLNUMB",,"0"
"4024789","CHE065","440-02","DONORNUMB",,"0"
"4024789",,"440-02","COLLNUMB",,"0"
"4024789",,"FENALET","ACCENAME",,"0"
"4024790","CHE065","209-01","DONORNUMB",,"0"
"4024790",,"209-01","COLLNUMB",,"0"
"4024790",,"MOIRY","ACCENAME",,"0"
"4024791","CHE065","024-01","DONORNUMB",,"0"
"4024791",,"Prangins","ACCENAME",,"0"
"4024791",,"024-01","COLLNUMB",,"0"
"4024792","CHE065","390-02","DONORNUMB",,"0"
"4024792",,"390-02","COLLNUMB",,"0"
"4024792",,"BLONAY","ACCENAME",,"0"
"4024793","CHE065","216-02","DONORNUMB",,"0"
"4024793",,"216-02","COLLNUMB",,"0"
"4024793",,"ROMAINMÔTIER","ACCENAME",,"0"
"4024794","CHE065","504-01","DONORNUMB",,"0"
"4024794",,"504-01","COLLNUMB",,"0"
"4024794",,"LE LOCLE","ACCENAME",,"0"
"4024795","CHE065","503-01","DONORNUMB",,"0"
"4024795",,"503-01","COLLNUMB",,"0"
"4024795",,"ESTAVAYER-LE-LAC","ACCENAME",,"0"
"4024796","CHE065","043-01","DONORNUMB",,"0"
"4024796",,"Grandson","ACCENAME",,"0"
"4024796",,"043-01","COLLNUMB",,"0"
"4024797","CHE065","468-01","DONORNUMB",,"0"
"4024797",,"468-01","COLLNUMB",,"0"
"4024797",,"CARTIGNY","ACCENAME",,"0"
"4024798","CHE065","638-01","DONORNUMB",,"0"
"4024798",,"AUSSERBERG","ACCENAME",,"0"
"4024798",,"638-01","COLLNUMB",,"0"
"4024799","CHE065","012-01","DONORNUMB",,"0"
"4024799",,"Crissier","ACCENAME",,"0"
"4024799",,"012-01","COLLNUMB",,"0"
"4024800","CHE065","014-03","DONORNUMB",,"0"
"4024800",,"014-03","COLLNUMB",,"0"
"4024800",,"PENTHAZ","ACCENAME",,"0"
"4024801","CHE065","160-01","DONORNUMB",,"0"
"4024801",,"160-01","COLLNUMB",,"0"
"4024801",,"BURSINS","ACCENAME",,"0"
"4024802","CHE065","286-02","DONORNUMB",,"0"
"4024802",,"286-02","COLLNUMB",,"0"
"4024802",,"GIEZ","ACCENAME",,"0"
"4024803","CHE065","816","DONORNUMB",,"0"
"4024803",,"Jucker","ACCENAME",,"0"
"4024803",,"816","COLLNUMB",,"0"
"4024804","CHE065","291-01","DONORNUMB",,"0"
"4024804",,"291-01","COLLNUMB",,"0"
"4024804",,"GRESSY","ACCENAME",,"0"
"4024805","CHE065","039-02","DONORNUMB",,"0"
"4024805",,"039-02","COLLNUMB",,"0"
"4024805",,"LE MONT SUR LAUSANNE 2","ACCENAME",,"0"
"4024806","CHE065","614-01","DONORNUMB",,"0"
"4024806",,"NAX","ACCENAME",,"0"
"4024806",,"614-01","COLLNUMB",,"0"
"4024807","CHE065","858-01","DONORNUMB",,"0"
"4024807",,"858-01","COLLNUMB",,"0"
"4024807",,"MONTET","ACCENAME",,"0"
"4024808","CHE065","560-02","DONORNUMB",,"0"
"4024808",,"La Chaux-de-fonds","ACCENAME",,"0"
"4024808",,"560-02","COLLNUMB",,"0"
"4024809","CHE065","018-01","DONORNUMB",,"0"
"4024809",,"018-01","COLLNUMB",,"0"
"4024809",,"ESSERTINES-SUR-YVERDON","ACCENAME",,"0"
"4024810","CHE065","973-01","DONORNUMB",,"0"
"4024810",,"973-01","COLLNUMB",,"0"
"4024810",,"SALVENACH","ACCENAME",,"0"
"4024811","CHE065","312-01","DONORNUMB",,"0"
"4024811",,"312-01","COLLNUMB",,"0"
"4024811",,"YVONAND (AMY)","ACCENAME",,"0"
"4024812","CHE065","062-01","DONORNUMB",,"0"
"4024812",,"062-01","COLLNUMB",,"0"
"4024812",,"LONAY","ACCENAME",,"0"
"4024813","CHE065","506-01","DONORNUMB",,"0"
"4024813",,"506-01","COLLNUMB",,"0"
"4024813",,"VOLLEGES","ACCENAME",,"0"
"4024814",,"Gubler 105","ACCENAME",,"0"
"4024815",,"Fertilis Oesterreich","ACCENAME",,"0"
"4024816","CHE065","334-01","DONORNUMB",,"0"
"4024816",,"334-01","COLLNUMB",,"0"
"4024816",,"GRANGES-PRÉS-MARNAND","ACCENAME",,"0"
"4024817","CHE065","082-02","DONORNUMB",,"0"
"4024817",,"082-02","COLLNUMB",,"0"
"4024817",,"OULENS-SOUS-ECHALLENS","ACCENAME",,"0"
"4024818","CHE065","904-01","DONORNUMB",,"0"
"4024818",,"Thunstetter","ACCENAME",,"0"
"4024818",,"904-01","COLLNUMB",,"0"
"4024819","CHE065","186-01","DONORNUMB",,"0"
"4024819",,"186-01","COLLNUMB",,"0"
"4024819",,"ARZIER","ACCENAME",,"0"
"4024820","CHE065","420-02","DONORNUMB",,"0"
"4024820",,"420-02","COLLNUMB",,"0"
"4024820",,"CORBEYRIER","ACCENAME",,"0"
"4024821","CHE065","999-02","DONORNUMB",,"0"
"4024821",,"999-02","COLLNUMB",,"0"
"4024821",,"FEUILLES POURPRES","ACCENAME",,"0"
"4024822","CHE065","127-01","DONORNUMB",,"0"
"4024822",,"127-01","COLLNUMB",,"0"
"4024822",,"MONNAZ","ACCENAME",,"0"
"4024823","CHE065","494-01","DONORNUMB",,"0"
"4024823",,"Aire-la-Ville","ACCENAME",,"0"
"4024823",,"494-01","COLLNUMB",,"0"
"4024825","CHE065","799-01","DONORNUMB",,"0"
"4024825",,"Montbrelloz","ACCENAME",,"0"
"4024825",,"799-01","COLLNUMB",,"0"
"4024826","CHE065","815-01","DONORNUMB",,"0"
"4024826",,"815-01","COLLNUMB",,"0"
"4024826",,"SALES","ACCENAME",,"0"
"4024827","CHE065","999-04","DONORNUMB",,"0"
"4024827",,"999-04","COLLNUMB",,"0"
"4024827",,"ROTE DONAU","ACCENAME",,"0"
"4024828","CHE065","219-03","DONORNUMB",,"0"
"4024828",,"219-03","COLLNUMB",,"0"
"4024828",,"JURIENS","ACCENAME",,"0"
"4024829","CHE065","612-01","DONORNUMB",,"0"
"4024829",,"612-01","COLLNUMB",,"0"
"4024829",,"AYENT","ACCENAME",,"0"
"4024832","CHE065","936","DONORNUMB",,"0"
"4024832",,"936","COLLNUMB",,"0"
"4024832",,"HASEGÄSSLI","ACCENAME",,"0"
"4024833","CHE065","171225","DONORNUMB",,"0"
"4024833",,"Reiden","ACCENAME",,"0"
"4024833",,"171225","COLLNUMB",,"0"
"4024834","CHE065","814","DONORNUMB",,"0"
"4024834",,"Hanger","ACCENAME",,"0"
"4024834",,"814","COLLNUMB",,"0"
"4024836","CHE065","823","DONORNUMB",,"0"
"4024836",,"Wirz","ACCENAME",,"0"
"4024836",,"823","COLLNUMB",,"0"
"4024838","CHE065","1109","DONORNUMB",,"0"
"4024838",,"1109","COLLNUMB",,"0"
"4024838",,"STEINHAUSEN","ACCENAME",,"0"
"4024839","CHE065","818","DONORNUMB",,"0"
"4024839",,"MARCHETTI","ACCENAME",,"0"
"4024839",,"818","COLLNUMB",,"0"
"4024840","CHE065","1122","DONORNUMB",,"0"
"4024840",,"Horgen","ACCENAME",,"0"
"4024840",,"1122","COLLNUMB",,"0"
"4024845","CHE065","1045","DONORNUMB",,"0"
"4024845",,"Reinach","ACCENAME",,"0"
"4024845",,"1045","COLLNUMB",,"0"
"4024851","CHE065","146407","DONORNUMB",,"0"
"4024851",,"Ruswil","ACCENAME",,"0"
"4024851",,"146407","COLLNUMB",,"0"
"4024853","CHE065","824","DONORNUMB",,"0"
"4024853",,"Würms","ACCENAME",,"0"
"4024853",,"824","COLLNUMB",,"0"
"4024856","CHE065","1040","DONORNUMB",,"0"
"4024856",,"Illhart","ACCENAME",,"0"
"4024856",,"1040","COLLNUMB",,"0"
"4024859","CHE065","815","DONORNUMB",,"0"
"4024859",,"Hugnuss fertilis","ACCENAME",,"0"
"4024859",,"815","COLLNUMB",,"0"
"4024860","CHE065","936","DONORNUMB",,"0"
"4024860",,"Elischwand","ACCENAME",,"0"
"4024860",,"936","COLLNUMB",,"0"
"4024862","CHE065","920","DONORNUMB",,"0"
"4024862",,"Wyberg (Mattwil)","ACCENAME",,"0"
"4024862",,"920","COLLNUMB",,"0"
"4024863","CHE065","1104","DONORNUMB",,"0"
"4024863",,"1104","COLLNUMB",,"0"
"4024863",,"TELLENWIESE","ACCENAME",,"0"
"4024865","CHE065","796","DONORNUMB",,"0"
"4024865",,"Uhwiesen","ACCENAME",,"0"
"4024865",,"796","COLLNUMB",,"0"
"4024867","CHE065","916","DONORNUMB",,"0"
"4024867",,"Schalchen","ACCENAME",,"0"
"4024867",,"916","COLLNUMB",,"0"
"4024869","CHE065","725","DONORNUMB",,"0"
"4024869",,"Trimmis","ACCENAME",,"0"
"4024869",,"725","COLLNUMB",,"0"
"4024872","CHE065","817","DONORNUMB",,"0"
"4024872",,"Nyffenegger","ACCENAME",,"0"
"4024872",,"817","COLLNUMB",,"0"
"4024874","CHE065","822","DONORNUMB",,"0"
"4024874",,"Werner Kieser","ACCENAME",,"0"
"4024874",,"822","COLLNUMB",,"0"
"4024877","CHE065","1118","DONORNUMB",,"0"
"4024877",,"Galten","ACCENAME",,"0"
"4024877",,"1118","COLLNUMB",,"0"
"4024880","CHE105","506-01","DONORNUMB",,"0"
"4024880",,"Inconnu 82","ACCENAME",,"0"
"4024880",,"506-01","COLLNUMB",,"0"
"4024881","CHE105","123-04","DONORNUMB",,"0"
"4024881",,"123-04","COLLNUMB",,"0"
"4024881",,"INCONNU 23","ACCENAME",,"0"
"4024882","CHE105","039-01","DONORNUMB",,"0"
"4024882",,"039-01","COLLNUMB",,"0"
"4024882",,"LE MONT-SUR-LAUSANNE 1","ACCENAME",,"0"
"4024883","CHE065","024-01","DONORNUMB",,"0"
"4024883",,"024-01","COLLNUMB",,"0"
"4024883",,"PRANGINS","ACCENAME",,"0"
"4024884","CHE105","082-02","DONORNUMB",,"0"
"4024884",,"Oulens-sous-Echallens","ACCENAME",,"0"
"4024884",,"082-02","COLLNUMB",,"0"
"4024885","CHE105","390-02","DONORNUMB",,"0"
"4024885",,"390-02","COLLNUMB",,"0"
"4024885",,"INCONNU 58","ACCENAME",,"0"
"4024886","CHE105","638-01","DONORNUMB",,"0"
"4024886",,"AUSSERBERG","ACCENAME",,"0"
"4024886",,"638-01","COLLNUMB",,"0"
"4024888","CHE105","591-02","DONORNUMB",,"0"
"4024888",,"Riddes","ACCENAME",,"0"
"4024888",,"591-02","COLLNUMB",,"0"
"4024889","CHE105","150-01","DONORNUMB",,"0"
"4024889",,"150-01","COLLNUMB",,"0"
"4024889",,"ALLAMAN","ACCENAME",,"0"
"4024890","CHE105","506-01","DONORNUMB",,"0"
"4024890",,"506-01","COLLNUMB",,"0"
"4024890",,"VOLLEGES","ACCENAME",,"0"
"4024891","CHE105","440-02","DONORNUMB",,"0"
"4024891",,"440-02","COLLNUMB",,"0"
"4024891",,"INCONNU 70","ACCENAME",,"0"
"4024893","CHE105","039-01","DONORNUMB",,"0"
"4024893",,"Noyer à grappes 1","ACCENAME",,"0"
"4024893",,"039-01","COLLNUMB",,"0"
"4024894","CHE105","186-01","DONORNUMB",,"0"
"4024894",,"Noyer à grappes 3","ACCENAME",,"0"
"4024894",,"186-01","COLLNUMB",,"0"
"4024895","CHE105","012-01","DONORNUMB",,"0"
"4024895",,"Inconnu 176","ACCENAME",,"0"
"4024895",,"012-01","COLLNUMB",,"0"
"4024897","CHE105","815-01","DONORNUMB",,"0"
"4024897",,"815-01","COLLNUMB",,"0"
"4024897",,"SALES","ACCENAME",,"0"
"4024898","CHE105","614-01","DONORNUMB",,"0"
"4024898",,"NAX","ACCENAME",,"0"
"4024898",,"614-01","COLLNUMB",,"0"
"4024901","CHE105","380-01","DONORNUMB",,"0"
"4024901",,"Inconnu 55","ACCENAME",,"0"
"4024901",,"380-01","COLLNUMB",,"0"
"4024902","CHE105","380-01","DONORNUMB",,"0"
"4024902",,"380-01","COLLNUMB",,"0"
"4024902",,"ECOTEAUX","ACCENAME",,"0"
"4024903","CHE105","123-04","DONORNUMB",,"0"
"4024903",,"Cottens","ACCENAME",,"0"
"4024903",,"123-04","COLLNUMB",,"0"
"4024904","CHE105","494-01","DONORNUMB",,"0"
"4024904",,"Inconnu 76","ACCENAME",,"0"
"4024904",,"494-01","COLLNUMB",,"0"
"4024905","CHE105","614-01","DONORNUMB",,"0"
"4024905",,"Inconnu 105","ACCENAME",,"0"
"4024905",,"614-01","COLLNUMB",,"0"
"4024906","CHE105","062-01","DONORNUMB",,"0"
"4024906",,"062-01","COLLNUMB",,"0"
"4024906",,"LONAY","ACCENAME",,"0"
"4024907","CHE105","024-01","DONORNUMB",,"0"
"4024907",,"Prangins","ACCENAME",,"0"
"4024907",,"024-01","COLLNUMB",,"0"
"4024908","CHE105","497-01","DONORNUMB",,"0"
"4024908",,"Inconnu 78","ACCENAME",,"0"
"4024908",,"497-01","COLLNUMB",,"0"
"4024910","CHE105","612-01","DONORNUMB",,"0"
"4024910",,"Ayent","ACCENAME",,"0"
"4024910",,"612-01","COLLNUMB",,"0"
"4024911","CHE105","497-01","DONORNUMB",,"0"
"4024911",,"497-01","COLLNUMB",,"0"
"4024911",,"BELLEVUE","ACCENAME",,"0"
"4024912","CHE105","390-02","DONORNUMB",,"0"
"4024912",,"390-02","COLLNUMB",,"0"
"4024912",,"BLONAY","ACCENAME",,"0"
"4024913","CHE105","127-01","DONORNUMB",,"0"
"4024913",,"Monnaz","ACCENAME",,"0"
"4024913",,"127-01","COLLNUMB",,"0"
"4024914","CHE105","160-01","DONORNUMB",,"0"
"4024914",,"160-01","COLLNUMB",,"0"
"4024914",,"BURSINS","ACCENAME",,"0"
"4024915","CHE105","062-01","DONORNUMB",,"0"
"4024915",,"062-01","COLLNUMB",,"0"
"4024915",,"INCONNU 13","ACCENAME",,"0"
"4024916","CHE105","420-02","DONORNUMB",,"0"
"4024916",,"Corbeyrier","ACCENAME",,"0"
"4024916",,"420-02","COLLNUMB",,"0"
"4024917","CHE105","487-02","DONORNUMB",,"0"
"4024917",,"487-02","COLLNUMB",,"0"
"4024917",,"INCONNU 74","ACCENAME",,"0"
"4024918","CHE105","209-01","DONORNUMB",,"0"
"4024918",,"209-01","COLLNUMB",,"0"
"4024918",,"MOIRY","ACCENAME",,"0"
"4024919","CHE105","012-01","DONORNUMB",,"0"
"4024919",,"012-01","COLLNUMB",,"0"
"4024919",,"CRISSIER","ACCENAME",,"0"
"4024920","CHE105","082-02","DONORNUMB",,"0"
"4024920",,"082-02","COLLNUMB",,"0"
"4024920",,"INCONNU 16","ACCENAME",,"0"
"4024921","CHE105","629-02","DONORNUMB",,"0"
"4024921",,"629-02","COLLNUMB",,"0"
"4024921",,"INCONNU 107","ACCENAME",,"0"
"4024923","CHE105","440-02","DONORNUMB",,"0"
"4024923",,"440-02","COLLNUMB",,"0"
"4024923",,"FENALET","ACCENAME",,"0"
"4024924","CHE105","468-01","DONORNUMB",,"0"
"4024924",,"468-01","COLLNUMB",,"0"
"4024924",,"CARTIGNY","ACCENAME",,"0"
"4024926","CHE105","186-01","DONORNUMB",,"0"
"4024926",,"Arzier","ACCENAME",,"0"
"4024926",,"186-01","COLLNUMB",,"0"
"4024927","CHE105","420-02","DONORNUMB",,"0"
"4024927",,"420-02","COLLNUMB",,"0"
"4024927",,"INCONNU 66","ACCENAME",,"0"
"4024928","CHE105","487-02","DONORNUMB",,"0"
"4024928",,"487-02","COLLNUMB",,"0"
"4024928",,"RUSSIN","ACCENAME",,"0"
"4024929","CHE105","494-01","DONORNUMB",,"0"
"4024929",,"Aire-la-Ville","ACCENAME",,"0"
"4024929",,"494-01","COLLNUMB",,"0"
"4024930","CHE105","504-01","DONORNUMB",,"0"
"4024930",,"504-01","COLLNUMB",,"0"
"4024930",,"INCONNU 80","ACCENAME",,"0"
"4024931","CHE105","835-01","DONORNUMB",,"0"
"4024931",,"835-01","COLLNUMB",,"0"
"4024931",,"INCONNU 143","ACCENAME",,"0"
"4024932","CHE105","312-01","DONORNUMB",,"0"
"4024932",,"312-01","COLLNUMB",,"0"
"4024932",,"YVONAND (AMY)","ACCENAME",,"0"
"4024933","CHE105","999-01","DONORNUMB",,"0"
"4024933",,"999-01","COLLNUMB",,"0"
"4024933",,"HAUENSTEIN","ACCENAME",,"0"
"4024934","CHE105","291-01","DONORNUMB",,"0"
"4024934",,"291-01","COLLNUMB",,"0"
"4024934",,"GRESSY","ACCENAME",,"0"
"4024935","CHE105","018-01","DONORNUMB",,"0"
"4024935",,"Essertines--sur-Yverdon","ACCENAME",,"0"
"4024935",,"018-01","COLLNUMB",,"0"
"4024936","CHE105","999-05","DONORNUMB",,"0"
"4024936",,"RA611","ACCENAME",,"0"
"4024936",,"999-05","COLLNUMB",,"0"
"4024937","CHE105","973-01","DONORNUMB",,"0"
"4024937",,"Inconnu 167","ACCENAME",,"0"
"4024937",,"973-01","COLLNUMB",,"0"
"4024938","CHE105","286-02","DONORNUMB",,"0"
"4024938",,"286-02","COLLNUMB",,"0"
"4024938",,"INCONNU 52","ACCENAME",,"0"
"4024939","CHE105","039-03","DONORNUMB",,"0"
"4024939",,"Le Mont-sur-Lausanne 3","ACCENAME",,"0"
"4024939",,"039-03","COLLNUMB",,"0"
"4024940","CHE105","216-02","DONORNUMB",,"0"
"4024940",,"Inconnu 38","ACCENAME",,"0"
"4024940",,"216-02","COLLNUMB",,"0"
"4024941","CHE105","503-01","DONORNUMB",,"0"
"4024941",,"Inconnu 79","ACCENAME",,"0"
"4024941",,"503-01","COLLNUMB",,"0"
"4024942","CHE105","334-01","DONORNUMB",,"0"
"4024942",,"334-01","COLLNUMB",,"0"
"4024942",,"SEMIS DE BIJOUX 1","ACCENAME",,"0"
"4024943","CHE105","291-01","DONORNUMB",,"0"
"4024943",,"291-01","COLLNUMB",,"0"
"4024943",,"GRESSY","ACCENAME",,"0"
"4024944","CHE105","312-01","DONORNUMB",,"0"
"4024944",,"312-01","COLLNUMB",,"0"
"4024944",,"AMY","ACCENAME",,"0"
"4024945","CHE105","221-01","DONORNUMB",,"0"
"4024945",,"Mont-la-Ville","ACCENAME",,"0"
"4024945",,"221-01","COLLNUMB",,"0"
"4024946","CHE105","683-01","DONORNUMB",,"0"
"4024946",,"683-01","COLLNUMB",,"0"
"4024946",,"INCONNU 117","ACCENAME",,"0"
"4024947","CHE105","291-01","DONORNUMB",,"0"
"4024947",,"Inconnu 54","ACCENAME",,"0"
"4024947",,"291-01","COLLNUMB",,"0"
"4024948",,"751-01","COLLNUMB",,"0"
"4024948",,"FRANQUETTE","ACCENAME",,"0"
"4024949","CHE105","503-01","DONORNUMB",,"0"
"4024949",,"Estavayer-le-lac","ACCENAME",,"0"
"4024949",,"503-01","COLLNUMB",,"0"
"4024950","CHE105","560-02","DONORNUMB",,"0"
"4024950",,"560-02","COLLNUMB",,"0"
"4024950",,"INCONNU 95","ACCENAME",,"0"
"4024951","CHE105","750-01","DONORNUMB",,"0"
"4024951",,"750-01","COLLNUMB",,"0"
"4024951",,"COEUVE","ACCENAME",,"0"
"4024952","CHE105","560-02","DONORNUMB",,"0"
"4024952",,"La Chaux-de-fonds","ACCENAME",,"0"
"4024952",,"560-02","COLLNUMB",,"0"
"4024953","CHE105","219-03","DONORNUMB",,"0"
"4024953",,"Juriens","ACCENAME",,"0"
"4024953",,"219-03","COLLNUMB",,"0"
"4024954","CHE105","334-01","DONORNUMB",,"0"
"4024954",,"334-01","COLLNUMB",,"0"
"4024954",,"GRANGES-PRÉS-MARNAND","ACCENAME",,"0"
"4024955","CHE105","286-02","DONORNUMB",,"0"
"4024955",,"Giez","ACCENAME",,"0"
"4024955",,"286-02","COLLNUMB",,"0"
"4024956","CHE105","799-01","DONORNUMB",,"0"
"4024956",,"799-01","COLLNUMB",,"0"
"4024956",,"MONTBRELLOZ","ACCENAME",,"0"
"4024957","CHE105","043-01","DONORNUMB",,"0"
"4024957",,"043-01","COLLNUMB",,"0"
"4024957",,"GRANDSON","ACCENAME",,"0"
"4024958","CHE105","018-01","DONORNUMB",,"0"
"4024958",,"018-01","COLLNUMB",,"0"
"4024958",,"ESSERTINES--SUR-YVERDON","ACCENAME",,"0"
"4024959","CHE105","904-01","DONORNUMB",,"0"
"4024959",,"904-01","COLLNUMB",,"0"
"4024959",,"THUNSTETTER","ACCENAME",,"0"
"4024960","CHE105","505-02","DONORNUMB",,"0"
"4024960",,"505-02","COLLNUMB",,"0"
"4024960",,"INCONNU 81","ACCENAME",,"0"
"4024961","CHE105","014-03","DONORNUMB",,"0"
"4024961",,"Penthaz","ACCENAME",,"0"
"4024961",,"014-03","COLLNUMB",,"0"
"4024962","CHE105","904-01","DONORNUMB",,"0"
"4024962",,"Thunstetter","ACCENAME",,"0"
"4024962",,"904-01","COLLNUMB",,"0"
"4024963","CHE105","221-01","DONORNUMB",,"0"
"4024963",,"221-01","COLLNUMB",,"0"
"4024963",,"INCONNU 46","ACCENAME",,"0"
"4024964","CHE105","858-01","DONORNUMB",,"0"
"4024964",,"Montet","ACCENAME",,"0"
"4024964",,"858-01","COLLNUMB",,"0"
"4024965","CHE105","973-01","DONORNUMB",,"0"
"4024965",,"Salvenach","ACCENAME",,"0"
"4024965",,"973-01","COLLNUMB",,"0"
"4024966","CHE105","043-01","DONORNUMB",,"0"
"4024966",,"043-01","COLLNUMB",,"0"
"4024966",,"INCONNU 9","ACCENAME",,"0"
"4024967","CHE105","750-01","DONORNUMB",,"0"
"4024967",,"750-01","COLLNUMB",,"0"
"4024967",,"COEUVE","ACCENAME",,"0"
"4024968","CHE105","999-04","DONORNUMB",,"0"
"4024968",,"999-04","COLLNUMB",,"0"
"4024968",,"ROTE DONAU","ACCENAME",,"0"
"4024969","CHE105","999-02","DONORNUMB",,"0"
"4024969",,"999-02","COLLNUMB",,"0"
"4024969",,"NOYER FEUILLES POURPRES FAW","ACCENAME",,"0"
"4024970","CHE105","504-01","DONORNUMB",,"0"
"4024970",,"504-01","COLLNUMB",,"0"
"4024970",,"LE LOCLE","ACCENAME",,"0"
"4024971","CHE105","018-01","DONORNUMB",,"0"
"4024971",,"Inconnu 173","ACCENAME",,"0"
"4024971",,"018-01","COLLNUMB",,"0"
"4024972","CHE105","312-01","DONORNUMB",,"0"
"4024972",,"312-01","COLLNUMB",,"0"
"4024972",,"YVONAND (AMY)","ACCENAME",,"0"
"4024973","CHE105","835-01","DONORNUMB",,"0"
"4024973",,"Pont-la-Ville","ACCENAME",,"0"
"4024973",,"835-01","COLLNUMB",,"0"
"4024974","CHE105","216-02","DONORNUMB",,"0"
"4024974",,"Romainmôtier","ACCENAME",,"0"
"4024974",,"216-02","COLLNUMB",,"0"
"4024975",,"799-01","COLLNUMB",,"0"
"4024975",,"FRANQUETTE","ACCENAME",,"0"
"4024976","CHE105","560-02","DONORNUMB",,"0"
"4024976",,"560-02","COLLNUMB",,"0"
"4024976",,"LA CHAUX-DE-FONDS","ACCENAME",,"0"
"4024977","CHE105","815","DONORNUMB",,"0"
"4024977",,"Hugnuss fertilis","ACCENAME",,"0"
"4024977",,"815","COLLNUMB",,"0"
"4024978","CHE105","693-01","DONORNUMB",,"0"
"4024978",,"693-01","COLLNUMB",,"0"
"4024978",,"INCONNU 118","ACCENAME",,"0"
"4024979","CHE065","6.25","DONORNUMB",,"0"
"4024979",,"MONTBRELLOZ","ACCENAME",,"0"
"4024980",,"190-01","COLLNUMB",,"0"
"4024980",,"INCONNU 35","ACCENAME",,"0"
"4024981",,"Blonay Mutterbaum","ACCENAME",,"0"
"4024981",,"390-02","COLLNUMB",,"0"
"4024982",,"472-01","COLLNUMB",,"0"
"4024982",,"INCONNU 72","ACCENAME",,"0"
"4024983",,"612-01","COLLNUMB",,"0"
"4024983",,"AYENT MUTTERBAUM","ACCENAME",,"0"
"4024984",,"024-01","COLLNUMB",,"0"
"4024984",,"PRANGINS MUTTERBAUM","ACCENAME",,"0"
"4024985",,"Inconnu 68","ACCENAME",,"0"
"4024985",,"439-01","COLLNUMB",,"0"
"4024986",,"488-01","COLLNUMB",,"0"
"4024986",,"INCONNU 75","ACCENAME",,"0"
"4024987",,"Aire-la-Ville Mutterbaum","ACCENAME",,"0"
"4024987",,"494-01","COLLNUMB",,"0"
"4024988",,"Inconnu 31","ACCENAME",,"0"
"4024988",,"170-01","COLLNUMB",,"0"
"4024989",,"150-02","COLLNUMB",,"0"
"4024989",,"INCONNU 28","ACCENAME",,"0"
"4024990",,"591-01","COLLNUMB",,"0"
"4024990",,"INCONNU 99","ACCENAME",,"0"
"4024991",,"153-01","COLLNUMB",,"0"
"4024991",,"INCONNU 29","ACCENAME",,"0"
"4024992",,"Inconnu 67","ACCENAME",,"0"
"4024992",,"429-01","COLLNUMB",,"0"
"4024993",,"497-01","COLLNUMB",,"0"
"4024993",,"BELLEVUE MUTTERBAUM","ACCENAME",,"0"
"4024994",,"601-01","COLLNUMB",,"0"
"4024994",,"INCONNU 101","ACCENAME",,"0"
"4024995",,"661-01","COLLNUMB",,"0"
"4024995",,"INCONNU 112","ACCENAME",,"0"
"4024996",,"418-01","COLLNUMB",,"0"
"4024996",,"INCONNU 64","ACCENAME",,"0"
"4024997",,"Inconnu 97","ACCENAME",,"0"
"4024997",,"579-01","COLLNUMB",,"0"
"4024998",,"487-01","COLLNUMB",,"0"
"4024998",,"INCONNU 73","ACCENAME",,"0"
"4024999",,"591-02","COLLNUMB",,"0"
"4024999",,"RIDDES MUTTERBAUM","ACCENAME",,"0"
"4025000",,"Inconnu 77","ACCENAME",,"0"
"4025000",,"494-02","COLLNUMB",,"0"
"4025001",,"179-01","COLLNUMB",,"0"
"4025001",,"INCONNU 33","ACCENAME",,"0"
"4025002",,"580-01","COLLNUMB",,"0"
"4025002",,"INCONNU 98","ACCENAME",,"0"
"4025003",,"629-01","COLLNUMB",,"0"
"4025003",,"INCONNU 106","ACCENAME",,"0"
"4025004",,"614-01","COLLNUMB",,"0"
"4025004",,"NAX MUTTERBAUM","ACCENAME",,"0"
"4025005",,"Bursins Mutterbaum","ACCENAME",,"0"
"4025005",,"160-01","COLLNUMB",,"0"
"4025006",,"414-01","COLLNUMB",,"0"
"4025006",,"INCONNU 63","ACCENAME",,"0"
"4025007",,"Corbeyrier Mutterbaum","ACCENAME",,"0"
"4025007",,"420-02","COLLNUMB",,"0"
"4025008",,"487-02","COLLNUMB",,"0"
"4025008",,"RUSSIN","ACCENAME",,"0"
"4025009",,"664-01","COLLNUMB",,"0"
"4025009",,"INCONNU 114","ACCENAME",,"0"
"4025010",,"506-01","COLLNUMB",,"0"
"4025010",,"VOLLEGES MUTTERBAUM","ACCENAME",,"0"
"4025011",,"641-02","COLLNUMB",,"0"
"4025011",,"INCONNU 111","ACCENAME",,"0"
"4025012",,"Inconnu 12","ACCENAME",,"0"
"4025012",,"048-01","COLLNUMB",,"0"
"4025013",,"Arzier Mutterbaum","ACCENAME",,"0"
"4025013",,"186-01","COLLNUMB",,"0"
"4025014",,"440-02","COLLNUMB",,"0"
"4025014",,"FENALET MUTTERBAUM","ACCENAME",,"0"
"4025015",,"468-01","COLLNUMB",,"0"
"4025015",,"CARTIGNY MUTTERBAUM","ACCENAME",,"0"
"4025016",,"Inconnu 65","ACCENAME",,"0"
"4025016",,"420-01","COLLNUMB",,"0"
"4025017",,"662-01","COLLNUMB",,"0"
"4025017",,"INCONNU 113","ACCENAME",,"0"
"4025018",,"641-01","COLLNUMB",,"0"
"4025018",,"INCONNU 110","ACCENAME",,"0"
"4025019",,"638-01","COLLNUMB",,"0"
"4025019",,"AUSSERBERG MUTTERBAUM","ACCENAME",,"0"
"4025020",,"612-02","COLLNUMB",,"0"
"4025020",,"INCONNU 104","ACCENAME",,"0"
"4025021",,"390-01","COLLNUMB",,"0"
"4025021",,"INCONNU 57","ACCENAME",,"0"
"4025022",,"Inconnu 83","ACCENAME",,"0"
"4025022",,"506-02","COLLNUMB",,"0"
"4025023",,"601-02","COLLNUMB",,"0"
"4025023",,"INCONNU 102","ACCENAME",,"0"
"4025024",,"671-02","COLLNUMB",,"0"
"4025024",,"INCONNU 116","ACCENAME",,"0"
"4025025",,"440-01","COLLNUMB",,"0"
"4025025",,"INCONNU 69","ACCENAME",,"0"
"4025026",,"Allaman Mutterbaum","ACCENAME",,"0"
"4025026",,"150-01","COLLNUMB",,"0"
"4025027",,"671-01","COLLNUMB",,"0"
"4025027",,"INCONNU 115","ACCENAME",,"0"
"4025028",,"638-02","COLLNUMB",,"0"
"4025028",,"INCONNU 109","ACCENAME",,"0"
"4025029",,"629-02","COLLNUMB",,"0"
"4025029",,"INCONNU 107","ACCENAME",,"0"
"4025030",,"382-01","COLLNUMB",,"0"
"4025030",,"INCONNU 56","ACCENAME",,"0"
"4025031",,"Inconnu 32","ACCENAME",,"0"
"4025031",,"172-01","COLLNUMB",,"0"
"4025032",,"Inconnu 17","ACCENAME",,"0"
"4025032",,"084-01","COLLNUMB",,"0"
"4025033",,"Monnaz Mutterbaum","ACCENAME",,"0"
"4025033",,"127-01","COLLNUMB",,"0"
"4025034",,"221-03","COLLNUMB",,"0"
"4025034",,"INCONNU 48","ACCENAME",,"0"
"4025035",,"Inconnu 45","ACCENAME",,"0"
"4025035",,"219-04","COLLNUMB",,"0"
"4025036",,"209-01","COLLNUMB",,"0"
"4025036",,"MOIRY MUTTERBAUM","ACCENAME",,"0"
"4025037",,"859-01","COLLNUMB",,"0"
"4025037",,"INCONNU 147","ACCENAME",,"0"
"4025038",,"014-02","COLLNUMB",,"0"
"4025038",,"INCONNU 178","ACCENAME",,"0"
"4025039",,"Inconnu 180","ACCENAME",,"0"
"4025039",,"014-04","COLLNUMB",,"0"
"4025040",,"015-01","COLLNUMB",,"0"
"4025040",,"INCONNU 172","ACCENAME",,"0"
"4025041",,"073-01","COLLNUMB",,"0"
"4025041",,"INCONNU 14","ACCENAME",,"0"
"4025042",,"Inconnu 25","ACCENAME",,"0"
"4025042",,"140-01","COLLNUMB",,"0"
"4025043",,"027-01","COLLNUMB",,"0"
"4025043",,"INCONNU 3","ACCENAME",,"0"
"4025044",,"039-01","COLLNUMB",,"0"
"4025044",,"LE MONT-SUR-LAUSANNE 1 MUTTERBAUM","ACCENAME",,"0"
"4025045",,"002-03","COLLNUMB",,"0"
"4025045",,"INCONNU 175","ACCENAME",,"0"
"4025046",,"Inconnu 22","ACCENAME",,"0"
"4025046",,"123-03","COLLNUMB",,"0"
"4025047",,"858-01","COLLNUMB",,"0"
"4025047",,"MONTET MUTTERBAUM","ACCENAME",,"0"
"4025048",,"Inconnu 170","ACCENAME",,"0"
"4025048",,"014-06","COLLNUMB",,"0"
"4025049",,"002-01","COLLNUMB",,"0"
"4025049",,"INCONNU 1","ACCENAME",,"0"
"4025050",,"029-01","COLLNUMB",,"0"
"4025050",,"INCONNU 5","ACCENAME",,"0"
"4025051",,"Inconnu 4","ACCENAME",,"0"
"4025051",,"027-02","COLLNUMB",,"0"
"4025052",,"Inconnu 19","ACCENAME",,"0"
"4025052",,"112-01","COLLNUMB",,"0"
"4025053",,"014-07","COLLNUMB",,"0"
"4025053",,"INCONNU 171","ACCENAME",,"0"
"4025054",,"391-01","COLLNUMB",,"0"
"4025054",,"INCONNU 59","ACCENAME",,"0"
"4025055",,"145-01","COLLNUMB",,"0"
"4025055",,"INCONNU 26","ACCENAME",,"0"
"4025056",,"221-01","COLLNUMB",,"0"
"4025056",,"MONT-LA-VILLE MUTTERBAUM","ACCENAME",,"0"
"4025057",,"Inconnu 20","ACCENAME",,"0"
"4025057",,"123-01","COLLNUMB",,"0"
"4025058",,"Sâles Mutterbaum","ACCENAME",,"0"
"4025058",,"815-01","COLLNUMB",,"0"
"4025059",,"Penthaz Mutterbaum","ACCENAME",,"0"
"4025059",,"014-03","COLLNUMB",,"0"
"4025060",,"391-02","COLLNUMB",,"0"
"4025060",,"INCONNU 60","ACCENAME",,"0"
"4025061",,"Inconnu 18","ACCENAME",,"0"
"4025061",,"096-01","COLLNUMB",,"0"
"4025062",,"806-01","COLLNUMB",,"0"
"4025062",,"INCONNU 141","ACCENAME",,"0"
"4025063",,"123-04","COLLNUMB",,"0"
"4025063",,"COTTENS MUTTERBAUM","ACCENAME",,"0"
"4025064",,"Inconnu 21","ACCENAME",,"0"
"4025064",,"123-02","COLLNUMB",,"0"
"4025065",,"062-01","COLLNUMB",,"0"
"4025065",,"LONAY MUTTERBAUM","ACCENAME",,"0"
"4025066",,"Juriens Mutterbaum","ACCENAME",,"0"
"4025066",,"219-03","COLLNUMB",,"0"
"4025067",,"Inconnu 43","ACCENAME",,"0"
"4025067",,"219-02","COLLNUMB",,"0"
"4025068",,"Crissier Mutterbaum","ACCENAME",,"0"
"4025068",,"012-01","COLLNUMB",,"0"
"4025069",,"082-02","COLLNUMB",,"0"
"4025069",,"OULENS-SOUS-ECHALLENS MUTTERBAUM","ACCENAME",,"0"
"4025070",,"219-01","COLLNUMB",,"0"
"4025070",,"INCONNU 42","ACCENAME",,"0"
"4025071",,"Inconnu 145","ACCENAME",,"0"
"4025071",,"853-01","COLLNUMB",,"0"
"4025072",,"Inconnu 15","ACCENAME",,"0"
"4025072",,"082-01","COLLNUMB",,"0"
"4025073",,"875-01","COLLNUMB",,"0"
"4025073",,"INCONNU 148","ACCENAME",,"0"
"4025074",,"014-01","COLLNUMB",,"0"
"4025074",,"INCONNU 177","ACCENAME",,"0"
"4025075",,"Inconnu 174","ACCENAME",,"0"
"4025075",,"002-02","COLLNUMB",,"0"
"4025076",,"Le Mont-sur-Lausanne 2 Mutterbaum","ACCENAME",,"0"
"4025076",,"039-02","COLLNUMB",,"0"
"4025077",,"802-01","COLLNUMB",,"0"
"4025077",,"INCONNU 140","ACCENAME",,"0"
"4025078",,"852-01","COLLNUMB",,"0"
"4025078",,"INCONNU 144","ACCENAME",,"0"
"4025079",,"380-01","COLLNUMB",,"0"
"4025079",,"ECOTEAUX MUTTERBAUM","ACCENAME",,"0"
"4025080",,"563-01","COLLNUMB",,"0"
"4025080",,"INCONNU 96","ACCENAME",,"0"
"4025081",,"941-01","COLLNUMB",,"0"
"4025081",,"INCONNU 161","ACCENAME",,"0"
"4025082",,"Inconnu 131","ACCENAME",,"0"
"4025082",,"764-02","COLLNUMB",,"0"
"4025083",,"Grandson Mutterbaum","ACCENAME",,"0"
"4025083",,"043-01","COLLNUMB",,"0"
"4025084",,"835-01","COLLNUMB",,"0"
"4025084",,"PONT-LA-VILLE MUTTERBAUM","ACCENAME",,"0"
"4025085",,"Inconnu 129","ACCENAME",,"0"
"4025085",,"763-01","COLLNUMB",,"0"
"4025086",,"216-02","COLLNUMB",,"0"
"4025086",,"ROMAINMÔTIER MUTTERBAUM","ACCENAME",,"0"
"4025087",,"799-01","COLLNUMB",,"0"
"4025087",,"MONTBRELLOZ MUTTERBAUM","ACCENAME",,"0"
"4025088",,"Inconnu 10","ACCENAME",,"0"
"4025088",,"043-02","COLLNUMB",,"0"
"4025089",,"286-03","COLLNUMB",,"0"
"4025089",,"INCONNU 53","ACCENAME",,"0"
"4025090",,"890-02","COLLNUMB",,"0"
"4025090",,"INCONNU 151","ACCENAME",,"0"
"4025091",,"018-01","COLLNUMB",,"0"
"4025091",,"ESSERTINES-SUR-YVERDON MUTTERBAUM","ACCENAME",,"0"
"4025092",,"955-01","COLLNUMB",,"0"
"4025092",,"INCONNU 162","ACCENAME",,"0"
"4025093",,"904-01","COLLNUMB",,"0"
"4025093",,"THUNSTETTER MUTTERBAUM","ACCENAME",,"0"
"4025094",,"887-01","COLLNUMB",,"0"
"4025094",,"INCONNU 149","ACCENAME",,"0"
"4025095",,"503-01","COLLNUMB",,"0"
"4025095",,"ESTAVAYER-LE-LAC MUTTERBAUM","ACCENAME",,"0"
"4025096",,"Inconnu 157","ACCENAME",,"0"
"4025096",,"934-01","COLLNUMB",,"0"
"4025097",,"Inconnu 88","ACCENAME",,"0"
"4025097",,"520-03","COLLNUMB",,"0"
"4025098",,"Inconnu 49","ACCENAME",,"0"
"4025098",,"279-01","COLLNUMB",,"0"
"4025099",,"925-01","COLLNUMB",,"0"
"4025099",,"INCONNU 155","ACCENAME",,"0"
"4025100",,"291-01","COLLNUMB",,"0"
"4025100",,"GRESSY MUTTERBAUM","ACCENAME",,"0"
"4025101",,"798-01","COLLNUMB",,"0"
"4025101",,"INCONNU 138","ACCENAME",,"0"
"4025102",,"890-01","COLLNUMB",,"0"
"4025102",,"INCONNU 150","ACCENAME",,"0"
"4025103",,"Inconnu 166","ACCENAME",,"0"
"4025103",,"963-01","COLLNUMB",,"0"
"4025104",,"Inconnu 50","ACCENAME",,"0"
"4025104",,"283-01","COLLNUMB",,"0"
"4025105",,"789-01","COLLNUMB",,"0"
"4025105",,"INCONNU 135","ACCENAME",,"0"
"4025106",,"960-01","COLLNUMB",,"0"
"4025106",,"INCONNU 165","ACCENAME",,"0"
"4025107",,"Inconnu 39","ACCENAME",,"0"
"4025107",,"216-03","COLLNUMB",,"0"
"4025108",,"520-02","COLLNUMB",,"0"
"4025108",,"INCONNU 87","ACCENAME",,"0"
"4025109",,"Semis de bijoux 2","ACCENAME",,"0"
"4025109",,"334-02","COLLNUMB",,"0"
"4025110",,"925-02","COLLNUMB",,"0"
"4025110",,"INCONNU 156","ACCENAME",,"0"
"4025111",,"794-01","COLLNUMB",,"0"
"4025111",,"INCONNU 136","ACCENAME",,"0"
"4025112",,"520-01","COLLNUMB",,"0"
"4025112",,"INCONNU 86","ACCENAME",,"0"
"4025113",,"Yvonand (Amy) Mutterbaum","ACCENAME",,"0"
"4025113",,"312-01","COLLNUMB",,"0"
"4025114",,"043-03","COLLNUMB",,"0"
"4025114",,"INCONNU 11","ACCENAME",,"0"
"4025115",,"Inconnu 134","ACCENAME",,"0"
"4025115",,"775-02","COLLNUMB",,"0"
"4025116",,"Inconnu 51","ACCENAME",,"0"
"4025116",,"286-01","COLLNUMB",,"0"
"4025117",,"940-02","COLLNUMB",,"0"
"4025117",,"INCONNU 160","ACCENAME",,"0"
"4025118",,"903-01","COLLNUMB",,"0"
"4025118",,"INCONNU 154","ACCENAME",,"0"
"4025119",,"955-02","COLLNUMB",,"0"
"4025119",,"INCONNU 163","ACCENAME",,"0"
"4025120",,"Inconnu 132","ACCENAME",,"0"
"4025120",,"766-01","COLLNUMB",,"0"
"4025121",,"940-01","COLLNUMB",,"0"
"4025121",,"INCONNU 159","ACCENAME",,"0"
"4025122",,"Inconnu 152","ACCENAME",,"0"
"4025122",,"890-03","COLLNUMB",,"0"
"4025123",,"Inconnu 41","ACCENAME",,"0"
"4025123",,"217-01","COLLNUMB",,"0"
"4025124",,"Inconnu 37","ACCENAME",,"0"
"4025124",,"216-01","COLLNUMB",,"0"
"4025125",,"936-01","COLLNUMB",,"0"
"4025125",,"INCONNU 158","ACCENAME",,"0"
"4025126",,"334-01","COLLNUMB",,"0"
"4025126",,"GRANGES-PRÉS-MARNAND MUTTERBAUM","ACCENAME",,"0"
"4025127",,"764-01","COLLNUMB",,"0"
"4025127",,"INCONNU 130","ACCENAME",,"0"
"4025128",,"Giez Mutterbaum","ACCENAME",,"0"
"4025128",,"286-02","COLLNUMB",,"0"
"4025129",,"216-04","COLLNUMB",,"0"
"4025129",,"INCONNU 40","ACCENAME",,"0"
"4025130",,"Dinhard Mutterbaum","ACCENAME",,"0"
"4025131",,"Inconnu 123","ACCENAME",,"0"
"4025131",,"735-01","COLLNUMB",,"0"
"4025132",,"rote Gubler Mutterstock","ACCENAME",,"0"
"4025133",,"973-03","COLLNUMB",,"0"
"4025133",,"INCONNU 169","ACCENAME",,"0"
"4025134",,"973-01","COLLNUMB",,"0"
"4025134",,"SALVENACH MUTTERBAUM","ACCENAME",,"0"
"4025135",,"Grasswil Mutterbaum","ACCENAME",,"0"
"4025136",,"Inconnu 124","ACCENAME",,"0"
"4025136",,"739-01","COLLNUMB",,"0"
"4025137",,"Inconnu 92","ACCENAME",,"0"
"4025137",,"536-02","COLLNUMB",,"0"
"4025138",,"Inconnu 137","ACCENAME",,"0"
"4025138",,"795-01","COLLNUMB",,"0"
"4025139",,"Inconnu 121","ACCENAME",,"0"
"4025139",,"705-01","COLLNUMB",,"0"
"4025140",,"536-01","COLLNUMB",,"0"
"4025140",,"INCONNU 91","ACCENAME",,"0"
"4025141",,"Stammheim Mutterbaum","ACCENAME",,"0"
"4025142",,"Inconnu 122","ACCENAME",,"0"
"4025142",,"716-01","COLLNUMB",,"0"
"4025143",,"Inconnu 127","ACCENAME",,"0"
"4025143",,"751-01","COLLNUMB",,"0"
"4025144",,"Babenthal Mutterbaum","ACCENAME",,"0"
"4025145",,"Inconnu 89","ACCENAME",,"0"
"4025145",,"521-01","COLLNUMB",,"0"
"4025146",,"Grafenried Mutterbaum","ACCENAME",,"0"
"4025147",,"693-01","COLLNUMB",,"0"
"4025147",,"INCONNU 118","ACCENAME",,"0"
"4025148",,"516-02","COLLNUMB",,"0"
"4025148",,"INCONNU 85","ACCENAME",,"0"
"4025149",,"359-01","COLLNUMB",,"0"
"4025149",,"BIJOUX 1","ACCENAME",,"0"
"4025150",,"STEINHAUSEN MUTTERBAUM","ACCENAME",,"0"
"4025151",,"750-01","COLLNUMB",,"0"
"4025151",,"COEUVE MUTTERBAUM","ACCENAME",,"0"
"4025152",,"696-01","COLLNUMB",,"0"
"4025152",,"INCONNU 119","ACCENAME",,"0"
"4025153",,"Neuenegg Mutterbaum","ACCENAME",,"0"
"4025154",,"Horgen Mutterbaum","ACCENAME",,"0"
"4025155",,"Reiden Mutterbaum","ACCENAME",,"0"
"4025156",,"REINACH MUTTERBAUM","ACCENAME",,"0"
"4025157",,"Raperswilen Mutterbaum","ACCENAME",,"0"
"4025158",,"Inconnu 81","ACCENAME",,"0"
"4025158",,"505-02","COLLNUMB",,"0"
"4025159",,"536-03","COLLNUMB",,"0"
"4025159",,"INCONNU 93","ACCENAME",,"0"
"4025160",,"504-01","COLLNUMB",,"0"
"4025160",,"LE LOCLE MUTTERBAUM","ACCENAME",,"0"
"4025161",,"560-02","COLLNUMB",,"0"
"4025161",,"LA CHAUX-DE-FONDS MUTTERBAUM","ACCENAME",,"0"
"4025162",,"752-01","COLLNUMB",,"0"
"4025162",,"INCONNU 128","ACCENAME",,"0"
"4025163",,"TELLENWIESE MUTTERBAUM","ACCENAME",,"0"
"4025164",,"Fischenthal Mutterbaum","ACCENAME",,"0"
"4025165",,"Altbüron Mutterbaum","ACCENAME",,"0"
"4025166",,"Goldingen Mutterbaum","ACCENAME",,"0"
"4025167",,"ILLHART MUTTERBAUM","ACCENAME",,"0"
"4025168",,"Inconnu 120","ACCENAME",,"0"
"4025168",,"704-01","COLLNUMB",,"0"
"4025169",,"516-01","COLLNUMB",,"0"
"4025169",,"INCONNU 84","ACCENAME",,"0"
"4025170",,"Inconnu 117","ACCENAME",,"0"
"4025170",,"683-01","COLLNUMB",,"0"
"4025171",,"Scharans Mutterbaum","ACCENAME",,"0"
"4025172",,"Bijoux 3","ACCENAME",,"0"
"4025172",,"703-01","COLLNUMB",,"0"
"4025173",,"Schwamendingen Mutterbaum","ACCENAME",,"0"
"4025174",,"Altdorf Mutterbaum","ACCENAME",,"0"
"4025175",,"Benken Mutterbaum","ACCENAME",,"0"
"4025176",,"GALTEN MUTTERBAUM","ACCENAME",,"0"
"4025177",,"532-01","COLLNUMB",,"0"
"4025177",,"INCONNU 90","ACCENAME",,"0"
"4025178",,"HASEGÄSSLI MUTTERBAUM","ACCENAME",,"0"
"4025179",,"748-01","COLLNUMB",,"0"
"4025179",,"INCONNU 125","ACCENAME",,"0"
"4025180",,"Marchetti Mutterbaum","ACCENAME",,"0"
"4025181",,"Wyberg Mutterbaum","ACCENAME",,"0"
"4025182",,"Gams Mutterbaum","ACCENAME",,"0"
"4025183",,"Kriessneri Mutterbaum","ACCENAME",,"0"
"4025184",,"Wohlen Mutterbaum","ACCENAME",,"0"
"4025185",,"Schalchen Mutterbaum","ACCENAME",,"0"
"4025186",,"Uhwiesen Mutterbaum","ACCENAME",,"0"
"4025187",,"Igis-Forst Mutterbaum","ACCENAME",,"0"
"4025188",,"Ambicka Mutterbaum","ACCENAME",,"0"
"4025189",,"Märstetten Mutterbaum","ACCENAME",,"0"
"4025190",,"Hägglingen Mutterbaum","ACCENAME",,"0"
"4025191",,"Hirschthal Mutterbaum","ACCENAME",,"0"
"4025192",,"Ingenbohl Mutterbaum","ACCENAME",,"0"
"4025193",,"Nyffenegger Mutterbaum","ACCENAME",,"0"
"4025194",,"Trimmis Mutterbaum","ACCENAME",,"0"
"4025195",,"Bondo Mutterbaum","ACCENAME",,"0"
"4025196",,"Hefenhofen Mutterbaum","ACCENAME",,"0"
"4025197",,"Sägewiese Mutterstock","ACCENAME",,"0"
"4025198",,"Kappeler Mutterbaum","ACCENAME",,"0"
"4025199",,"Schänis Mutterbaum","ACCENAME",,"0"
"4025200",,"Roggwil Mutterbaum","ACCENAME",,"0"
"4025201",,"Ziegelbrücke Mutterbaum","ACCENAME",,"0"
"4025202",,"Hinwil Mutterbaum","ACCENAME",,"0"
"4025203",,"Jucker Mutterbaum","ACCENAME",,"0"
"4025204",,"Castasegna Mutterbaum","ACCENAME",,"0"
"4025205",,"Napoleon Mutterbaum","ACCENAME",,"0"
"4025206",,"Elischwand Mutterbaum","ACCENAME",,"0"
"4025207",,"Hugnuss fertilis Mutterbaum","ACCENAME",,"0"
"4025208",,"Strasser Mutterbaum","ACCENAME",,"0"
"4025209",,"Sax 2 Mutterstock","ACCENAME",,"0"
"4025210",,"Au Mutterbaum","ACCENAME",,"0"
"4025211",,"Würms Mutterbaum","ACCENAME",,"0"
"4025212",,"Bad Ragaz Mutterbaum","ACCENAME",,"0"
"4025213",,"Soglio Mutterbaum","ACCENAME",,"0"
"4025214",,"Manelsa Mutterbaum","ACCENAME",,"0"
"4025215",,"Euggelberg Mutterbaum","ACCENAME",,"0"
"4025216",,"Wirz Mutterbaum","ACCENAME",,"0"
"4025217",,"Kalam Mutterbaum","ACCENAME",,"0"
"4025218",,"Igis-Birkholz Mutterbaum","ACCENAME",,"0"
"4025219",,"Giswil Mutterbaum","ACCENAME",,"0"
"4025220",,"Lidwien von Räfis Mutterbaum","ACCENAME",,"0"
"4025221",,"Hermikon Mutterbaum","ACCENAME",,"0"
"4025222",,"Hinterforst Mutterbaum","ACCENAME",,"0"
"4025223",,"Fägswil Mutterbaum","ACCENAME",,"0"
"4025224",,"Dettighofen Mutterbaum","ACCENAME",,"0"
"4025225",,"Sax 1 Mutterstock","ACCENAME",,"0"
"4025226",,"Hanger Mutterbaum","ACCENAME",,"0"
"4025227",,"Guschelmuth Mutterbaum","ACCENAME",,"0"
"4025228",,"Werner Kieser Mutterbaum","ACCENAME",,"0"
"4025229",,"Gansingen Mutterbaum","ACCENAME",,"0"
"4025230",,"Bözberg Mutterbaum","ACCENAME",,"0"
"4025231",,"Viznau Mutterbaum","ACCENAME",,"0"
"4025232",,"Gebenstorf Mutterbaum","ACCENAME",,"0"
"4025237","CHE065","95373","DONORNUMB",,"0"
"4025237",,"Gebenstorf","ACCENAME",,"0"
"4025237",,"95373","COLLNUMB",,"0"
"4025239","CHE065","497-01","DONORNUMB",,"0"
"4025239",,"497-01","COLLNUMB",,"0"
"4025239",,"Bellevue","ACCENAME",,"0"
"4025241","CHE065","5.2","DONORNUMB",,"0"
"4025241",,"Kurmarker G1247","ACCENAME",,"0"
"4025242","CHE065","039-02","DONORNUMB",,"0"
"4025242",,"039-02","COLLNUMB",,"0"
"4025242",,"LE MONT-SUR-LAUSANNE 2","ACCENAME",,"0"
"4025244","CHE065","039-03","DONORNUMB",,"0"
"4025244",,"039-03","COLLNUMB",,"0"
"4025244",,"LE MONT-SUR-LAUSANNE 3","ACCENAME",,"0"
"4025245","CHE065","866","DONORNUMB",,"0"
"4025245",,"Giswil","ACCENAME",,"0"
"4025245",,"866","COLLNUMB",,"0"
"4025246","CHE065","877","DONORNUMB",,"0"
"4025246",,"Sägewiese","ACCENAME",,"0"
"4025246",,"877","COLLNUMB",,"0"
"4025249","CHE065","934","DONORNUMB",,"0"
"4025249",,"Vitznau","ACCENAME",,"0"
"4025249",,"934","COLLNUMB",,"0"
"4025254",,"Kurmarker (G1247)","ACCENAME",,"0"
"4025257","CHE065","921","DONORNUMB",,"0"
"4025257",,"Napoleon","ACCENAME",,"0"
"4025257",,"921","COLLNUMB",,"0"
"4025262","CHE065","81952","DONORNUMB",,"0"
"4025262",,"Wohlen","ACCENAME",,"0"
"4025262",,"81952","COLLNUMB",,"0"
"4025265","CHE065","591-02","DONORNUMB",,"0"
"4025265",,"591-02","COLLNUMB",,"0"
"4025265",,"RIDDES","ACCENAME",,"0"
"4025267","CHE065","6.12","DONORNUMB",,"0"
"4025267",,"ECOTEAUX","ACCENAME",,"0"
"4025270","CHE065","123-04","DONORNUMB",,"0"
"4025270",,"123-04","COLLNUMB",,"0"
"4025270",,"COTTENS","ACCENAME",,"0"
"4025273","CHE065","835-01","DONORNUMB",,"0"
"4025273",,"835-01","COLLNUMB",,"0"
"4025273",,"PONT-LA-VILLE","ACCENAME",,"0"
"4025275","CHE065","744","DONORNUMB",,"0"
"4025275",,"Kalam","ACCENAME",,"0"
"4025275",,"744","COLLNUMB",,"0"
"4025290","CHE065","6.52","DONORNUMB",,"0"
"4025290",,"Rote Donau","ACCENAME",,"0"
"4025302","CHE065","6.31","DONORNUMB",,"0"
"4025302",,"ROMAINMÔTIER","ACCENAME",,"0"
"4025308","CHE065","6.27","DONORNUMB",,"0"
"4025308",,"NAX","ACCENAME",,"0"
"4025313","CHE065","6.14","DONORNUMB",,"0"
"4025313",,"Feuilles pourpres","ACCENAME",,"0"
"4026800","CHE065","Vergleichssorte","DONORNUMB",,"0"
"4026800",,"2","COLLNUMB",,"0"
"4026800",,"WEINSBERG (KURMARKER)","ACCENAME",,"0"
"4026801","CHE065","704","DONORNUMB",,"0"
"4026801",,"Grafenried","ACCENAME",,"0"
"4026801",,"704","COLLNUMB",,"0"
"4026802","CHE065","857","DONORNUMB",,"0"
"4026802",,"Euggelberg","ACCENAME",,"0"
"4026802",,"857","COLLNUMB",,"0"
"4026803","CHE065","701","DONORNUMB",,"0"
"4026803",,"Hermikon","ACCENAME",,"0"
"4026803",,"701","COLLNUMB",,"0"
"4026804","CHE065","135007","DONORNUMB",,"0"
"4026804",,"Raperswilen","ACCENAME",,"0"
"4026804",,"135007","COLLNUMB",,"0"
"4026805","CHE065","878","DONORNUMB",,"0"
"4026805",,"Roggwil","ACCENAME",,"0"
"4026805",,"878","COLLNUMB",,"0"
"4026806","CHE065","33962","DONORNUMB",,"0"
"4026806",,"Fischenthal","ACCENAME",,"0"
"4026806",,"33962","COLLNUMB",,"0"
"4026807","CHE065","53677","DONORNUMB",,"0"
"4026807",,"Grasswil","ACCENAME",,"0"
"4026807",,"53677","COLLNUMB",,"0"
"4026808","CHE065","716","DONORNUMB",,"0"
"4026808",,"Ingenbohl","ACCENAME",,"0"
"4026808",,"716","COLLNUMB",,"0"
"4026809","CHE065","34287","DONORNUMB",,"0"
"4026809",,"Dinhard","ACCENAME",,"0"
"4026809",,"34287","COLLNUMB",,"0"
"4026810","CHE065","739","DONORNUMB",,"0"
"4026810",,"Kriessneri","ACCENAME",,"0"
"4026810",,"739","COLLNUMB",,"0"
"4026811","CHE065","Standartsorte","DONORNUMB",,"0"
"4026811",,"1","COLLNUMB",,"0"
"4026811",,"FRANQUETTE","ACCENAME",,"0"
"4026812","CHE065","95373","DONORNUMB",,"0"
"4026812",,"Gebenstorf","ACCENAME",,"0"
"4026812",,"95373","COLLNUMB",,"0"
"4026813","CHE065","171225","DONORNUMB",,"0"
"4026813",,"Reiden","ACCENAME",,"0"
"4026813",,"171225","COLLNUMB",,"0"
"4026814","CHE065","734","DONORNUMB",,"0"
"4026814",,"Ambicka","ACCENAME",,"0"
"4026814",,"734","COLLNUMB",,"0"
"4026815","CHE065","818","DONORNUMB",,"0"
"4026815",,"MARCHETTI","ACCENAME",,"0"
"4026815",,"818","COLLNUMB",,"0"
"4026816","CHE065","171517","DONORNUMB",,"0"
"4026816",,"Altbüron","ACCENAME",,"0"
"4026816",,"171517","COLLNUMB",,"0"
"4026817","CHE065","45343","DONORNUMB",,"0"
"4026817",,"Babenthal","ACCENAME",,"0"
"4026817",,"45343","COLLNUMB",,"0"
"4026818","CHE065","835","DONORNUMB",,"0"
"4026818",,"Bözberg","ACCENAME",,"0"
"4026818",,"835","COLLNUMB",,"0"
"4026819","CHE065","744","DONORNUMB",,"0"
"4026819",,"Kalam","ACCENAME",,"0"
"4026819",,"744","COLLNUMB",,"0"
"4026820","CHE065","732","DONORNUMB",,"0"
"4026820",,"Bad Ragaz","ACCENAME",,"0"
"4026820",,"732","COLLNUMB",,"0"
"4026821","CHE065","920","DONORNUMB",,"0"
"4026821",,"Mattwil (Wyberg)","ACCENAME",,"0"
"4026821",,"920","COLLNUMB",,"0"
"4026822","CHE065","936","DONORNUMB",,"0"
"4026822",,"Elischwand","ACCENAME",,"0"
"4026822",,"936","COLLNUMB",,"0"
"4026823","CHE065","808","DONORNUMB",,"0"
"4026823",,"Hinwil","ACCENAME",,"0"
"4026823",,"808","COLLNUMB",,"0"
"4026824","CHE065","861","DONORNUMB",,"0"
"4026824",,"Bondo","ACCENAME",,"0"
"4026824",,"861","COLLNUMB",,"0"
"4026825","CHE065","128180","DONORNUMB",,"0"
"4026825",,"Benken","ACCENAME",,"0"
"4026825",,"128180","COLLNUMB",,"0"
"4026826","CHE065","866","DONORNUMB",,"0"
"4026826",,"Giswil","ACCENAME",,"0"
"4026826",,"866","COLLNUMB",,"0"
"4026827","CHE065","708","DONORNUMB",,"0"
"4026827",,"Hägglingen","ACCENAME",,"0"
"4026827",,"708","COLLNUMB",,"0"
"4026828","CHE065","921","DONORNUMB",,"0"
"4026828",,"Napoleon","ACCENAME",,"0"
"4026828",,"921","COLLNUMB",,"0"
"4026829","CHE065","856","DONORNUMB",,"0"
"4026829",,"Märstetten","ACCENAME",,"0"
"4026829",,"856","COLLNUMB",,"0"
"4026830","CHE065","814","DONORNUMB",,"0"
"4026830",,"Hanger","ACCENAME",,"0"
"4026830",,"814","COLLNUMB",,"0"
"4026831","CHE065","738","DONORNUMB",,"0"
"4026831",,"Igis-Forst","ACCENAME",,"0"
"4026831",,"738","COLLNUMB",,"0"
"4026832","CHE065","171550","DONORNUMB",,"0"
"4026832",,"Altdorf","ACCENAME",,"0"
"4026832",,"171550","COLLNUMB",,"0"
"4026833","CHE065","830","DONORNUMB",,"0"
"4026833",,"rote Gubler","ACCENAME",,"0"
"4026833",,"830","COLLNUMB",,"0"
"4026834","CHE065","707","DONORNUMB",,"0"
"4026834",,"Kappeler","ACCENAME",,"0"
"4026834",,"707","COLLNUMB",,"0"
"4026835","CHE065","171517","DONORNUMB",,"0"
"4026835",,"Altbüron","ACCENAME",,"0"
"4026835",,"171517","COLLNUMB",,"0"
"4026836","CHE065","837","DONORNUMB",,"0"
"4026836",,"Hefenhofen","ACCENAME",,"0"
"4026836",,"837","COLLNUMB",,"0"
"4026837","CHE065","859","DONORNUMB",,"0"
"4026837",,"Au","ACCENAME",,"0"
"4026837",,"859","COLLNUMB",,"0"
"4026838","CHE065","55858","DONORNUMB",,"0"
"4026838",,"Neuenegg","ACCENAME",,"0"
"4026838",,"55858","COLLNUMB",,"0"
"4026839","CHE065","845","DONORNUMB",,"0"
"4026839",,"Dettighofen","ACCENAME",,"0"
"4026839",,"845","COLLNUMB",,"0"
"4026840","CHE065","780","DONORNUMB",,"0"
"4026840",,"Fägswil","ACCENAME",,"0"
"4026840",,"780","COLLNUMB",,"0"
"4026841","CHE065","91938","DONORNUMB",,"0"
"4026841",,"Hirschthal","ACCENAME",,"0"
"4026841",,"91938","COLLNUMB",,"0"
"4026842","CHE065","737","DONORNUMB",,"0"
"4026842",,"Igis-Birkholz","ACCENAME",,"0"
"4026842",,"737","COLLNUMB",,"0"
"4026843","CHE065","735","DONORNUMB",,"0"
"4026843",,"Gams","ACCENAME",,"0"
"4026843",,"735","COLLNUMB",,"0"
"4026844","CHE065","731","DONORNUMB",,"0"
"4026844",,"Lidwien von Räfis","ACCENAME",,"0"
"4026844",,"731","COLLNUMB",,"0"
"4026845","CHE065","115359","DONORNUMB",,"0"
"4026845",,"Goldingen","ACCENAME",,"0"
"4026845",,"115359","COLLNUMB",,"0"
"4026846","CHE065","84022","DONORNUMB",,"0"
"4026846",,"Gansingen","ACCENAME",,"0"
"4026846",,"84022","COLLNUMB",,"0"
"4026847","CHE065","807","DONORNUMB",,"0"
"4026847",,"Guschelmuth","ACCENAME",,"0"
"4026847",,"807","COLLNUMB",,"0"
"4026848","CHE065","868","DONORNUMB",,"0"
"4026848",,"Hinterforst","ACCENAME",,"0"
"4026848",,"868","COLLNUMB",,"0"
"4026849","CHE065","842","DONORNUMB",,"0"
"4026849",,"Castasegna","ACCENAME",,"0"
"4026849",,"842","COLLNUMB",,"0"
"4026850","CHE065","816","DONORNUMB",,"0"
"4026850",,"Jucker","ACCENAME",,"0"
"4026850",,"816","COLLNUMB",,"0"
"4026851","CHE065","738","DONORNUMB",,"0"
"4026851",,"Igis-Forst","ACCENAME",,"0"
"4026851",,"738","COLLNUMB",,"0"
"4026852","CHE065","53677","DONORNUMB",,"0"
"4026852",,"Grasswil","ACCENAME",,"0"
"4026852",,"53677","COLLNUMB",,"0"
"4026853","CHE065","835","DONORNUMB",,"0"
"4026853",,"Bözberg","ACCENAME",,"0"
"4026853",,"835","COLLNUMB",,"0"
"4026854","CHE065","716","DONORNUMB",,"0"
"4026854",,"Ingenbohl","ACCENAME",,"0"
"4026854",,"716","COLLNUMB",,"0"
"4026855","CHE065","934","DONORNUMB",,"0"
"4026855",,"Viznau","ACCENAME",,"0"
"4026855",,"934","COLLNUMB",,"0"
"4026856","CHE065","814","DONORNUMB",,"0"
"4026856",,"Hanger","ACCENAME",,"0"
"4026856",,"814","COLLNUMB",,"0"
"4026857","CHE065","45343","DONORNUMB",,"0"
"4026857",,"Babenthal","ACCENAME",,"0"
"4026857",,"45343","COLLNUMB",,"0"
"4026858","CHE065","936","DONORNUMB",,"0"
"4026858",,"Elischwand","ACCENAME",,"0"
"4026858",,"936","COLLNUMB",,"0"
"4026859","CHE065","849","DONORNUMB",,"0"
"4026859",,"Sax 2","ACCENAME",,"0"
"4026859",,"849","COLLNUMB",,"0"
"4026860","CHE065","916","DONORNUMB",,"0"
"4026860",,"Schalchen","ACCENAME",,"0"
"4026860",,"916","COLLNUMB",,"0"
"4026861","CHE065","816","DONORNUMB",,"0"
"4026861",,"Jucker","ACCENAME",,"0"
"4026861",,"816","COLLNUMB",,"0"
"4026862","CHE065","81952","DONORNUMB",,"0"
"4026862",,"Wohlen","ACCENAME",,"0"
"4026862",,"81952","COLLNUMB",,"0"
"4026863","CHE065","703","DONORNUMB",,"0"
"4026863",,"Schwamendingen","ACCENAME",,"0"
"4026863",,"703","COLLNUMB",,"0"
"4026864","CHE065","171550","DONORNUMB",,"0"
"4026864",,"Altdorf","ACCENAME",,"0"
"4026864",,"171550","COLLNUMB",,"0"
"4026865","CHE065","796","DONORNUMB",,"0"
"4026865",,"Uhwiesen","ACCENAME",,"0"
"4026865",,"796","COLLNUMB",,"0"
"4026866","CHE065","146407","DONORNUMB",,"0"
"4026866",,"Ruswil","ACCENAME",,"0"
"4026866",,"146407","COLLNUMB",,"0"
"4026867","CHE065","780","DONORNUMB",,"0"
"4026867",,"Fägswil","ACCENAME",,"0"
"4026867",,"780","COLLNUMB",,"0"
"4026868","CHE065","704","DONORNUMB",,"0"
"4026868",,"Grafenried","ACCENAME",,"0"
"4026868",,"704","COLLNUMB",,"0"
"4026869","CHE065","38847","DONORNUMB",,"0"
"4026869",,"Stammheim","ACCENAME",,"0"
"4026869",,"38847","COLLNUMB",,"0"
"4026870","CHE065","861","DONORNUMB",,"0"
"4026870",,"Bondo","ACCENAME",,"0"
"4026870",,"861","COLLNUMB",,"0"
"4026871","CHE065","Standartsorte","DONORNUMB",,"0"
"4026871",,"1","COLLNUMB",,"0"
"4026871",,"FRANQUETTE","ACCENAME",,"0"
"4026872","CHE065","Standartsorte","DONORNUMB",,"0"
"4026872",,"1","COLLNUMB",,"0"
"4026872",,"Franquette","ACCENAME",,"0"
"4026873","CHE065","734","DONORNUMB",,"0"
"4026873",,"Ambicka","ACCENAME",,"0"
"4026873",,"734","COLLNUMB",,"0"
"4026874","CHE065","724","DONORNUMB",,"0"
"4026874",,"Ziegelbrücke","ACCENAME",,"0"
"4026874",,"724","COLLNUMB",,"0"
"4026875","CHE065","128179","DONORNUMB",,"0"
"4026875",,"Benken","ACCENAME",,"0"
"4026875",,"128179","COLLNUMB",,"0"
"4026876","CHE065","708","DONORNUMB",,"0"
"4026876",,"Hägglingen","ACCENAME",,"0"
"4026876",,"708","COLLNUMB",,"0"
"4026877","CHE065","859","DONORNUMB",,"0"
"4026877",,"Au","ACCENAME",,"0"
"4026877",,"859","COLLNUMB",,"0"
"4026878","CHE065","808","DONORNUMB",,"0"
"4026878",,"Hinwil","ACCENAME",,"0"
"4026878",,"808","COLLNUMB",,"0"
"4026879","CHE065","723","DONORNUMB",,"0"
"4026879",,"Schänis","ACCENAME",,"0"
"4026879",,"723","COLLNUMB",,"0"
"4026880","CHE065","868","DONORNUMB",,"0"
"4026880",,"Hinterforst","ACCENAME",,"0"
"4026880",,"868","COLLNUMB",,"0"
"4026881","CHE065","701","DONORNUMB",,"0"
"4026881",,"Hermikon","ACCENAME",,"0"
"4026881",,"701","COLLNUMB",,"0"
"4026882","CHE065","33962","DONORNUMB",,"0"
"4026882",,"Fischenthal","ACCENAME",,"0"
"4026882",,"33962","COLLNUMB",,"0"
"4026883","CHE065","866","DONORNUMB",,"0"
"4026883",,"Giswil","ACCENAME",,"0"
"4026883",,"866","COLLNUMB",,"0"
"4026884","CHE065","840","DONORNUMB",,"0"
"4026884",,"Strasser","ACCENAME",,"0"
"4026884",,"840","COLLNUMB",,"0"
"4026885","CHE065","34288","DONORNUMB",,"0"
"4026885",,"Dinhard","ACCENAME",,"0"
"4026885",,"34288","COLLNUMB",,"0"
"4026886","CHE065","733","DONORNUMB",,"0"
"4026886",,"Bad Ragaz","ACCENAME",,"0"
"4026886",,"733","COLLNUMB",,"0"
"4026887","CHE065","848","DONORNUMB",,"0"
"4026887",,"Sax 1","ACCENAME",,"0"
"4026887",,"848","COLLNUMB",,"0"
"4026888","CHE065","877","DONORNUMB",,"0"
"4026888",,"Sägewiese","ACCENAME",,"0"
"4026888",,"877","COLLNUMB",,"0"
"4026889","CHE065","737","DONORNUMB",,"0"
"4026889",,"Igis-Birkholz","ACCENAME",,"0"
"4026889",,"737","COLLNUMB",,"0"
"4026890","CHE065","807","DONORNUMB",,"0"
"4026890",,"Guschelmuth","ACCENAME",,"0"
"4026890",,"807","COLLNUMB",,"0"
"4026891","CHE065","860","DONORNUMB",,"0"
"4026891",,"Soglio","ACCENAME",,"0"
"4026891",,"860","COLLNUMB",,"0"
"4026892","CHE065","725","DONORNUMB",,"0"
"4026892",,"Trimmis","ACCENAME",,"0"
"4026892",,"725","COLLNUMB",,"0"
"4026893","CHE065","736","DONORNUMB",,"0"
"4026893",,"Gams","ACCENAME",,"0"
"4026893",,"736","COLLNUMB",,"0"
"4026894","CHE065","837","DONORNUMB",,"0"
"4026894",,"Hefenhofen","ACCENAME",,"0"
"4026894",,"837","COLLNUMB",,"0"
"4026895","CHE065","846","DONORNUMB",,"0"
"4026895",,"Dettighofen","ACCENAME",,"0"
"4026895",,"846","COLLNUMB",,"0"
"4026896","CHE065","857","DONORNUMB",,"0"
"4026896",,"Euggelberg","ACCENAME",,"0"
"4026896",,"857","COLLNUMB",,"0"
"4026897","CHE065","163699","DONORNUMB",,"0"
"4026897",,"SCHARANS","ACCENAME",,"0"
"4026897",,"163699","COLLNUMB",,"0"
"4026898","CHE065","815","DONORNUMB",,"0"
"4026898",,"Hug","ACCENAME",,"0"
"4026898",,"815","COLLNUMB",,"0"
"4026899","CHE065","843","DONORNUMB",,"0"
"4026899",,"Castasegna","ACCENAME",,"0"
"4026899",,"843","COLLNUMB",,"0"
"4026900","CHE065","840","DONORNUMB",,"0"
"4026900",,"Strasser","ACCENAME",,"0"
"4026900",,"840","COLLNUMB",,"0"
"4026901","CHE065","744","DONORNUMB",,"0"
"4026901",,"Kalam","ACCENAME",,"0"
"4026901",,"744","COLLNUMB",,"0"
"4026902","CHE065","822","DONORNUMB",,"0"
"4026902",,"Werner Kieser","ACCENAME",,"0"
"4026902",,"822","COLLNUMB",,"0"
"4026903","CHE065","823","DONORNUMB",,"0"
"4026903",,"Wirz","ACCENAME",,"0"
"4026903",,"823","COLLNUMB",,"0"
"4026904","CHE065","878","DONORNUMB",,"0"
"4026904",,"Roggwil","ACCENAME",,"0"
"4026904",,"878","COLLNUMB",,"0"
"4026905","CHE065","849","DONORNUMB",,"0"
"4026905",,"Sax 2","ACCENAME",,"0"
"4026905",,"849","COLLNUMB",,"0"
"4026906","CHE065","856","DONORNUMB",,"0"
"4026906",,"Märstetten","ACCENAME",,"0"
"4026906",,"856","COLLNUMB",,"0"
"4026907","CHE065","724","DONORNUMB",,"0"
"4026907",,"Ziegelbrücke","ACCENAME",,"0"
"4026907",,"724","COLLNUMB",,"0"
"4026908","CHE065","916","DONORNUMB",,"0"
"4026908",,"Schalchen","ACCENAME",,"0"
"4026908",,"916","COLLNUMB",,"0"
"4026909","CHE065","739","DONORNUMB",,"0"
"4026909",,"Kriessneri","ACCENAME",,"0"
"4026909",,"739","COLLNUMB",,"0"
"4026910","CHE065","135007","DONORNUMB",,"0"
"4026910",,"Raperswilen","ACCENAME",,"0"
"4026910",,"135007","COLLNUMB",,"0"
"4026911","CHE065","824","DONORNUMB",,"0"
"4026911",,"Würms","ACCENAME",,"0"
"4026911",,"824","COLLNUMB",,"0"
"4026912","CHE065","818","DONORNUMB",,"0"
"4026912",,"MARCHETTI","ACCENAME",,"0"
"4026912",,"818","COLLNUMB",,"0"
"4026913","CHE065","163699","DONORNUMB",,"0"
"4026913",,"SCHARANS","ACCENAME",,"0"
"4026913",,"163699","COLLNUMB",,"0"
"4026914","CHE065","115359","DONORNUMB",,"0"
"4026914",,"Goldingen","ACCENAME",,"0"
"4026914",,"115359","COLLNUMB",,"0"
"4026915","CHE065","723","DONORNUMB",,"0"
"4026915",,"Schänis","ACCENAME",,"0"
"4026915",,"723","COLLNUMB",,"0"
"4026916","CHE065","877","DONORNUMB",,"0"
"4026916",,"Sägewiese","ACCENAME",,"0"
"4026916",,"877","COLLNUMB",,"0"
"4026917","CHE065","796","DONORNUMB",,"0"
"4026917",,"Uhwiesen","ACCENAME",,"0"
"4026917",,"796","COLLNUMB",,"0"
"4026918","CHE065","95373","DONORNUMB",,"0"
"4026918",,"Gebenstorf","ACCENAME",,"0"
"4026918",,"95373","COLLNUMB",,"0"
"4026919","CHE065","860","DONORNUMB",,"0"
"4026919",,"Soglio","ACCENAME",,"0"
"4026919",,"860","COLLNUMB",,"0"
"4026920","CHE065","55858","DONORNUMB",,"0"
"4026920",,"Neuenegg","ACCENAME",,"0"
"4026920",,"55858","COLLNUMB",,"0"
"4026921","CHE065","725","DONORNUMB",,"0"
"4026921",,"Trimmis","ACCENAME",,"0"
"4026921",,"725","COLLNUMB",,"0"
"4026922","CHE065","823","DONORNUMB",,"0"
"4026922",,"Wirz","ACCENAME",,"0"
"4026922",,"823","COLLNUMB",,"0"
"4026923","CHE065","934","DONORNUMB",,"0"
"4026923",,"Viznau","ACCENAME",,"0"
"4026923",,"934","COLLNUMB",,"0"
"4026924","CHE065","171225","DONORNUMB",,"0"
"4026924",,"Reiden","ACCENAME",,"0"
"4026924",,"171225","COLLNUMB",,"0"
"4026925","CHE065","84022","DONORNUMB",,"0"
"4026925",,"Gansingen","ACCENAME",,"0"
"4026925",,"84022","COLLNUMB",,"0"
"4026926","CHE065","822","DONORNUMB",,"0"
"4026926",,"Werner Kieser","ACCENAME",,"0"
"4026926",,"822","COLLNUMB",,"0"
"4026927","CHE065","824","DONORNUMB",,"0"
"4026927",,"Würms","ACCENAME",,"0"
"4026927",,"824","COLLNUMB",,"0"
"4026928","CHE065","817","DONORNUMB",,"0"
"4026928",,"Nyffenegger","ACCENAME",,"0"
"4026928",,"817","COLLNUMB",,"0"
"4026929","CHE065","707","DONORNUMB",,"0"
"4026929",,"Kappeler","ACCENAME",,"0"
"4026929",,"707","COLLNUMB",,"0"
"4026930","CHE065","830","DONORNUMB",,"0"
"4026930",,"rote Gubler","ACCENAME",,"0"
"4026930",,"830","COLLNUMB",,"0"
"4026931","CHE065","38847","DONORNUMB",,"0"
"4026931",,"Stammheim","ACCENAME",,"0"
"4026931",,"38847","COLLNUMB",,"0"
"4026932","CHE065","921","DONORNUMB",,"0"
"4026932",,"Napoleon","ACCENAME",,"0"
"4026932",,"921","COLLNUMB",,"0"
"4026933","CHE065","703","DONORNUMB",,"0"
"4026933",,"Schwamendingen","ACCENAME",,"0"
"4026933",,"703","COLLNUMB",,"0"
"4026934","CHE065","817","DONORNUMB",,"0"
"4026934",,"Nyffenegger","ACCENAME",,"0"
"4026934",,"817","COLLNUMB",,"0"
"4026935","CHE065","731","DONORNUMB",,"0"
"4026935",,"Lidwien von Räfis","ACCENAME",,"0"
"4026935",,"731","COLLNUMB",,"0"
"4026936","CHE065","920","DONORNUMB",,"0"
"4026936",,"Mattwil (Wyberg)","ACCENAME",,"0"
"4026936",,"920","COLLNUMB",,"0"
"4026937","CHE065","848","DONORNUMB",,"0"
"4026937",,"Sax 1","ACCENAME",,"0"
"4026937",,"848","COLLNUMB",,"0"
"4026938","CHE065","802","DONORNUMB",,"0"
"4026938",,"Manelsa","ACCENAME",,"0"
"4026938",,"802","COLLNUMB",,"0"
"4026939","CHE065","146407","DONORNUMB",,"0"
"4026939",,"Ruswil","ACCENAME",,"0"
"4026939",,"146407","COLLNUMB",,"0"
"4092420",,"Hartley","ACCENAME",,"0"
"4092429",,"Parizjen","ACCENAME",,"0"
"4092429",,"Parisienne","ACCENAME",,"0"
"4092429",,"Pariski","ACCENAME",,"0"
"4092441",,"Franket","ACCENAME",,"0"
"4092441",,"Franquette","ACCENAME",,"0"
"4092450",,"Meylannaise","ACCENAME",,"0"
"4092462",,"Okrugli iz Montinjaka","ACCENAME",,"0"
"4092462",,"Ronde de Montignac","ACCENAME",,"0"
"4101185",,"B1 F1 P14","ACCENAME",,"0"
"4101192",,"B1 F13 P15","ACCENAME",,"0"
"4101202",,"Malizia","ACCENAME",,"0"
"4101206",,"B1 F2 P 9","ACCENAME",,"0"
"4101208",,"A 2 F1 UP","ACCENAME",,"0"
"4101211",,"A 2 F1 P14","ACCENAME",,"0"
"4101214",,"Mire","ACCENAME",,"0"
"4101238",,"B1 F7 P 5","ACCENAME",,"0"
"4101242",,"Sampion","ACCENAME",,"0"
"4101242",,"Champion","ACCENAME",,"0"
"4101246",,"B1 F2 P14","ACCENAME",,"0"
"4101250",,"BACKA","ACCENAME",,"0"
"4101254",,"TISA","ACCENAME",,"0"
"4101261",,"Srem Croazia","ACCENAME",,"0"
"4101272",,"Srem","ACCENAME",,"0"
"4101274",,"Medveda","ACCENAME",,"0"
"4101274",,"Medvedja","ACCENAME",,"0"
"4101277",,"Sorrento","ACCENAME",,"0"
"4103469",,"REGO","ACCENAME",,"0"
"4103470",,"VR 3","ACCENAME",,"0"
"4103471",,"Franquette","ACCENAME",,"0"
"4103474",,"Mv 6","ACCENAME",,"0"
"4103475",,"Vina","ACCENAME",,"0"
"4103476",,"Patti","ACCENAME",,"0"
"4103478",,"Plovdivski","ACCENAME",,"0"
"4103480",,"Placentia","ACCENAME",,"0"
"4103481",,"Midland","ACCENAME",,"0"
"4103483",,"Mv 4","ACCENAME",,"0"
"4103484",,"Sorrentona","ACCENAME",,"0"
"4103485",,"Freni 2","ACCENAME",,"0"
"4103486",,"Hartley","ACCENAME",,"0"
"4103487",,"Meylannaise","ACCENAME",,"0"
"4103489",,"Tehama","ACCENAME",,"0"
"4103491",,"Sorrento 1","ACCENAME",,"0"
"4103492",,"Gustine","ACCENAME",,"0"
"4103493",,"VA 2","ACCENAME",,"0"
"4103494",,"VR 2","ACCENAME",,"0"
"4103496",,"Mayette","ACCENAME",,"0"
"4103498",,"Nugget","ACCENAME",,"0"
"4103499",,"Grand Jean","ACCENAME",,"0"
"4103500",,"Pedro","ACCENAME",,"0"
"4103501",,"VA 1","ACCENAME",,"0"
"4103502",,"Marbot","ACCENAME",,"0"
"4103503",,"Payne","ACCENAME",,"0"
"4103504",,"Mv 5","ACCENAME",,"0"
"4103505",,"Sorrento","ACCENAME",,"0"
"4103506",,"Freni 1","ACCENAME",,"0"
"4103507",,"Mv 7","ACCENAME",,"0"
"4103508",,"Tizia","ACCENAME",,"0"
"4103509",,"Parisienne","ACCENAME",,"0"
"4103512",,"Lara","ACCENAME",,"0"
"4103513",,"Serr","ACCENAME",,"0"
"4103514",,"Soleze","ACCENAME",,"0"
"4103521",,"Cervinara","ACCENAME",,"0"
"4103522",,"Corne","ACCENAME",,"0"
"4103524",,"Chico","ACCENAME",,"0"
"4103527",,"Chico (C)","ACCENAME",,"0"
"4103531",,"AMIGO","ACCENAME",,"0"
"4103533",,"Fernor","ACCENAME",,"0"
"4103535",,"Feltrina","ACCENAME",,"0"
"4103536",,"Corne(C)","ACCENAME",,"0"
"4103537",,"Eureka","ACCENAME",,"0"
"4103538",,"Bleggiana","ACCENAME",,"0"
"4103540",,"FM 6","ACCENAME",,"0"
"4103543",,"Fernette","ACCENAME",,"0"
"4103545",,"CHASE D9","ACCENAME",,"0"
"4103548",,"Malizia","ACCENAME",,"0"
"4103553",,"FK 5","ACCENAME",,"0"
"4103555",,"Castronovo","ACCENAME",,"0"
"4103556",,"Adams 10","ACCENAME",,"0"
"4103559",,"Del Carril","ACCENAME",,"0"
"4103564",,"Lompoc","ACCENAME",,"0"
"4301247",,"00315","COLLNUMB",,"0"
"4301268",,"00301","COLLNUMB",,"0"
"4301268",,"SELISHTE","ACCENAME",,"0"
"4301643",,"P 73","ACCENAME",,"0"
"4301643",,"00073","COLLNUMB",,"0"
"4303734",,"Bulganak","ACCENAME",,"0"
"4303734","UKR046","09964","OTHERNUMB",,"0"
"4303734",,"04494","COLLNUMB",,"0"
"4334059",,"880405","ACCENAME",,"0"
"4334059",,"880405","OTHERNUMB",,"0"
"4334059","USA126","DJUG 253","OTHERNUMB",,"0"
"4334059",,"MT 0588","OTHERNUMB",,"0"
"4334059",,"880405","DONORNUMB",,"0"
"4334060",,"Turfan Lowland 5","ACCENAME",,"0"
"4334060",,"Turfan Lowland 5","OTHERNUMB",,"0"
"4334060",,"China 19","OTHERNUMB",,"0"
"4334060","USA126","DJUG 348","OTHERNUMB",,"0"
"4334060",,"GM 0990","OTHERNUMB",,"0"
"4334061",,"Turfan Lowland mix","ACCENAME",,"0"
"4334061",,"Turfan Lowland mix","OTHERNUMB",,"0"
"4334061",,"China 21","OTHERNUMB",,"0"
"4334061","USA126","DJUG 350","OTHERNUMB",,"0"
"4334061",,"GM 0990","OTHERNUMB",,"0"
"4334062",,"R 13/4","ACCENAME",,"0"
"4334062",,"R 13/4","OTHERNUMB",,"0"
"4334062",,"R XIII-4","OTHERNUMB",,"0"
"4334062",,"85-127","OTHERNUMB",,"0"
"4334062","USA126","DJUG 412","OTHERNUMB",,"0"
"4334062",,"85-127","DONORNUMB",,"0"
"4334441",,"Shilin #4","ACCENAME",,"0"
"4334441",,"Shilin #4","OTHERNUMB",,"0"
"4334441","USA126","DJUG 836","OTHERNUMB",,"0"
"4334847",,"Johnson","ACCENAME",,"0"
"4334847",,"Johnson","OTHERNUMB",,"0"
"4334847","USA126","CJUG 10","OTHERNUMB",,"0"
"4334849",,"Burbank Paradox","ACCENAME",,"0"
"4334849",,"Burbank Paradox","OTHERNUMB",,"0"
"4334849","USA126","DJUG 135","OTHERNUMB",,"0"
"4335602",,"Old #622 EN 4-5","ACCENAME",,"0"
"4335602",,"Old #622 EN 4-5","OTHERNUMB",,"0"
"4335602","USA126","DJUG 126","OTHERNUMB",,"0"
"4335602",,"Old #622 EN 4-5","DONORNUMB",,"0"
"4335611",,"Yunan 1","ACCENAME",,"0"
"4335611",,"Yunan 1","OTHERNUMB",,"0"
"4335611",,"85-028","OTHERNUMB",,"0"
"4335611","USA126","DJUG 468","OTHERNUMB",,"0"
"4335611",,"85-028","DONORNUMB",,"0"
"4335613",,"DJUG 590","ACCENAME",,"0"
"4335613","USA126","DJUG 590","OTHERNUMB",,"0"
"4335613",,"CS0900","OTHERNUMB",,"0"
"4335614",,"DJUG 566","ACCENAME",,"0"
"4335614","USA126","DJUG 566","OTHERNUMB",,"0"
"4335614",,"CS0900","OTHERNUMB",,"0"
"4335756",,"11B","ACCENAME",,"0"
"4335756",,"11B","OTHERNUMB",,"0"
"4335756","USA126","DJUG 73","OTHERNUMB",,"0"
"4337964",,"Aksu 44","ACCENAME",,"0"
"4337964",,"Aksu 44","OTHERNUMB",,"0"
"4337964",,"China 35","OTHERNUMB",,"0"
"4337964","USA126","DJUG 364","OTHERNUMB",,"0"
"4337964",,"GM 0990","OTHERNUMB",,"0"
"4337981",,"83-107","ACCENAME",,"0"
"4337981",,"83-107","OTHERNUMB",,"0"
"4337981","USA126","DJUG 46","OTHERNUMB",,"0"
"4337982",,"Early Ehrhart","ACCENAME",,"0"
"4337982",,"Early Ehrhart","OTHERNUMB",,"0"
"4337982","USA126","DJUG 96","OTHERNUMB",,"0"
"4337990",,"Hotien Mix","ACCENAME",,"0"
"4337990",,"Hotien Mix","OTHERNUMB",,"0"
"4337990",,"China 55","OTHERNUMB",,"0"
"4337990","USA126","DJUG 384","OTHERNUMB",,"0"
"4337990",,"GM 0990","OTHERNUMB",,"0"
"4337991",,"India","ACCENAME",,"0"
"4337991",,"India","OTHERNUMB",,"0"
"4337991","USA126","DJUG 102","OTHERNUMB",,"0"
"4337995",,"Form BT-50","ACCENAME",,"0"
"4337995",,"Form BT-50","OTHERNUMB",,"0"
"4337995",,"KYR #12","OTHERNUMB",,"0"
"4337995","USA126","DJUG 857","OTHERNUMB",,"0"
"4337995",,"MA 0809","OTHERNUMB",,"0"
"4338351",,"Jobs Doser North","ACCENAME",,"0"
"4338351",,"Jobs Doser North","OTHERNUMB",,"0"
"4338351","USA126","CJUG 47","OTHERNUMB",,"0"
"4338351",,"Jobs Doser North","DONORNUMB",,"0"
"4338826",,"Zhong Lin #5","ACCENAME",,"0"
"4338826",,"Zhong Lin #5","OTHERNUMB",,"0"
"4338826",,"China 13","OTHERNUMB",,"0"
"4338826","USA126","DJUG 342","OTHERNUMB",,"0"
"4338826",,"GM 0990","OTHERNUMB",,"0"
"4338829",,"Nogal Castillian","ACCENAME",,"0"
"4338829",,"Nogal Castillian","OTHERNUMB",,"0"
"4338829",,"JR 1-1","OTHERNUMB",,"0"
"4338829","USA126","DJUG 214","OTHERNUMB",,"0"
"4338829",,"JP 0887","OTHERNUMB",,"0"
"4338831",,"18256E6","ACCENAME",,"0"
"4338831",,"18256E6","OTHERNUMB",,"0"
"4338831",,"022","OTHERNUMB",,"0"
"4338831","USA126","DJUG 461","OTHERNUMB",,"0"
"4338831",,"022","DONORNUMB",,"0"
"4338833",,"KYR #29","ACCENAME",,"0"
"4338833",,"KYR #29","OTHERNUMB",,"0"
"4338833","USA126","DJUG 874","OTHERNUMB",,"0"
"4338833",,"MA 0809","OTHERNUMB",,"0"
"4338856",,"880404","ACCENAME",,"0"
"4338856",,"880404","OTHERNUMB",,"0"
"4338856","USA126","DJUG 252","OTHERNUMB",,"0"
"4338856",,"MT 0588","OTHERNUMB",,"0"
"4338856",,"880404","DONORNUMB",,"0"
"4338869",,"880457","ACCENAME",,"0"
"4338869",,"880457","OTHERNUMB",,"0"
"4338869","USA126","DJUG 263","OTHERNUMB",,"0"
"4338869",,"MT 0588","OTHERNUMB",,"0"
"4338869",,"880457","DONORNUMB",,"0"
"4338873",,"880301","ACCENAME",,"0"
"4338873",,"880301","OTHERNUMB",,"0"
"4338873","USA126","DJUG 241","OTHERNUMB",,"0"
"4338873",,"MT 0588","OTHERNUMB",,"0"
"4339405",,"DJUG 113","ACCENAME",,"0"
"4339405","USA126","DJUG 113","OTHERNUMB",,"0"
"4339423",,"Rawlins","ACCENAME",,"0"
"4339423",,"Rawlins","OTHERNUMB",,"0"
"4339423","USA126","DJUG 105","OTHERNUMB",,"0"
"4339425",,"Vlach","ACCENAME",,"0"
"4339425",,"Vlach","OTHERNUMB",,"0"
"4339425",,"96-035","OTHERNUMB",,"0"
"4339425","USA126","DJUG 750","OTHERNUMB",,"0"
"4339425",,"96-035","DONORNUMB",,"0"
"4341036",,"Selection 74-258","ACCENAME",,"0"
"4341036",,"Selection 74-258","OTHERNUMB",,"0"
"4341036","USA126","DJUG 110","OTHERNUMB",,"0"
"4341048",,"95-045-8","ACCENAME",,"0"
"4341048",,"95-045-8","OTHERNUMB",,"0"
"4341048",,"China 11","OTHERNUMB",,"0"
"4341048","USA126","DJUG 748","OTHERNUMB",,"0"
"4341048",,"95-045-8","DONORNUMB",,"0"
"4341050",,"DJUG 582","ACCENAME",,"0"
"4341050","USA126","DJUG 582","OTHERNUMB",,"0"
"4341050",,"CS0900","OTHERNUMB",,"0"
"4341055",,"95-037-5","ACCENAME",,"0"
"4341055",,"95-037-5","OTHERNUMB",,"0"
"4341055",,"China 3","OTHERNUMB",,"0"
"4341055","USA126","DJUG 741","OTHERNUMB",,"0"
"4341055",,"95-037-5","DONORNUMB",,"0"
"4341070",,"7","ACCENAME",,"0"
"4341070",,"7","OTHERNUMB",,"0"
"4341070","USA126","DJUG 70","OTHERNUMB",,"0"
"4341072",,"8","ACCENAME",,"0"
"4341072",,"8","OTHERNUMB",,"0"
"4341072","USA126","DJUG 71","OTHERNUMB",,"0"
"4341128",,"Henderson No.2","ACCENAME",,"0"
"4341128",,"Henderson No.2","OTHERNUMB",,"0"
"4341128","USA126","CJUG 8","OTHERNUMB",,"0"
"4342252",,"Xing Tao","ACCENAME",,"0"
"4342252",,"Xing Tao","OTHERNUMB",,"0"
"4342252",,"China 4","OTHERNUMB",,"0"
"4342252","USA126","DJUG 334","OTHERNUMB",,"0"
"4342252",,"GM 0990","OTHERNUMB",,"0"
"4342272",,"95-047-6","ACCENAME",,"0"
"4342272",,"95-047-6","OTHERNUMB",,"0"
"4342272",,"China 13","OTHERNUMB",,"0"
"4342272","USA126","DJUG 751","OTHERNUMB",,"0"
"4342272",,"95-047-6","DONORNUMB",,"0"
"4342312",,"DJUG 608","ACCENAME",,"0"
"4342312","USA126","DJUG 608","OTHERNUMB",,"0"
"4342312",,"CS0900","OTHERNUMB",,"0"
"4344562",,"Hotien 08","ACCENAME",,"0"
"4344562",,"Hotien 08","OTHERNUMB",,"0"
"4344562",,"China 54","OTHERNUMB",,"0"
"4344562","USA126","DJUG 383","OTHERNUMB",,"0"
"4344562",,"GM 0990","OTHERNUMB",,"0"
"4344572",,"DJUG 611","ACCENAME",,"0"
"4344572","USA126","DJUG 611","OTHERNUMB",,"0"
"4344572",,"CS0900","OTHERNUMB",,"0"
"4344584",,"880439","ACCENAME",,"0"
"4344584",,"880439","OTHERNUMB",,"0"
"4344584","USA126","DJUG 262","OTHERNUMB",,"0"
"4344584",,"MT 0588","OTHERNUMB",,"0"
"4344584",,"880439","DONORNUMB",,"0"
"4344593",,"DJUG 613","ACCENAME",,"0"
"4344593","USA126","DJUG 613","OTHERNUMB",,"0"
"4344593",,"CS0900","OTHERNUMB",,"0"
"4344605",,"17","ACCENAME",,"0"
"4344605",,"17","OTHERNUMB",,"0"
"4344605","USA126","DJUG 50","OTHERNUMB",,"0"
"4345083",,"Beckwith","ACCENAME",,"0"
"4345083",,"Beckwith","OTHERNUMB",,"0"
"4345083","USA126","CJUG 22","OTHERNUMB",,"0"
"4345543",,"DJUG 23","ACCENAME",,"0"
"4345543","USA126","DJUG 23","OTHERNUMB",,"0"
"4345559",,"AZN #60","ACCENAME",,"0"
"4345559",,"AZN #60","OTHERNUMB",,"0"
"4345559","USA126","DJUG 780","OTHERNUMB",,"0"
"4345559",,"MA 0907","OTHERNUMB",,"0"
"4345570",,"Op Sdlg/ideal","ACCENAME",,"0"
"4345570",,"Op Sdlg/ideal","OTHERNUMB",,"0"
"4345570",,"OLD #631 EN 6-2","OTHERNUMB",,"0"
"4345570",,"OLD # 613 EN 3-3","OTHERNUMB",,"0"
"4345570","USA126","DJUG 148","OTHERNUMB",,"0"
"4345570","USA126","DJUG 152","OTHERNUMB",,"0"
"4345570",,"OLD #631 EN 6-2","DONORNUMB",,"0"
"4346314",,"Wild Walnut","ACCENAME",,"0"
"4346314",,"Wild Walnut","OTHERNUMB",,"0"
"4346314",,"JUG 1","OTHERNUMB",,"0"
"4346314",,"T-78","OTHERNUMB",,"0"
"4346314","USA126","DJUG 11","OTHERNUMB",,"0"
"4346314",,"T-78","DONORNUMB",,"0"
"4346322",,"585","ACCENAME",,"0"
"4346322",,"585","OTHERNUMB",,"0"
"4346322",,"NC-6585","OTHERNUMB",,"0"
"4346322","USA126","DJUG 304","OTHERNUMB",,"0"
"4346322",,"NC-6585","DONORNUMB",,"0"
"4346329",,"DJUG 567","ACCENAME",,"0"
"4346329","USA126","DJUG 567","OTHERNUMB",,"0"
"4346329",,"CS0900","OTHERNUMB",,"0"
"4346340",,"Rawlins","ACCENAME",,"0"
"4346340",,"Rawlins","OTHERNUMB",,"0"
"4346340",,"Pom Sel BL R8-T15","OTHERNUMB",,"0"
"4346340",,"16","OTHERNUMB",,"0"
"4346340","USA126","DJUG 174","OTHERNUMB",,"0"
"4346340",,"Pom Sel BL R8-T15,16","DONORNUMB",,"0"
"4346800",,"Wayne NF #1","ACCENAME",,"0"
"4346800",,"Wayne NF #1","OTHERNUMB",,"0"
"4346800","USA126","CJUG 69","OTHERNUMB",,"0"
"4346800",,"Wayne NF #1","DONORNUMB",,"0"
"4348040",,"Krunsky sd","ACCENAME",,"0"
"4348040",,"Krunsky sd","OTHERNUMB",,"0"
"4348040",,"85-044.1","OTHERNUMB",,"0"
"4348040","USA126","DJUG 492","OTHERNUMB",,"0"
"4348040",,"85-044.1","DONORNUMB",,"0"
"4348062",,"DJUG 20","ACCENAME",,"0"
"4348062","USA126","DJUG 20","OTHERNUMB",,"0"
"4348093",,"Planton #1","ACCENAME",,"0"
"4348093",,"Planton #1","OTHERNUMB",,"0"
"4348093","USA126","CJUG 56","OTHERNUMB",,"0"
"4348093",,"Planton #1","DONORNUMB",,"0"
"4348163",,"Himegurumi","ACCENAME",,"0"
"4348163",,"Himegurumi","OTHERNUMB",,"0"
"4348163",,"JUG 13","OTHERNUMB",,"0"
"4348163",,"37-1","OTHERNUMB",,"0"
"4348163","USA126","DJUG 10","OTHERNUMB",,"0"
"4348163",,"JUG 13","DONORNUMB",,"0"
"4348177",,"Himegurumi","ACCENAME",,"0"
"4348177",,"Himegurumi","OTHERNUMB",,"0"
"4348177",,"JUG 8","OTHERNUMB",,"0"
"4348177",,"38-2","OTHERNUMB",,"0"
"4348177","USA126","DJUG 9","OTHERNUMB",,"0"
"4348177",,"JUG 8","DONORNUMB",,"0"
"4349144",,"Jin Tang","ACCENAME",,"0"
"4349144",,"Jin Tang","OTHERNUMB",,"0"
"4349144",,"China 3","OTHERNUMB",,"0"
"4349144","USA126","DJUG 333","OTHERNUMB",,"0"
"4349144",,"GM 0990","OTHERNUMB",,"0"
"4349149",,"7","ACCENAME",,"0"
"4349149",,"7","OTHERNUMB",,"0"
"4349149","USA126","DJUG 69","OTHERNUMB",,"0"
"4349161",,"Mei Yao Go mix","ACCENAME",,"0"
"4349161",,"Mei Yao Go mix","OTHERNUMB",,"0"
"4349161",,"China 23","OTHERNUMB",,"0"
"4349161","USA126","DJUG 352","OTHERNUMB",,"0"
"4349161",,"GM 0990","OTHERNUMB",,"0"
"4349165",,"DJUG 19","ACCENAME",,"0"
"4349165","USA126","DJUG 19","OTHERNUMB",,"0"
"4349168",,"DJUG 607","ACCENAME",,"0"
"4349168","USA126","DJUG 607","OTHERNUMB",,"0"
"4349168",,"CS0900","OTHERNUMB",,"0"
"4349173",,"Seri 2","ACCENAME",,"0"
"4349173",,"Seri 2","OTHERNUMB",,"0"
"4349173",,"85-026.1","OTHERNUMB",,"0"
"4349173","USA126","DJUG 490","OTHERNUMB",,"0"
"4349173",,"85-026.1","DONORNUMB",,"0"
"4349183",,"Sha #6","ACCENAME",,"0"
"4349183",,"Sha #6","OTHERNUMB",,"0"
"4349183",,"China 50","OTHERNUMB",,"0"
"4349183","USA126","DJUG 379","OTHERNUMB",,"0"
"4349183",,"GM 0990","OTHERNUMB",,"0"
"4349187",,"880424","ACCENAME",,"0"
"4349187",,"880424","OTHERNUMB",,"0"
"4349187","USA126","DJUG 255","OTHERNUMB",,"0"
"4349187",,"MT 0588","OTHERNUMB",,"0"
"4349187",,"880424","DONORNUMB",,"0"
"4349914",,"Yangbi 1","ACCENAME",,"0"
"4349914",,"Yangbi 1","OTHERNUMB",,"0"
"4349914","USA126","DJUG 951","OTHERNUMB",,"0"
"4350030",,"Weschcke","ACCENAME",,"0"
"4350030",,"Weschcke","OTHERNUMB",,"0"
"4350030","USA126","CJUG 13","OTHERNUMB",,"0"
"4350928",,"DJUG 17","ACCENAME",,"0"
"4350928","USA126","DJUG 17","OTHERNUMB",,"0"
"4350930",,"Akrot","ACCENAME",,"0"
"4350930",,"Akrot","OTHERNUMB",,"0"
"4350930",,"880325","OTHERNUMB",,"0"
"4350930","USA126","DJUG 243","OTHERNUMB",,"0"
"4350930",,"MT 0588","OTHERNUMB",,"0"
"4350941",,"83-96-39","ACCENAME",,"0"
"4350941",,"83-96-39","OTHERNUMB",,"0"
"4350941","USA126","DJUG 94","OTHERNUMB",,"0"
"4350941",,"83-96-39","DONORNUMB",,"0"
"4350958",,"Sibisel 39","ACCENAME",,"0"
"4350958",,"Sibisel 39","OTHERNUMB",,"0"
"4350958",,"86-7","OTHERNUMB",,"0"
"4350958",,"RA 948","OTHERNUMB",,"0"
"4350958","USA126","DJUG 417","OTHERNUMB",,"0"
"4350958",,"RA 948","DONORNUMB",,"0"
"4350962",,"Ji Dan Bo Ke","ACCENAME",,"0"
"4350962",,"Ji Dan Bo Ke","OTHERNUMB",,"0"
"4350962",,"China 49","OTHERNUMB",,"0"
"4350962","USA126","DJUG 378","OTHERNUMB",,"0"
"4350962",,"GM 0990","OTHERNUMB",,"0"
"4350964",,"Akhrot","ACCENAME",,"0"
"4350964",,"Akhrot","OTHERNUMB",,"0"
"4350964",,"880064","OTHERNUMB",,"0"
"4350964","USA126","DJUG 239","OTHERNUMB",,"0"
"4350964",,"MT 0588","OTHERNUMB",,"0"
"4350972",,"Op Sdlg/pioner Majkopa","ACCENAME",,"0"
"4350972",,"Op Sdlg/pioner Majkopa","OTHERNUMB",,"0"
"4350972",,"OLD #609 EN 2-5","OTHERNUMB",,"0"
"4350972","USA126","DJUG 124","OTHERNUMB",,"0"
"4350972",,"OLD #609 EN 2-5","DONORNUMB",,"0"
"4352709",,"880412","ACCENAME",,"0"
"4352709",,"880412","OTHERNUMB",,"0"
"4352709","USA126","DJUG 254","OTHERNUMB",,"0"
"4352709",,"MT 0588","OTHERNUMB",,"0"
"4352709",,"880412","DONORNUMB",,"0"
"4353141",,"DJUG 25","ACCENAME",,"0"
"4353141","USA126","DJUG 25","OTHERNUMB",,"0"
"4353152",,"84-4","ACCENAME",,"0"
"4353152",,"84-4","OTHERNUMB",,"0"
"4353152","USA126","DJUG 66","OTHERNUMB",,"0"
"4353152",,"84-4","DONORNUMB",,"0"
"4354618",,"DJUG 565","ACCENAME",,"0"
"4354618","USA126","DJUG 565","OTHERNUMB",,"0"
"4354618",,"CS0900","OTHERNUMB",,"0"
"4354619",,"575","ACCENAME",,"0"
"4354619",,"Zhong Lin #3","OTHERNUMB",,"0"
"4354619",,"575","OTHERNUMB",,"0"
"4354619",,"China 9","OTHERNUMB",,"0"
"4354619","USA126","DJUG 338","OTHERNUMB",,"0"
"4354619",,"GM 0990","OTHERNUMB",,"0"
"4354634",,"DJUG 560","ACCENAME",,"0"
"4354634","USA126","DJUG 560","OTHERNUMB",,"0"
"4354634",,"CS0900","OTHERNUMB",,"0"
"4354650",,"Lake","ACCENAME",,"0"
"4354650",,"Lake","OTHERNUMB",,"0"
"4354650",,"ZE09","OTHERNUMB",,"0"
"4354650","USA126","DJUG 695","OTHERNUMB",,"0"
"4354650",,"ZE09","DONORNUMB",,"0"
"4354651",,"DJUG 584","ACCENAME",,"0"
"4354651","USA126","DJUG 584","OTHERNUMB",,"0"
"4354651",,"CS0900","OTHERNUMB",,"0"
"4354654",,"0-70-1307","ACCENAME",,"0"
"4354654",,"0-70-1307","OTHERNUMB",,"0"
"4354654",,"VAR BL","OTHERNUMB",,"0"
"4354654","USA126","DJUG 165","OTHERNUMB",,"0"
"4354654",,"VAR BL","DONORNUMB",,"0"
"4354657",,"0-20-1072","ACCENAME",,"0"
"4354657",,"0-20-1072","OTHERNUMB",,"0"
"4354657",,"V68","OTHERNUMB",,"0"
"4354657","USA126","DJUG 227","OTHERNUMB",,"0"
"4354657",,"V68","DONORNUMB",,"0"
"4355209",,"JM 2-3","ACCENAME",,"0"
"4355209",,"JM 2-3","OTHERNUMB",,"0"
"4355209","USA126","DJUG 218","OTHERNUMB",,"0"
"4355209",,"JP 0887","OTHERNUMB",,"0"
"4355219",,"DJUG 547","ACCENAME",,"0"
"4355219","USA126","DJUG 547","OTHERNUMB",,"0"
"4355656",,"OLD #600 EN 1-1","ACCENAME",,"0"
"4355656",,"OLD #601 EN 1-2","OTHERNUMB",,"0"
"4355656",,"OLD #600 EN 1-1","OTHERNUMB",,"0"
"4355656","USA126","DJUG 146","OTHERNUMB",,"0"
"4355656","USA126","DJUG 151","OTHERNUMB",,"0"
"4355656",,"OLD #601 EN 1-2","DONORNUMB",,"0"
"4355665",,"880638","ACCENAME",,"0"
"4355665",,"880638","OTHERNUMB",,"0"
"4355665","USA126","DJUG 274","OTHERNUMB",,"0"
"4355665",,"MT 0588","OTHERNUMB",,"0"
"4355665",,"880638","DONORNUMB",,"0"
"4355681",,"Op Sdlg/yubileynii","ACCENAME",,"0"
"4355681",,"Op Sdlg/yubileynii","OTHERNUMB",,"0"
"4355681",,"84-21-1","OTHERNUMB",,"0"
"4355681","USA126","DJUG 190","OTHERNUMB",,"0"
"4355681",,"84-21-1","DONORNUMB",,"0"
"4355682",,"880425","ACCENAME",,"0"
"4355682",,"880425","OTHERNUMB",,"0"
"4355682","USA126","DJUG 256","OTHERNUMB",,"0"
"4355682",,"MT 0588","OTHERNUMB",,"0"
"4355682",,"880425","DONORNUMB",,"0"
"4355684",,"Elit","ACCENAME",,"0"
"4355684",,"Elit","OTHERNUMB",,"0"
"4355684",,"90-008","OTHERNUMB",,"0"
"4355684","USA126","DJUG 477","OTHERNUMB",,"0"
"4355684",,"90-008","DONORNUMB",,"0"
"4355690",,"Turfan Lowland mix","ACCENAME",,"0"
"4355690",,"Turfan Lowland mix","OTHERNUMB",,"0"
"4355690",,"China 22","OTHERNUMB",,"0"
"4355690","USA126","DJUG 351","OTHERNUMB",,"0"
"4355690",,"GM 0990","OTHERNUMB",,"0"
"4356379",,"DJUG 24","ACCENAME",,"0"
"4356379","USA126","DJUG 24","OTHERNUMB",,"0"
"4357228",,"Payne","ACCENAME",,"0"
"4357228",,"Payne","OTHERNUMB",,"0"
"4357228",,"Pom Var BL R7-T18","OTHERNUMB",,"0"
"4357228","USA126","DJUG 168","OTHERNUMB",,"0"
"4357228",,"Pom Var BL R7-T18","DONORNUMB",,"0"
"4357245",,"880434","ACCENAME",,"0"
"4357245",,"880434","OTHERNUMB",,"0"
"4357245","USA126","DJUG 261","OTHERNUMB",,"0"
"4357245",,"MT 0588","OTHERNUMB",,"0"
"4357245",,"880434","DONORNUMB",,"0"
"4358045",,"Onigurumi","ACCENAME",,"0"
"4358045",,"Onigurumi","OTHERNUMB",,"0"
"4358045",,"JUG 14","OTHERNUMB",,"0"
"4358045",,"1-1","OTHERNUMB",,"0"
"4358045","USA126","DJUG 6","OTHERNUMB",,"0"
"4358045",,"MW 0881","OTHERNUMB",,"0"
"4358045",,"JUG 14","DONORNUMB",,"0"
"4358049",,"AZN #15","ACCENAME",,"0"
"4358049",,"AZN #15","OTHERNUMB",,"0"
"4358049","USA126","DJUG 770","OTHERNUMB",,"0"
"4358049",,"MA 0907","OTHERNUMB",,"0"
"4358061",,"Onigurumi","ACCENAME",,"0"
"4358061",,"Onigurumi","OTHERNUMB",,"0"
"4358061",,"JUG 9","OTHERNUMB",,"0"
"4358061",,"2-2","OTHERNUMB",,"0"
"4358061","USA126","DJUG 3","OTHERNUMB",,"0"
"4358061",,"JUG 9","DONORNUMB",,"0"
"4358088",,"Aksu 71","ACCENAME",,"0"
"4358088",,"Aksu 71","OTHERNUMB",,"0"
"4358088",,"China 46","OTHERNUMB",,"0"
"4358088","USA126","DJUG 375","OTHERNUMB",,"0"
"4358088",,"GM 0990","OTHERNUMB",,"0"
"4358089",,"Op Sdlg/detskij","ACCENAME",,"0"
"4358089",,"Op Sdlg/detskij","OTHERNUMB",,"0"
"4358089",,"OLD #602 EN 1-3","OTHERNUMB",,"0"
"4358089",,"OLD #624 EN 4-7","OTHERNUMB",,"0"
"4358089",,"OLD #623 EN 4-6","OTHERNUMB",,"0"
"4358089","USA126","DJUG 133","OTHERNUMB",,"0"
"4358089","USA126","DJUG 139","OTHERNUMB",,"0"
"4358089","USA126","DJUG 145","OTHERNUMB",,"0"
"4358089",,"OLD #624 EN 4-7","DONORNUMB",,"0"
"4358930",,"880431","ACCENAME",,"0"
"4358930",,"880431","OTHERNUMB",,"0"
"4358930","USA126","DJUG 259","OTHERNUMB",,"0"
"4358930",,"MT 0588","OTHERNUMB",,"0"
"4358930",,"880431","DONORNUMB",,"0"
"4358941",,"Hakim Jan","ACCENAME",,"0"
"4358941",,"Hakim Jan","OTHERNUMB",,"0"
"4358941",,"KYR #8","OTHERNUMB",,"0"
"4358941","USA126","DJUG 853","OTHERNUMB",,"0"
"4358941",,"MA 0809","OTHERNUMB",,"0"
"4358947",,"Xin Zheng Zhu","ACCENAME",,"0"
"4358947",,"Aksu 81","OTHERNUMB",,"0"
"4358947",,"Xin Zheng Zhu","OTHERNUMB",,"0"
"4358947",,"China 48","OTHERNUMB",,"0"
"4358947","USA126","DJUG 377","OTHERNUMB",,"0"
"4358947",,"GM 0990","OTHERNUMB",,"0"
"4359777",,"Heilongjiang 1","ACCENAME",,"0"
"4359777",,"Heilongjiang 1","OTHERNUMB",,"0"
"4359777",,"85-003","OTHERNUMB",,"0"
"4359777","USA126","DJUG 463","OTHERNUMB",,"0"
"4359777",,"85-003","DONORNUMB",,"0"
"4361387",,"USSR 90-08-02","ACCENAME",,"0"
"4361387",,"USSR 90-08-02","OTHERNUMB",,"0"
"4361387","USA126","DJUG 315","OTHERNUMB",,"0"
"4361387",,"CS 0790","OTHERNUMB",,"0"
"4361387",,"USSR 90-08-02","DONORNUMB",,"0"
"4361398",,"83-93","ACCENAME",,"0"
"4361398",,"83-93","OTHERNUMB",,"0"
"4361398","USA126","DJUG 93","OTHERNUMB",,"0"
"4361398",,"83-93","DONORNUMB",,"0"
"4361413",,"R 8/6","ACCENAME",,"0"
"4361413",,"R 8/6","OTHERNUMB",,"0"
"4361413",,"R VIII-6","OTHERNUMB",,"0"
"4361413",,"85-126","OTHERNUMB",,"0"
"4361413","USA126","DJUG 411","OTHERNUMB",,"0"
"4361413",,"85-126","DONORNUMB",,"0"
"4361437",,"83-102","ACCENAME",,"0"
"4361437",,"83-102","OTHERNUMB",,"0"
"4361437","USA126","DJUG 42","OTHERNUMB",,"0"
"4362090",,"631","ACCENAME",,"0"
"4362090",,"631","OTHERNUMB",,"0"
"4362090",,"NC-6631","OTHERNUMB",,"0"
"4362090","USA126","DJUG 303","OTHERNUMB",,"0"
"4362090",,"NC-6631","DONORNUMB",,"0"
"4362606",,"95-040-5","ACCENAME",,"0"
"4362606",,"95-040-5","OTHERNUMB",,"0"
"4362606",,"China 6","OTHERNUMB",,"0"
"4362606","USA126","DJUG 744","OTHERNUMB",,"0"
"4362606",,"95-040-5","DONORNUMB",,"0"
"4362628",,"DJUG 600","ACCENAME",,"0"
"4362628","USA126","DJUG 600","OTHERNUMB",,"0"
"4362628",,"CS0900","OTHERNUMB",,"0"
"4363166",,"85-2-1","ACCENAME",,"0"
"4363166",,"85-2-1","OTHERNUMB",,"0"
"4363166","USA126","DJUG 194","OTHERNUMB",,"0"
"4363166",,"85-2-1","DONORNUMB",,"0"
"4363307",,"Maxwell #1","ACCENAME",,"0"
"4363307",,"Maxwell #1","OTHERNUMB",,"0"
"4363307","USA126","CJUG 49","OTHERNUMB",,"0"
"4363307",,"Maxwell #1","DONORNUMB",,"0"
"4364441",,"Feng Huei","ACCENAME",,"0"
"4364441",,"Feng Huei","OTHERNUMB",,"0"
"4364441",,"China 11","OTHERNUMB",,"0"
"4364441","USA126","DJUG 340","OTHERNUMB",,"0"
"4364441",,"GM 0990","OTHERNUMB",,"0"
"4364458",,"DJUG 610","ACCENAME",,"0"
"4364458","USA126","DJUG 610","OTHERNUMB",,"0"
"4364458",,"CS0900","OTHERNUMB",,"0"
"4364465",,"DJUG 59","ACCENAME",,"0"
"4364465","USA126","DJUG 59","OTHERNUMB",,"0"
"4365280",,"83-131","ACCENAME",,"0"
"4365280",,"83-131","OTHERNUMB",,"0"
"4365280","USA126","DJUG 31","OTHERNUMB",,"0"
"4365280",,"83-131","DONORNUMB",,"0"
"4365311",,"Kinneyglen","ACCENAME",,"0"
"4365311",,"Kinneyglen","OTHERNUMB",,"0"
"4365311","USA126","CJUG 11","OTHERNUMB",,"0"
"4365312",,"Craxezy","ACCENAME",,"0"
"4365312",,"Craxezy","OTHERNUMB",,"0"
"4365312","USA126","CJUG 5","OTHERNUMB",,"0"
"4365631",,"NEG 1855","ACCENAME",,"0"
"4365631",,"NEG 1855","OTHERNUMB",,"0"
"4365631","USA126","DJUG 122","OTHERNUMB",,"0"
"4365631",,"NEG 1855","DONORNUMB",,"0"
"4365648",,"Water Walnut","ACCENAME",,"0"
"4365648",,"Water Walnut","OTHERNUMB",,"0"
"4365648",,"91-007","OTHERNUMB",,"0"
"4365648",,"China 7","OTHERNUMB",,"0"
"4365648","USA126","DJUG 336","OTHERNUMB",,"0"
"4365648",,"GM 0990","OTHERNUMB",,"0"
"4365648",,"91-007","DONORNUMB",,"0"
"4366959",,"83-129","ACCENAME",,"0"
"4366959",,"83-129","OTHERNUMB",,"0"
"4366959","USA126","DJUG 29","OTHERNUMB",,"0"
"4366959",,"83-129","DONORNUMB",,"0"
"4367585",,"Lu Guang","ACCENAME",,"0"
"4367585",,"Lu Guang","OTHERNUMB",,"0"
"4367585",,"China 10","OTHERNUMB",,"0"
"4367585","USA126","DJUG 339","OTHERNUMB",,"0"
"4367585",,"GM 0990","OTHERNUMB",,"0"
"4367597",,"Bulgaria 3","ACCENAME",,"0"
"4367597",,"Bulgaria 3","OTHERNUMB",,"0"
"4367597",,"RB 87-13","OTHERNUMB",,"0"
"4367597","USA126","DJUG 410","OTHERNUMB",,"0"
"4367597",,"RB 87-13","DONORNUMB",,"0"
"4367602",,"95-046-10","ACCENAME",,"0"
"4367602",,"95-046-10","OTHERNUMB",,"0"
"4367602",,"China 12","OTHERNUMB",,"0"
"4367602","USA126","DJUG 749","OTHERNUMB",,"0"
"4367602",,"95-046-10","DONORNUMB",,"0"
"4367615",,"DJUG 579","ACCENAME",,"0"
"4367615","USA126","DJUG 579","OTHERNUMB",,"0"
"4367615",,"CS0900","OTHERNUMB",,"0"
"4367618",,"11D-2","ACCENAME",,"0"
"4367618",,"11D-2","OTHERNUMB",,"0"
"4367618","USA126","DJUG 76","OTHERNUMB",,"0"
"4368069",,"DJUG 585","ACCENAME",,"0"
"4368069","USA126","DJUG 585","OTHERNUMB",,"0"
"4368069",,"CS0900","OTHERNUMB",,"0"
"4368226",,"Chamberlin","ACCENAME",,"0"
"4368226",,"Chamberlin","OTHERNUMB",,"0"
"4368226","USA126","CJUG 4","OTHERNUMB",,"0"
"4368227",,"Creighton","ACCENAME",,"0"
"4368227",,"Creighton","OTHERNUMB",,"0"
"4368227","USA126","CJUG 6","OTHERNUMB",,"0"
"4369647",,"ShanXi 4","ACCENAME",,"0"
"4369647",,"ShanXi 4","OTHERNUMB",,"0"
"4369647",,"85-006","OTHERNUMB",,"0"
"4369647","USA126","DJUG 464","OTHERNUMB",,"0"
"4369647",,"85-006","DONORNUMB",,"0"
"4369676",,"Henzal","ACCENAME",,"0"
"4369676",,"Henzal","OTHERNUMB",,"0"
"4369676",,"89-015","OTHERNUMB",,"0"
"4369676","USA126","DJUG 475","OTHERNUMB",,"0"
"4369676",,"89-015","DONORNUMB",,"0"
"4369693",,"KYR #30","ACCENAME",,"0"
"4369693",,"KYR #30","OTHERNUMB",,"0"
"4369693","USA126","DJUG 875","OTHERNUMB",,"0"
"4369693",,"MA 0809","OTHERNUMB",,"0"
"4370062",,"Herrick","ACCENAME",,"0"
"4370062",,"Herrick","OTHERNUMB",,"0"
"4370062","USA126","CJUG 9","OTHERNUMB",,"0"
"4370263",,"DJUG 561","ACCENAME",,"0"
"4370263","USA126","DJUG 561","OTHERNUMB",,"0"
"4370263",,"CS0900","OTHERNUMB",,"0"
"4370646",,"Op Sdlg/desertnii","ACCENAME",,"0"
"4370646",,"Op Sdlg/desertnii","OTHERNUMB",,"0"
"4370646",,"84-19-1","OTHERNUMB",,"0"
"4370646","USA126","DJUG 192","OTHERNUMB",,"0"
"4370646",,"84-19-1","DONORNUMB",,"0"
"4370672",,"880465","ACCENAME",,"0"
"4370672",,"880465","OTHERNUMB",,"0"
"4370672","USA126","DJUG 266","OTHERNUMB",,"0"
"4370672",,"MT 0588","OTHERNUMB",,"0"
"4370672",,"880465","DONORNUMB",,"0"
"4370679",,"Graves-Franquette","ACCENAME",,"0"
"4370679",,"Graves-Franquette","OTHERNUMB",,"0"
"4370679",,"Pom Sel BL R14-T1","OTHERNUMB",,"0"
"4370679","USA126","DJUG 169","OTHERNUMB",,"0"
"4370679",,"Pom Sel BL R14-T1","DONORNUMB",,"0"
"4371372",,"Argos #850","ACCENAME",,"0"
"4371372",,"Argos #850","OTHERNUMB",,"0"
"4371372","USA126","CJUG 35","OTHERNUMB",,"0"
"4371372",,"Argos #850","DONORNUMB",,"0"
"4371416",,"K-32","ACCENAME",,"0"
"4371416",,"JUG 2","OTHERNUMB",,"0"
"4371416",,"K-32","OTHERNUMB",,"0"
"4371416","USA126","DJUG 13","OTHERNUMB",,"0"
"4371416",,"pi 89076","OTHERNUMB",,"0"
"4371416",,"MW 0881","OTHERNUMB",,"0"
"4371416",,"K-32","DONORNUMB",,"0"
"4372613",,"Tile","ACCENAME",,"0"
"4372613",,"Tile","OTHERNUMB",,"0"
"4372613",,"89-012","OTHERNUMB",,"0"
"4372613","USA126","DJUG 472","OTHERNUMB",,"0"
"4372613",,"89-012","DONORNUMB",,"0"
"4372614",,"Clear and Beautiful","ACCENAME",,"0"
"4372614",,"Clear and Beautiful","OTHERNUMB",,"0"
"4372614",,"China 27","OTHERNUMB",,"0"
"4372614","USA126","DJUG 356","OTHERNUMB",,"0"
"4372614",,"GM 0990","OTHERNUMB",,"0"
"4372631",,"Naga Bagh","ACCENAME",,"0"
"4372631",,"Naga Bagh","OTHERNUMB",,"0"
"4372631",,"85-019.4","OTHERNUMB",,"0"
"4372631","USA126","DJUG 485","OTHERNUMB",,"0"
"4372631",,"85-019.4","DONORNUMB",,"0"
"4372636",,"Selection 74-266","ACCENAME",,"0"
"4372636",,"Selection 74-266","OTHERNUMB",,"0"
"4372636","USA126","DJUG 111","OTHERNUMB",,"0"
"4372638",,"Howe","ACCENAME",,"0"
"4372638",,"Howe","OTHERNUMB",,"0"
"4372638",,"Pom Var BL R11","OTHERNUMB",,"0"
"4372638",,"T13","OTHERNUMB",,"0"
"4372638","USA126","DJUG 170","OTHERNUMB",,"0"
"4372638",,"Pom Var BL R11,T13","DONORNUMB",,"0"
"4372649",,"Zhong Lin #1","ACCENAME",,"0"
"4372649",,"Zhong Lin #1","OTHERNUMB",,"0"
"4372649",,"China 8","OTHERNUMB",,"0"
"4372649","USA126","DJUG 337","OTHERNUMB",,"0"
"4372649",,"GM 0990","OTHERNUMB",,"0"
"4374946",,"10","ACCENAME",,"0"
"4374946",,"10","OTHERNUMB",,"0"
"4374946","USA126","DJUG 72","OTHERNUMB",,"0"
"4374948",,"Aksu 611","ACCENAME",,"0"
"4374948",,"Aksu 611","OTHERNUMB",,"0"
"4374948",,"China 44","OTHERNUMB",,"0"
"4374948","USA126","DJUG 373","OTHERNUMB",,"0"
"4374948",,"GM 0990","OTHERNUMB",,"0"
"4374954",,"880545","ACCENAME",,"0"
"4374954",,"880545","OTHERNUMB",,"0"
"4374954","USA126","DJUG 273","OTHERNUMB",,"0"
"4374954",,"MT 0588","OTHERNUMB",,"0"
"4374954",,"880545","DONORNUMB",,"0"
"4374957",,"Xin Fen","ACCENAME",,"0"
"4374957",,"Xin Fen","OTHERNUMB",,"0"
"4374957",,"China 33","OTHERNUMB",,"0"
"4374957","USA126","DJUG 362","OTHERNUMB",,"0"
"4374957",,"GM 0990","OTHERNUMB",,"0"
"4376654",,"11","ACCENAME",,"0"
"4376654",,"11","OTHERNUMB",,"0"
"4376654","USA126","DJUG 49","OTHERNUMB",,"0"
"4376659",,"83-84B","ACCENAME",,"0"
"4376659",,"83-84B","OTHERNUMB",,"0"
"4376659","USA126","DJUG 34","OTHERNUMB",,"0"
"4376659",,"83-84B","DONORNUMB",,"0"
"4376664",,"Form NB54","ACCENAME",,"0"
"4376664",,"Form NB54","OTHERNUMB",,"0"
"4376664",,"KYR #4","OTHERNUMB",,"0"
"4376664","USA126","DJUG 849","OTHERNUMB",,"0"
"4376664",,"MA 0809","OTHERNUMB",,"0"
"4376687",,"Form IT61","ACCENAME",,"0"
"4376687",,"Form IT61","OTHERNUMB",,"0"
"4376687",,"KYR #6","OTHERNUMB",,"0"
"4376687","USA126","DJUG 851","OTHERNUMB",,"0"
"4376687",,"MA 0809","OTHERNUMB",,"0"
"4376694",,"DJUG 26","ACCENAME",,"0"
"4376694","USA126","DJUG 26","OTHERNUMB",,"0"
"4376695",,"Stone 4122","ACCENAME",,"0"
"4376695",,"Stone 4122","OTHERNUMB",,"0"
"4376695","USA126","DJUG 618","OTHERNUMB",,"0"
"4377016",,"Van der Poppen","ACCENAME",,"0"
"4377016",,"Van der Poppen","OTHERNUMB",,"0"
"4377016","USA126","CJUG 12","OTHERNUMB",,"0"
"4377787",,"AZN #20","ACCENAME",,"0"
"4377787",,"AZN #20","OTHERNUMB",,"0"
"4377787","USA126","DJUG 774","OTHERNUMB",,"0"
"4377805",,"Selection 73-16","ACCENAME",,"0"
"4377805",,"Selection 73-16","OTHERNUMB",,"0"
"4377805",,"Sel BL R1A","OTHERNUMB",,"0"
"4377805",,"2A-T1","OTHERNUMB",,"0"
"4377805",,"2","OTHERNUMB",,"0"
"4377805","USA126","DJUG 166","OTHERNUMB",,"0"
"4377805",,"Sel BL R1A,2A-T1,2","DONORNUMB",,"0"
"4377808",,"USSR 90-15-02","ACCENAME",,"0"
"4377808",,"USSR 90-15-02","OTHERNUMB",,"0"
"4377808","USA126","DJUG 314","OTHERNUMB",,"0"
"4377808",,"CS 0790","OTHERNUMB",,"0"
"4377808",,"USSR 90-15-02","DONORNUMB",,"0"
"4377811",,"DJUG 581","ACCENAME",,"0"
"4377811","USA126","DJUG 581","OTHERNUMB",,"0"
"4377811",,"CS0900","OTHERNUMB",,"0"
"4378679",,"Himegurumi","ACCENAME",,"0"
"4378679",,"Himegurumi","OTHERNUMB",,"0"
"4378679",,"JUG 11","OTHERNUMB",,"0"
"4378679",,"43-1","OTHERNUMB",,"0"
"4378679","USA126","DJUG 1","OTHERNUMB",,"0"
"4378679",,"JUG 11","DONORNUMB",,"0"
"4379231",,"95-039-1","ACCENAME",,"0"
"4379231",,"95-039-1","OTHERNUMB",,"0"
"4379231",,"China 5","OTHERNUMB",,"0"
"4379231","USA126","DJUG 743","OTHERNUMB",,"0"
"4379231",,"95-039-1","DONORNUMB",,"0"
"4379244",,"Selection D-42-15 From PI 127460","ACCENAME",,"0"
"4379244",,"Selection D-42-15 From PI 127460","OTHERNUMB",,"0"
"4379244",,"SEL. BLK","OTHERNUMB",,"0"
"4379244",,"R14-T9","OTHERNUMB",,"0"
"4379244","USA126","DJUG 99","OTHERNUMB",,"0"
"4379244",,"SEL. BLK, R14-T9","DONORNUMB",,"0"
"4379247",,"Op Sdlg/kolobk","ACCENAME",,"0"
"4379247",,"Op Sdlg/kolobk","OTHERNUMB",,"0"
"4379247",,"OLD #606 EN 2-1","OTHERNUMB",,"0"
"4379247",,"OLD #605 EN 1-6","OTHERNUMB",,"0"
"4379247",,"OLD #625 EN 5-1","OTHERNUMB",,"0"
"4379247","USA126","DJUG 129","OTHERNUMB",,"0"
"4379247","USA126","DJUG 155","OTHERNUMB",,"0"
"4379247","USA126","DJUG 161","OTHERNUMB",,"0"
"4379247",,"OLD #625 EN 5-1","DONORNUMB",,"0"
"4379254",,"JUG 16","ACCENAME",,"0"
"4379254",,"JUG 16","OTHERNUMB",,"0"
"4379254","USA126","DJUG 14","OTHERNUMB",,"0"
"4379254",,"JUG 16","DONORNUMB",,"0"
"4379257",,"Aksu 67","ACCENAME",,"0"
"4379257",,"Aksu 67","OTHERNUMB",,"0"
"4379257",,"China 41","OTHERNUMB",,"0"
"4379257","USA126","DJUG 370","OTHERNUMB",,"0"
"4379257",,"GM 0990","OTHERNUMB",,"0"
"4379275",,"Jomart","ACCENAME",,"0"
"4379275",,"Jomart","OTHERNUMB",,"0"
"4379275",,"KYR #38","OTHERNUMB",,"0"
"4379275","USA126","DJUG 883","OTHERNUMB",,"0"
"4379275",,"MA 0809","OTHERNUMB",,"0"
"4379867",,"85-5N","ACCENAME",,"0"
"4379867",,"85-5N","OTHERNUMB",,"0"
"4379867","USA126","DJUG 422","OTHERNUMB",,"0"
"4379867",,"85-5N","DONORNUMB",,"0"
"4380794",,"Scharsch Franquette","ACCENAME",,"0"
"4380794",,"Scharsch Franquette","OTHERNUMB",,"0"
"4380794",,"Pom Sel BL R13-T3","OTHERNUMB",,"0"
"4380794","USA126","DJUG 173","OTHERNUMB",,"0"
"4380794",,"Pom Sel BL R13-T3","DONORNUMB",,"0"
"4380810",,"DJUG 577","ACCENAME",,"0"
"4380810","USA126","DJUG 577","OTHERNUMB",,"0"
"4380810",,"CS0900","OTHERNUMB",,"0"
"4380820",,"Op Sdlg/shkolnii","ACCENAME",,"0"
"4380820",,"Op Sdlg/shkolnii","OTHERNUMB",,"0"
"4380820",,"84-20-1","OTHERNUMB",,"0"
"4380820","USA126","DJUG 191","OTHERNUMB",,"0"
"4380820",,"84-20-1","DONORNUMB",,"0"
"4380833",,"Verdot (Grosvert)","ACCENAME",,"0"
"4380833",,"Verdot (Grosvert)","OTHERNUMB",,"0"
"4380833",,"86-2","OTHERNUMB",,"0"
"4380833",,"RA 118","OTHERNUMB",,"0"
"4380833","USA126","DJUG 414","OTHERNUMB",,"0"
"4380833",,"RA 118","DONORNUMB",,"0"
"4381451",,"Onigurumi","ACCENAME",,"0"
"4381451",,"Onigurumi","OTHERNUMB",,"0"
"4381451",,"JUG 7","OTHERNUMB",,"0"
"4381451",,"40-4","OTHERNUMB",,"0"
"4381451","USA126","DJUG 8","OTHERNUMB",,"0"
"4381451",,"JUG 7","DONORNUMB",,"0"
"4382062",,"Himegurumi","ACCENAME",,"0"
"4382062",,"Himegurumi","OTHERNUMB",,"0"
"4382062",,"JUG 13","OTHERNUMB",,"0"
"4382062",,"037-1","OTHERNUMB",,"0"
"4382062","USA126","DJUG 61","OTHERNUMB",,"0"
"4382062",,"JUG 13","DONORNUMB",,"0"
"4383023",,"Selection 74-259","ACCENAME",,"0"
"4383023",,"Selection 74-259","OTHERNUMB",,"0"
"4383023","USA126","DJUG 112","OTHERNUMB",,"0"
"4383029",,"ShenXi #1","ACCENAME",,"0"
"4383029",,"ShenXi #1","OTHERNUMB",,"0"
"4383029","USA126","DJUG 833","OTHERNUMB",,"0"
"4383039",,"84-5","ACCENAME",,"0"
"4383039",,"84-5","OTHERNUMB",,"0"
"4383039","USA126","DJUG 67","OTHERNUMB",,"0"
"4383039",,"84-5","DONORNUMB",,"0"
"4383047",,"USSR 90-08-02","ACCENAME",,"0"
"4383047",,"USSR 90-08-02","OTHERNUMB",,"0"
"4383047","USA126","DJUG 316","OTHERNUMB",,"0"
"4383047",,"CS 0790","OTHERNUMB",,"0"
"4383047",,"USSR 90-08-02","DONORNUMB",,"0"
"4383059",,"Ahkrot","ACCENAME",,"0"
"4383059",,"Ahkrot","OTHERNUMB",,"0"
"4383059",,"880348","OTHERNUMB",,"0"
"4383059","USA126","DJUG 250","OTHERNUMB",,"0"
"4383059",,"MT 0588","OTHERNUMB",,"0"
"4383059",,"880348","DONORNUMB",,"0"
"4383061",,"Form DP-04","ACCENAME",,"0"
"4383061",,"Form DP-04","OTHERNUMB",,"0"
"4383061",,"KYR #10","OTHERNUMB",,"0"
"4383061","USA126","DJUG 855","OTHERNUMB",,"0"
"4383061",,"MA 0809","OTHERNUMB",,"0"
"4383064",,"Shilin #5","ACCENAME",,"0"
"4383064",,"Shilin #5","OTHERNUMB",,"0"
"4383064","USA126","DJUG 837","OTHERNUMB",,"0"
"4384122",,"880427","ACCENAME",,"0"
"4384122",,"880427","OTHERNUMB",,"0"
"4384122","USA126","DJUG 258","OTHERNUMB",,"0"
"4384122",,"MT 0588","OTHERNUMB",,"0"
"4384122",,"880427","DONORNUMB",,"0"
"4384143",,"26","ACCENAME",,"0"
"4384143",,"26","OTHERNUMB",,"0"
"4384143","USA126","DJUG 83","OTHERNUMB",,"0"
"4384158",,"Byaroke Starga","ACCENAME",,"0"
"4384158",,"Byaroke Starga","OTHERNUMB",,"0"
"4384158",,"89-013","OTHERNUMB",,"0"
"4384158","USA126","DJUG 473","OTHERNUMB",,"0"
"4384158",,"89-013","DONORNUMB",,"0"
"4384159",,"Form KT67","ACCENAME",,"0"
"4384159",,"Form KT67","OTHERNUMB",,"0"
"4384159",,"KYR #13","OTHERNUMB",,"0"
"4384159","USA126","DJUG 858","OTHERNUMB",,"0"
"4384159",,"MA 0809","OTHERNUMB",,"0"
"4384651",,"DJUG 605","ACCENAME",,"0"
"4384651","USA126","DJUG 605","OTHERNUMB",,"0"
"4384651",,"CS0900","OTHERNUMB",,"0"
"4385287",,"RX 150","ACCENAME",,"0"
"4385287",,"RX 150","OTHERNUMB",,"0"
"4385287","USA126","DJUG 542","OTHERNUMB",,"0"
"4385956",,"83-83","ACCENAME",,"0"
"4385956",,"83-83","OTHERNUMB",,"0"
"4385956","USA126","DJUG 33","OTHERNUMB",,"0"
"4385959",,"Xinjiang 8","ACCENAME",,"0"
"4385959",,"Xinjiang 8","OTHERNUMB",,"0"
"4385959",,"85-010","OTHERNUMB",,"0"
"4385959","USA126","DJUG 467","OTHERNUMB",,"0"
"4385959",,"85-010","DONORNUMB",,"0"
"4385963",,"Badajoz","ACCENAME",,"0"
"4385963",,"Badajoz","OTHERNUMB",,"0"
"4385963",,"HB 87-2","OTHERNUMB",,"0"
"4385963","USA126","DJUG 420","OTHERNUMB",,"0"
"4385963",,"HB 87-2","DONORNUMB",,"0"
"4385968",,"Xinjiang 7","ACCENAME",,"0"
"4385968",,"Xinjiang 7","OTHERNUMB",,"0"
"4385968",,"85-009","OTHERNUMB",,"0"
"4385968","USA126","DJUG 466","OTHERNUMB",,"0"
"4385968",,"85-009","DONORNUMB",,"0"
"4385979",,"Selection 67-103","ACCENAME",,"0"
"4385979",,"Selection 67-103","OTHERNUMB",,"0"
"4385979","USA126","DJUG 134","OTHERNUMB",,"0"
"4386983",,"Op Sdlg/hybrid 470","ACCENAME",,"0"
"4386983",,"Op Sdlg/hybrid 470","OTHERNUMB",,"0"
"4386983",,"OLD #641 EN 7-6","OTHERNUMB",,"0"
"4386983","USA126","DJUG 149","OTHERNUMB",,"0"
"4386983",,"OLD #641 EN 7-6","DONORNUMB",,"0"
"4387249",,"DJUG 596","ACCENAME",,"0"
"4387249","USA126","DJUG 596","OTHERNUMB",,"0"
"4387249",,"CS0900","OTHERNUMB",,"0"
"4387260",,"Old # 642 EN 7-7","ACCENAME",,"0"
"4387260",,"Old # 642 EN 7-7","OTHERNUMB",,"0"
"4387260","USA126","DJUG 147","OTHERNUMB",,"0"
"4387260",,"Old # 642 EN 7-7","DONORNUMB",,"0"
"4387270",,"AZN #16","ACCENAME",,"0"
"4387270",,"AZN #16","OTHERNUMB",,"0"
"4387270","USA126","DJUG 771","OTHERNUMB",,"0"
"4387270",,"MA 0907","OTHERNUMB",,"0"
"4387294",,"DJUG 609","ACCENAME",,"0"
"4387294","USA126","DJUG 609","OTHERNUMB",,"0"
"4387294",,"CS0900","OTHERNUMB",,"0"
"4387961",,"Op Sdlg/hybrid 367","ACCENAME",,"0"
"4387961",,"Op Sdlg/hybrid 367","OTHERNUMB",,"0"
"4387961",,"OLD #639 EN 7-4","OTHERNUMB",,"0"
"4387961","USA126","DJUG 131","OTHERNUMB",,"0"
"4387961",,"OLD #639 EN 7-4","DONORNUMB",,"0"
"4387967",,"27A","ACCENAME",,"0"
"4387967",,"27A","OTHERNUMB",,"0"
"4387967","USA126","DJUG 84","OTHERNUMB",,"0"
"4387975",,"Ohio","ACCENAME",,"0"
"4387975",,"Ohio","OTHERNUMB",,"0"
"4387975",,"Pom Var BL R1-T14","OTHERNUMB",,"0"
"4387975","USA126","DJUG 179","OTHERNUMB",,"0"
"4387975",,"Pom Var BL R1-T14","DONORNUMB",,"0"
"4388508",,"DJUG 51","ACCENAME",,"0"
"4388508","USA126","DJUG 51","OTHERNUMB",,"0"
"4389169",,"KYR #37","ACCENAME",,"0"
"4389169",,"KYR #37","OTHERNUMB",,"0"
"4389169","USA126","DJUG 882","OTHERNUMB",,"0"
"4389169",,"MA 0809","OTHERNUMB",,"0"
"4389187",,"83-28","ACCENAME",,"0"
"4389187",,"83-28","OTHERNUMB",,"0"
"4389187","USA126","DJUG 86","OTHERNUMB",,"0"
"4389187",,"83-28","DONORNUMB",,"0"
"4389210",,"Tandari 5 (seedling 1)","ACCENAME",,"0"
"4389210",,"Tandari 5 (seedling 1)","OTHERNUMB",,"0"
"4389210",,"85-023.1","OTHERNUMB",,"0"
"4389210","USA126","DJUG 488","OTHERNUMB",,"0"
"4389210",,"85-023.1","DONORNUMB",,"0"
"4389216",,"Wushu 91","ACCENAME",,"0"
"4389216",,"Wushu 91","OTHERNUMB",,"0"
"4389216",,"China 43","OTHERNUMB",,"0"
"4389216","USA126","DJUG 372","OTHERNUMB",,"0"
"4389216",,"GM 0990","OTHERNUMB",,"0"
"4390776",,"Old #628 EN 5-7","ACCENAME",,"0"
"4390776",,"Old #628 EN 5-7","OTHERNUMB",,"0"
"4390776","USA126","DJUG 132","OTHERNUMB",,"0"
"4390776",,"Old #628 EN 5-7","DONORNUMB",,"0"
"4390782",,"DJUG 575","ACCENAME",,"0"
"4390782","USA126","DJUG 575","OTHERNUMB",,"0"
"4390782",,"CS0900","OTHERNUMB",,"0"
"4390791",,"Old #640 EN 7-5","ACCENAME",,"0"
"4390791",,"Old #640 EN 7-5","OTHERNUMB",,"0"
"4390791","USA126","DJUG 137","OTHERNUMB",,"0"
"4390791",,"Old #640 EN 7-5","DONORNUMB",,"0"
"4390812",,"25","ACCENAME",,"0"
"4390812",,"25","OTHERNUMB",,"0"
"4390812","USA126","DJUG 82","OTHERNUMB",,"0"
"4390976",,"NA 77503","ACCENAME",,"0"
"4390976","USA126","NA 77503","OTHERNUMB",,"0"
"4390983",,"GE-2006-05","ACCENAME",,"0"
"4390983",,"GE-2006-05","OTHERNUMB",,"0"
"4390983","USA126","NA 76065","OTHERNUMB",,"0"
"4391651",,"Shilin #6","ACCENAME",,"0"
"4391651",,"Shilin #6","OTHERNUMB",,"0"
"4391651","USA126","DJUG 838","OTHERNUMB",,"0"
"4392315",,"Selection D-18-6 From PI 65870","ACCENAME",,"0"
"4392315",,"Selection D-18-6 From PI 65870","OTHERNUMB",,"0"
"4392315","USA126","DJUG 101","OTHERNUMB",,"0"
"4392850",,"DJUG 616","ACCENAME",,"0"
"4392850","USA126","DJUG 616","OTHERNUMB",,"0"
"4392850",,"CS0900","OTHERNUMB",,"0"
"4392860",,"DJUG 16","ACCENAME",,"0"
"4392860","USA126","DJUG 16","OTHERNUMB",,"0"
"4393998",,"DJUG 583","ACCENAME",,"0"
"4393998","USA126","DJUG 583","OTHERNUMB",,"0"
"4393998",,"CS0900","OTHERNUMB",,"0"
"4394001",,"83-91","ACCENAME",,"0"
"4394001",,"83-91","OTHERNUMB",,"0"
"4394001","USA126","DJUG 39","OTHERNUMB",,"0"
"4394011",,"DJUG 574","ACCENAME",,"0"
"4394011","USA126","DJUG 574","OTHERNUMB",,"0"
"4394011",,"CS0900","OTHERNUMB",,"0"
"4394012",,"Yongdong 6","ACCENAME",,"0"
"4394012",,"Yongdong 6","OTHERNUMB",,"0"
"4394012",,"85-012.3","OTHERNUMB",,"0"
"4394012","USA126","DJUG 478","OTHERNUMB",,"0"
"4394012",,"85-012.3","DONORNUMB",,"0"
"4394036",,"83-85","ACCENAME",,"0"
"4394036",,"83-85","OTHERNUMB",,"0"
"4394036","USA126","DJUG 35","OTHERNUMB",,"0"
"4394563",,"Thomas","ACCENAME",,"0"
"4394563",,"Thomas","OTHERNUMB",,"0"
"4394563",,"R15","OTHERNUMB",,"0"
"4394563",,"16","OTHERNUMB",,"0"
"4394563",,"T1","OTHERNUMB",,"0"
"4394563",,"2","OTHERNUMB",,"0"
"4394563","USA126","DJUG 100","OTHERNUMB",,"0"
"4394563",,"R15,16,T1,2","DONORNUMB",,"0"
"4394579",,"DJUG 285","ACCENAME",,"0"
"4394579","USA126","DJUG 285","OTHERNUMB",,"0"
"4395360",,"Yongdong local","ACCENAME",,"0"
"4395360",,"Yongdong local","OTHERNUMB",,"0"
"4395360",,"85-015.1","OTHERNUMB",,"0"
"4395360","USA126","DJUG 481","OTHERNUMB",,"0"
"4395360",,"85-015.1","DONORNUMB",,"0"
"4395386",,"880473","ACCENAME",,"0"
"4395386",,"880473","OTHERNUMB",,"0"
"4395386","USA126","DJUG 270","OTHERNUMB",,"0"
"4395386",,"MT 0588","OTHERNUMB",,"0"
"4395386",,"880473","DONORNUMB",,"0"
"4395396",,"Beijing 5","ACCENAME",,"0"
"4395396",,"Beijing 5","OTHERNUMB",,"0"
"4395396",,"85-007","OTHERNUMB",,"0"
"4395396","USA126","DJUG 465","OTHERNUMB",,"0"
"4395396",,"85-007","DONORNUMB",,"0"
"4396228",,"DJUG 598","ACCENAME",,"0"
"4396228","USA126","DJUG 598","OTHERNUMB",,"0"
"4396228",,"CS0900","OTHERNUMB",,"0"
"4396240",,"DJUG 557","ACCENAME",,"0"
"4396240","USA126","DJUG 557","OTHERNUMB",,"0"
"4396254",,"83-104","ACCENAME",,"0"
"4396254",,"83-104","OTHERNUMB",,"0"
"4396254","USA126","DJUG 44","OTHERNUMB",,"0"
"4396263",,"83-86","ACCENAME",,"0"
"4396263",,"83-86","OTHERNUMB",,"0"
"4396263","USA126","DJUG 36","OTHERNUMB",,"0"
"4396265",,"95-043-2","ACCENAME",,"0"
"4396265",,"95-043-2","OTHERNUMB",,"0"
"4396265",,"China 9","OTHERNUMB",,"0"
"4396265","USA126","DJUG 746","OTHERNUMB",,"0"
"4396265",,"95-043-2","DONORNUMB",,"0"
"4396853",,"DJUG 664","ACCENAME",,"0"
"4396853","USA126","DJUG 664","OTHERNUMB",,"0"
"4396853",,"Stone 4351","OTHERNUMB",,"0"
"4396853",,"DS 1105","OTHERNUMB",,"0"
"4397183",,"Tandari 6  (Seedling 4)","ACCENAME",,"0"
"4397183",,"Tandari 6  (Seedling 4)","OTHERNUMB",,"0"
"4397183",,"85-017.4","OTHERNUMB",,"0"
"4397183","USA126","DJUG 483","OTHERNUMB",,"0"
"4397183",,"85-017.4","DONORNUMB",,"0"
"4397189",,"95-044-5","ACCENAME",,"0"
"4397189",,"95-044-5","OTHERNUMB",,"0"
"4397189",,"China 10","OTHERNUMB",,"0"
"4397189","USA126","DJUG 747","OTHERNUMB",,"0"
"4397189",,"95-044-5","DONORNUMB",,"0"
"4397195",,"Old #633 EN 6-4","ACCENAME",,"0"
"4397195",,"Old #633 EN 6-4","OTHERNUMB",,"0"
"4397195","USA126","DJUG 127","OTHERNUMB",,"0"
"4397195",,"Old #633 EN 6-4","DONORNUMB",,"0"
"4397203",,"DJUG 594","ACCENAME",,"0"
"4397203","USA126","DJUG 594","OTHERNUMB",,"0"
"4397203",,"CS0900","OTHERNUMB",,"0"
"4397206",,"Geoagiu 44x4x360","ACCENAME",,"0"
"4397206",,"Geoagiu 44x4x360","OTHERNUMB",,"0"
"4397206",,"HB 85-37","OTHERNUMB",,"0"
"4397206","USA126","DJUG 407","OTHERNUMB",,"0"
"4397206",,"HB 85-37","DONORNUMB",,"0"
"4397217",,"Op Sdlg/type T-10","ACCENAME",,"0"
"4397217",,"Op Sdlg/type T-10","OTHERNUMB",,"0"
"4397217",,"OLD #644 EN 8-3","OTHERNUMB",,"0"
"4397217","USA126","DJUG 150","OTHERNUMB",,"0"
"4397217","USA126","DJUG 163","OTHERNUMB",,"0"
"4397217",,"OLD #644 EN 8-3","DONORNUMB",,"0"
"4397992",,"Booth","ACCENAME",,"0"
"4397992",,"Booth","OTHERNUMB",,"0"
"4397992","USA126","CJUG 14","OTHERNUMB",,"0"
"4399535",,"DJUG 599","ACCENAME",,"0"
"4399535","USA126","DJUG 599","OTHERNUMB",,"0"
"4399535",,"CS0900","OTHERNUMB",,"0"
"4399536",,"95-041-4","ACCENAME",,"0"
"4399536",,"95-041-4","OTHERNUMB",,"0"
"4399536",,"China 7","OTHERNUMB",,"0"
"4399536","USA126","DJUG 745","OTHERNUMB",,"0"
"4399536",,"95-041-4","DONORNUMB",,"0"
"4399557",,"Selection 74-256","ACCENAME",,"0"
"4399557",,"Selection 74-256","OTHERNUMB",,"0"
"4399557","USA126","DJUG 106","OTHERNUMB",,"0"
"4399560",,"53-128","ACCENAME",,"0"
"4399560",,"53-128","OTHERNUMB",,"0"
"4399560",,"V68","OTHERNUMB",,"0"
"4399560","USA126","DJUG 228","OTHERNUMB",,"0"
"4399560",,"V68","DONORNUMB",,"0"
"4399629",,"Sheets / Ransburg","ACCENAME",,"0"
"4399629",,"Sheets / Ransburg","OTHERNUMB",,"0"
"4399629","USA126","CJUG 64","OTHERNUMB",,"0"
"4399629",,"Sheets / Ransburg","DONORNUMB",,"0"
"4400705",,"Conway Mayette","ACCENAME",,"0"
"4400705",,"Conway Mayette","OTHERNUMB",,"0"
"4400705",,"Sel BL R12-T1","OTHERNUMB",,"0"
"4400705",,"2","OTHERNUMB",,"0"
"4400705","USA126","DJUG 176","OTHERNUMB",,"0"
"4400705",,"Sel BL R12-T1,2","DONORNUMB",,"0"
"4400729",,"Zhong Lin #6","ACCENAME",,"0"
"4400729",,"Zhong Lin #6","OTHERNUMB",,"0"
"4400729",,"91-014","OTHERNUMB",,"0"
"4400729",,"China 14","OTHERNUMB",,"0"
"4400729","USA126","DJUG 343","OTHERNUMB",,"0"
"4400729",,"GM 0990","OTHERNUMB",,"0"
"4400729",,"91-014","DONORNUMB",,"0"
"4400731",,"Op Sdlg/gronovii","ACCENAME",,"0"
"4400731",,"Op Sdlg/gronovii","OTHERNUMB",,"0"
"4400731",,"84-17-1","OTHERNUMB",,"0"
"4400731","USA126","DJUG 189","OTHERNUMB",,"0"
"4400731",,"84-17-1","DONORNUMB",,"0"
"4400735",,"Aksu Hun #85","ACCENAME",,"0"
"4400735",,"Aksu Hun #85","OTHERNUMB",,"0"
"4400735",,"91-031","OTHERNUMB",,"0"
"4400735",,"China 31","OTHERNUMB",,"0"
"4400735","USA126","DJUG 360","OTHERNUMB",,"0"
"4400735",,"GM 0990","OTHERNUMB",,"0"
"4400735",,"91-031","DONORNUMB",,"0"
"4401223",,"Paradox Bowman-Kuen","ACCENAME",,"0"
"4401223",,"Paradox Bowman-Kuen","OTHERNUMB",,"0"
"4401223",,"Sel BL R3","OTHERNUMB",,"0"
"4401223",,"4-T13","OTHERNUMB",,"0"
"4401223",,"14","OTHERNUMB",,"0"
"4401223","USA126","DJUG 172","OTHERNUMB",,"0"
"4401223",,"Sel BL R3,4-T13,14","DONORNUMB",,"0"
"4401227",,"Jhopeiensis","ACCENAME",,"0"
"4401227",,"Jhopeiensis","OTHERNUMB",,"0"
"4401227",,"84-042","OTHERNUMB",,"0"
"4401227","USA126","DJUG 462","OTHERNUMB",,"0"
"4401227",,"84-042","DONORNUMB",,"0"
"4401265",,"Collier #2","ACCENAME",,"0"
"4401265",,"Collier #2","OTHERNUMB",,"0"
"4401265","USA126","CJUG 42","OTHERNUMB",,"0"
"4401265",,"Collier #2","DONORNUMB",,"0"
"4401923",,"880246","ACCENAME",,"0"
"4401923",,"880246","OTHERNUMB",,"0"
"4401923","USA126","DJUG 240","OTHERNUMB",,"0"
"4401923",,"MT 0588","OTHERNUMB",,"0"
"4402799",,"DJUG 569","ACCENAME",,"0"
"4402799","USA126","DJUG 569","OTHERNUMB",,"0"
"4402799",,"CS0900","OTHERNUMB",,"0"
"4402818",,"OP SDLG/MENG Phali","ACCENAME",,"0"
"4402818",,"OP SDLG/MENG Phali","OTHERNUMB",,"0"
"4402818",,"880467","OTHERNUMB",,"0"
"4402818","USA126","DJUG 268","OTHERNUMB",,"0"
"4402818",,"MT 0588","OTHERNUMB",,"0"
"4402818",,"880467","DONORNUMB",,"0"
"4402819",,"Op Sdlg/dzigit","ACCENAME",,"0"
"4402819",,"Op Sdlg/dzigit","OTHERNUMB",,"0"
"4402819",,"OLD #603 EN 1-4","OTHERNUMB",,"0"
"4402819","USA126","DJUG 140","OTHERNUMB",,"0"
"4402819",,"OLD #603 EN 1-4","DONORNUMB",,"0"
"4402824",,"KYR #31","ACCENAME",,"0"
"4402824",,"KYR #31","OTHERNUMB",,"0"
"4402824","USA126","DJUG 876","OTHERNUMB",,"0"
"4402824",,"MA 0809","OTHERNUMB",,"0"
"4402827",,"880432","ACCENAME",,"0"
"4402827",,"880432","OTHERNUMB",,"0"
"4402827","USA126","DJUG 260","OTHERNUMB",,"0"
"4402827",,"MT 0588","OTHERNUMB",,"0"
"4402827",,"880432","DONORNUMB",,"0"
"4402914",,"Heron Rookery","ACCENAME",,"0"
"4402914",,"Heron Rookery","OTHERNUMB",,"0"
"4402914","USA126","CJUG 45","OTHERNUMB",,"0"
"4402914",,"Heron Rookery","DONORNUMB",,"0"
"4403438",,"DJUG 53","ACCENAME",,"0"
"4403438","USA126","DJUG 53","OTHERNUMB",,"0"
"4403937",,"Pakistan 231","ACCENAME",,"0"
"4403937",,"Pakistan 231","OTHERNUMB",,"0"
"4403937",,"89-011","OTHERNUMB",,"0"
"4403937","USA126","DJUG 471","OTHERNUMB",,"0"
"4403937",,"89-011","DONORNUMB",,"0"
"4403940",,"Old #636 EN 7-1","ACCENAME",,"0"
"4403940",,"Old #636 EN 7-1","OTHERNUMB",,"0"
"4403940","USA126","DJUG 153","OTHERNUMB",,"0"
"4403940",,"Old #636 EN 7-1","DONORNUMB",,"0"
"4403951",,"DJUG 28","ACCENAME",,"0"
"4403951","USA126","DJUG 28","OTHERNUMB",,"0"
"4403953",,"Yangbi 2","ACCENAME",,"0"
"4403953",,"Yangbi 2","OTHERNUMB",,"0"
"4403953","USA126","DJUG 952","OTHERNUMB",,"0"
"4403964",,"0-13-1048","ACCENAME",,"0"
"4403964",,"0-13-1048","OTHERNUMB",,"0"
"4403964",,"V68","OTHERNUMB",,"0"
"4403964","USA126","DJUG 226","OTHERNUMB",,"0"
"4403964",,"V68","DONORNUMB",,"0"
"4404523",,"Farrington","ACCENAME",,"0"
"4404523",,"Farrington","OTHERNUMB",,"0"
"4404523","USA126","DJUG 287","OTHERNUMB",,"0"
"4405277",,"Mei Yao Go 1","ACCENAME",,"0"
"4405277",,"Mei Yao Go 1","OTHERNUMB",,"0"
"4405277",,"China 24","OTHERNUMB",,"0"
"4405277","USA126","DJUG 353","OTHERNUMB",,"0"
"4405277",,"GM 0990","OTHERNUMB",,"0"
"4405289",,"83-23","ACCENAME",,"0"
"4405289",,"83-23","OTHERNUMB",,"0"
"4405289","USA126","DJUG 88","OTHERNUMB",,"0"
"4405289",,"83-23","DONORNUMB",,"0"
"4405290",,"96-006-7","ACCENAME",,"0"
"4405290",,"96-006-7","OTHERNUMB",,"0"
"4405290",,"P13DCL101096","OTHERNUMB",,"0"
"4405290","USA126","DJUG 752","OTHERNUMB",,"0"
"4405290",,"96-006-7","DONORNUMB",,"0"
"4405294",,"Old #648 EN8-7","ACCENAME",,"0"
"4405294",,"Old #648 EN8-7","OTHERNUMB",,"0"
"4405294","USA126","DJUG 159","OTHERNUMB",,"0"
"4405294",,"Old #648 EN8-7","DONORNUMB",,"0"
"4405303",,"Old #632 EN6-3","ACCENAME",,"0"
"4405303",,"Old #632 EN6-3","OTHERNUMB",,"0"
"4405303","USA126","DJUG 162","OTHERNUMB",,"0"
"4405303",,"Old #632 EN6-3","DONORNUMB",,"0"
"4405315",,"Op Sdlg/type T56","ACCENAME",,"0"
"4405315",,"Op Sdlg/type T56","OTHERNUMB",,"0"
"4405315",,"Op Sdlg/Dzigit","OTHERNUMB",,"0"
"4405315",,"OLD #645 EN 8-4","OTHERNUMB",,"0"
"4405315",,"OLD #647 EN 8-6","OTHERNUMB",,"0"
"4405315",,"OLD #646 EN 8-5","OTHERNUMB",,"0"
"4405315","USA126","DJUG 138","OTHERNUMB",,"0"
"4405315","USA126","DJUG 158","OTHERNUMB",,"0"
"4405315","USA126","DJUG 160","OTHERNUMB",,"0"
"4405315",,"OLD #647 EN 8-6","DONORNUMB",,"0"
"4406113",,"3","ACCENAME",,"0"
"4406113",,"3","OTHERNUMB",,"0"
"4406113","USA126","DJUG 68","OTHERNUMB",,"0"
"4406128",,"84-12","ACCENAME",,"0"
"4406128",,"84-12","OTHERNUMB",,"0"
"4406128","USA126","DJUG 22","OTHERNUMB",,"0"
"4406149",,"83-103","ACCENAME",,"0"
"4406149",,"83-103","OTHERNUMB",,"0"
"4406149","USA126","DJUG 43","OTHERNUMB",,"0"
"4406152",,"ShenXi #2","ACCENAME",,"0"
"4406152",,"ShenXi #2","OTHERNUMB",,"0"
"4406152","USA126","DJUG 834","OTHERNUMB",,"0"
"4407308",,"KRCH-1B","ACCENAME",,"0"
"4407308",,"KRCH-1B","OTHERNUMB",,"0"
"4407308",,"KYR #20","OTHERNUMB",,"0"
"4407308","USA126","DJUG 865","OTHERNUMB",,"0"
"4407308",,"MA 0809","OTHERNUMB",,"0"
"4407316",,"22","ACCENAME",,"0"
"4407316",,"22","OTHERNUMB",,"0"
"4407316","USA126","DJUG 80","OTHERNUMB",,"0"
"4407325",,"DJUG 595","ACCENAME",,"0"
"4407325","USA126","DJUG 595","OTHERNUMB",,"0"
"4407325",,"CS0900","OTHERNUMB",,"0"
"4407328",,"Op Sdlg/suntuk","ACCENAME",,"0"
"4407328",,"Op Sdlg/suntuk","OTHERNUMB",,"0"
"4407328",,"OLD #630 EN 6-1","OTHERNUMB",,"0"
"4407328","USA126","DJUG 143","OTHERNUMB",,"0"
"4407328",,"OLD #630 EN 6-1","DONORNUMB",,"0"
"4407330",,"J purpurea","ACCENAME",,"0"
"4407330",,"J purpurea","OTHERNUMB",,"0"
"4407330",,"86-011","OTHERNUMB",,"0"
"4407330","USA126","DJUG 470","OTHERNUMB",,"0"
"4407330",,"86-011","DONORNUMB",,"0"
"4407331",,"ShenXi #3","ACCENAME",,"0"
"4407331",,"ShenXi #3","OTHERNUMB",,"0"
"4407331","USA126","DJUG 835","OTHERNUMB",,"0"
"4407819",,"Paradox-Burbank","ACCENAME",,"0"
"4407819",,"Paradox-Burbank","OTHERNUMB",,"0"
"4407819",,"Pom Sel BL R3","OTHERNUMB",,"0"
"4407819",,"4-T1","OTHERNUMB",,"0"
"4407819","USA126","DJUG 167","OTHERNUMB",,"0"
"4407819",,"Pom Sel BL R3,4-T1","DONORNUMB",,"0"
"4409357",,"95-038-1","ACCENAME",,"0"
"4409357",,"95-038-1","OTHERNUMB",,"0"
"4409357",,"China 4","OTHERNUMB",,"0"
"4409357","USA126","DJUG 742","OTHERNUMB",,"0"
"4409357",,"95-038-1","DONORNUMB",,"0"
"4409364",,"Meylan","ACCENAME",,"0"
"4409364",,"Meylan","OTHERNUMB",,"0"
"4409364","USA126","DJUG 95","OTHERNUMB",,"0"
"4409373",,"Turfan Lowland 2","ACCENAME",,"0"
"4409373",,"Turfan Lowland 2","OTHERNUMB",,"0"
"4409373",,"China 16","OTHERNUMB",,"0"
"4409373","USA126","DJUG 345","OTHERNUMB",,"0"
"4409373",,"GM 0990","OTHERNUMB",,"0"
"4409376",,"Geoagiu 44x4x223","ACCENAME",,"0"
"4409376",,"Geoagiu Orastie","OTHERNUMB",,"0"
"4409376",,"Orastie","OTHERNUMB",,"0"
"4409376",,"Geoagiu 44x4x223","OTHERNUMB",,"0"
"4409376",,"HB 85-35","OTHERNUMB",,"0"
"4409376","USA126","DJUG 408","OTHERNUMB",,"0"
"4409376",,"HB 85-35","DONORNUMB",,"0"
"4409392",,"Sheinovo sd","ACCENAME",,"0"
"4409392",,"Sheinovo sd","OTHERNUMB",,"0"
"4409392",,"85-043.1","OTHERNUMB",,"0"
"4409392","USA126","DJUG 491","OTHERNUMB",,"0"
"4409392",,"85-043.1","DONORNUMB",,"0"
"4409395",,"61-12","ACCENAME",,"0"
"4409395",,"61-12","OTHERNUMB",,"0"
"4409395",,"S81","OTHERNUMB",,"0"
"4409395","USA126","DJUG 229","OTHERNUMB",,"0"
"4409395",,"S81","DONORNUMB",,"0"
"4409946",,"DJUG 553","ACCENAME",,"0"
"4409946","USA126","DJUG 553","OTHERNUMB",,"0"
"4410475",,"DJUG 592","ACCENAME",,"0"
"4410475","USA126","DJUG 592","OTHERNUMB",,"0"
"4410475",,"CS0900","OTHERNUMB",,"0"
"4410476",,"Op Sdlg/maljutka","ACCENAME",,"0"
"4410476",,"Op Sdlg/maljutka","OTHERNUMB",,"0"
"4410476",,"OLD#626 EN 5-4","OTHERNUMB",,"0"
"4410476",,"OLD#627 EN 5-6","OTHERNUMB",,"0"
"4410476","USA126","DJUG 125","OTHERNUMB",,"0"
"4410476","USA126","DJUG 144","OTHERNUMB",,"0"
"4410476",,"OLD#627 EN 5-6","DONORNUMB",,"0"
"4410485",,"Form PP-1 (pendula)","ACCENAME",,"0"
"4410485",,"Form PP-1 (pendula)","OTHERNUMB",,"0"
"4410485",,"KYR #9","OTHERNUMB",,"0"
"4410485","USA126","DJUG 854","OTHERNUMB",,"0"
"4410485",,"MA 0809","OTHERNUMB",,"0"
"4410497",,"Old #637 EN 7-2","ACCENAME",,"0"
"4410497",,"Old #637 EN 7-2","OTHERNUMB",,"0"
"4410497","USA126","DJUG 141","OTHERNUMB",,"0"
"4410497",,"Old #637 EN 7-2","DONORNUMB",,"0"
"4410504",,"85-13","ACCENAME",,"0"
"4410504",,"85-13","OTHERNUMB",,"0"
"4410504",,"Yongdong #24","OTHERNUMB",,"0"
"4410504","USA126","DJUG 63","OTHERNUMB",,"0"
"4410515",,"Form MN 96","ACCENAME",,"0"
"4410515",,"Form MN 96","OTHERNUMB",,"0"
"4410515",,"KYR #1","OTHERNUMB",,"0"
"4410515","USA126","DJUG 846","OTHERNUMB",,"0"
"4410515",,"MA 0809","OTHERNUMB",,"0"
"4411040",,"83-13A","ACCENAME",,"0"
"4411040",,"83-13A","OTHERNUMB",,"0"
"4411040","USA126","DJUG 87","OTHERNUMB",,"0"
"4411040",,"83-13A","DONORNUMB",,"0"
"4412650",,"DJUG 47","ACCENAME",,"0"
"4412650","USA126","DJUG 47","OTHERNUMB",,"0"
"4412654",,"83-106","ACCENAME",,"0"
"4412654",,"83-106","OTHERNUMB",,"0"
"4412654","USA126","DJUG 45","OTHERNUMB",,"0"
"4412656",,"Ahkrot","ACCENAME",,"0"
"4412656",,"Ahkrot","OTHERNUMB",,"0"
"4412656",,"880743","OTHERNUMB",,"0"
"4412656","USA126","DJUG 275","OTHERNUMB",,"0"
"4412656",,"MT 0588","OTHERNUMB",,"0"
"4412656",,"880743","DONORNUMB",,"0"
"4412659",,"Xin Chun Fen","ACCENAME",,"0"
"4412659",,"Xin Chun Fen","OTHERNUMB",,"0"
"4412659",,"China 32","OTHERNUMB",,"0"
"4412659","USA126","DJUG 361","OTHERNUMB",,"0"
"4412659",,"GM 0990","OTHERNUMB",,"0"
"4412661",,"DJUG 573","ACCENAME",,"0"
"4412661","USA126","DJUG 573","OTHERNUMB",,"0"
"4412661",,"CS0900","OTHERNUMB",,"0"
"4412667",,"880340","ACCENAME",,"0"
"4412667",,"880340","OTHERNUMB",,"0"
"4412667","USA126","DJUG 244","OTHERNUMB",,"0"
"4412667",,"MT 0588","OTHERNUMB",,"0"
"4412673",,"Nn 88 Godyn","ACCENAME",,"0"
"4412673",,"Nn 88 Godyn","OTHERNUMB",,"0"
"4412673",,"85-129","OTHERNUMB",,"0"
"4412673",,"RA 118","OTHERNUMB",,"0"
"4412673","USA126","DJUG 413","OTHERNUMB",,"0"
"4412673",,"RA 118","DONORNUMB",,"0"
"4412686",,"83-101","ACCENAME",,"0"
"4412686",,"83-101","OTHERNUMB",,"0"
"4412686","USA126","DJUG 90","OTHERNUMB",,"0"
"4412686",,"83-101","DONORNUMB",,"0"
"4412699",,"Onigurami","ACCENAME",,"0"
"4412699",,"Onigurami","OTHERNUMB",,"0"
"4412699",,"JUG 5","OTHERNUMB",,"0"
"4412699",,"42-6","OTHERNUMB",,"0"
"4412699","USA126","DJUG 2","OTHERNUMB",,"0"
"4412699",,"JUG 5","DONORNUMB",,"0"
"4413871",,"14A","ACCENAME",,"0"
"4413871",,"14A","OTHERNUMB",,"0"
"4413871","USA126","DJUG 79","OTHERNUMB",,"0"
"4413892",,"880426","ACCENAME",,"0"
"4413892",,"880426","OTHERNUMB",,"0"
"4413892","USA126","DJUG 257","OTHERNUMB",,"0"
"4413892",,"MT 0588","OTHERNUMB",,"0"
"4413892",,"880426","DONORNUMB",,"0"
"4413896",,"Yunan 2","ACCENAME",,"0"
"4413896",,"Yunan 2","OTHERNUMB",,"0"
"4413896",,"85-029","OTHERNUMB",,"0"
"4413896","USA126","DJUG 469","OTHERNUMB",,"0"
"4413896",,"85-029","DONORNUMB",,"0"
"4413899",,"83-89","ACCENAME",,"0"
"4413899",,"83-89","OTHERNUMB",,"0"
"4413899","USA126","DJUG 37","OTHERNUMB",,"0"
"4413913",,"KYR #24","ACCENAME",,"0"
"4413913",,"KYR #24","OTHERNUMB",,"0"
"4413913","USA126","DJUG 869","OTHERNUMB",,"0"
"4413913",,"MA 0809","OTHERNUMB",,"0"
"4414287",,"85-1-1","ACCENAME",,"0"
"4414287",,"85-1-1","OTHERNUMB",,"0"
"4414287","USA126","DJUG 193","OTHERNUMB",,"0"
"4414287",,"85-1-1","DONORNUMB",,"0"
"4414291",,"DJUG 550","ACCENAME",,"0"
"4414291","USA126","DJUG 550","OTHERNUMB",,"0"
"4414327",,"83-13","ACCENAME",,"0"
"4414327",,"83-13","OTHERNUMB",,"0"
"4414327","USA126","DJUG 89","OTHERNUMB",,"0"
"4414327",,"83-13","DONORNUMB",,"0"
"4414335",,"Paradox","ACCENAME",,"0"
"4414335",,"Paradox","OTHERNUMB",,"0"
"4414335","USA126","DJUG 120","OTHERNUMB",,"0"
"4415027",,"83-32","ACCENAME",,"0"
"4415027",,"83-32","OTHERNUMB",,"0"
"4415027","USA126","DJUG 85","OTHERNUMB",,"0"
"4415027",,"83-32","DONORNUMB",,"0"
"4415029",,"Idaho","ACCENAME",,"0"
"4415029",,"Idaho","OTHERNUMB",,"0"
"4415029",,"Pom Var BL R12-T7","OTHERNUMB",,"0"
"4415029","USA126","DJUG 171","OTHERNUMB",,"0"
"4415029",,"Pom Var BL R12-T7","DONORNUMB",,"0"
"4415856",,"DJUG 571","ACCENAME",,"0"
"4415856","USA126","DJUG 571","OTHERNUMB",,"0"
"4415856",,"CS0900","OTHERNUMB",,"0"
"4415860",,"XXX Mayette","ACCENAME",,"0"
"4415860",,"XXX Mayette","OTHERNUMB",,"0"
"4415860",,"Pom Sel BL R10-T4","OTHERNUMB",,"0"
"4415860","USA126","DJUG 175","OTHERNUMB",,"0"
"4415860",,"Pom Sel BL R10-T4","DONORNUMB",,"0"
"4415864",,"Red Zinger","ACCENAME",,"0"
"4415864",,"Red Zinger","OTHERNUMB",,"0"
"4415864",,"86-11","OTHERNUMB",,"0"
"4415864",,"RA 1088","OTHERNUMB",,"0"
"4415864",,"Juglans pur purea a cerneau rouge","OTHERNUMB",,"0"
"4415864","USA126","DJUG 418","OTHERNUMB",,"0"
"4415864",,"RA 1088","DONORNUMB",,"0"
"4415876",,"Xin Zao Fen","ACCENAME",,"0"
"4415876",,"Xin Zao Fen","OTHERNUMB",,"0"
"4415876",,"China 34","OTHERNUMB",,"0"
"4415876","USA126","DJUG 363","OTHERNUMB",,"0"
"4415876",,"GM 0990","OTHERNUMB",,"0"
"4415885",,"Lang Thacha","ACCENAME",,"0"
"4415885",,"Lang Thacha","OTHERNUMB",,"0"
"4415885",,"85-021.2","OTHERNUMB",,"0"
"4415885","USA126","DJUG 486","OTHERNUMB",,"0"
"4415885",,"85-021.2","DONORNUMB",,"0"
"4415941",,"Snyder","ACCENAME",,"0"
"4415941",,"Snyder","OTHERNUMB",,"0"
"4415941","USA126","CJUG 66","OTHERNUMB",,"0"
"4415941",,"Snyder","DONORNUMB",,"0"
"4415950",,"Beverly #2","ACCENAME",,"0"
"4415950",,"Beverly #2","OTHERNUMB",,"0"
"4415950","USA126","CJUG 36","OTHERNUMB",,"0"
"4415950",,"Beverly #2","DONORNUMB",,"0"
"4416347",,"DJUG 549","ACCENAME",,"0"
"4416347","USA126","DJUG 549","OTHERNUMB",,"0"
"4417034",,"DJUG 606","ACCENAME",,"0"
"4417034","USA126","DJUG 606","OTHERNUMB",,"0"
"4417034",,"CS0900","OTHERNUMB",,"0"
"4417056",,"880343","ACCENAME",,"0"
"4417056",,"880343","OTHERNUMB",,"0"
"4417056","USA126","DJUG 246","OTHERNUMB",,"0"
"4417056",,"MT 0588","OTHERNUMB",,"0"
"4417061",,"Sampion","ACCENAME",,"0"
"4417061",,"Sampion","OTHERNUMB",,"0"
"4417061",,"90-007","OTHERNUMB",,"0"
"4417061","USA126","DJUG 476","OTHERNUMB",,"0"
"4417061",,"90-007","DONORNUMB",,"0"
"4418303",,"Mei Yao Go 3 mix","ACCENAME",,"0"
"4418303",,"Mei Yao Go 3 mix","OTHERNUMB",,"0"
"4418303",,"China 26","OTHERNUMB",,"0"
"4418303","USA126","DJUG 355","OTHERNUMB",,"0"
"4418303",,"GM 0990","OTHERNUMB",,"0"
"4418311",,"880468","ACCENAME",,"0"
"4418311",,"880468","OTHERNUMB",,"0"
"4418311","USA126","DJUG 269","OTHERNUMB",,"0"
"4418311",,"MT 0588","OTHERNUMB",,"0"
"4418311",,"880468","DONORNUMB",,"0"
"4418313",,"DJUG 572","ACCENAME",,"0"
"4418313","USA126","DJUG 572","OTHERNUMB",,"0"
"4418313",,"CS0900","OTHERNUMB",,"0"
"4418341",,"880458","ACCENAME",,"0"
"4418341",,"880458","OTHERNUMB",,"0"
"4418341","USA126","DJUG 264","OTHERNUMB",,"0"
"4418341",,"MT 0588","OTHERNUMB",,"0"
"4418341",,"880458","DONORNUMB",,"0"
"4419108",,"Beck","ACCENAME",,"0"
"4419108",,"Beck","OTHERNUMB",,"0"
"4419108","USA126","DJUG 288","OTHERNUMB",,"0"
"4419544",,"AZ FALL06-9","ACCENAME",,"0"
"4419544",,"AZ FALL06-9","OTHERNUMB",,"0"
"4419544","USA126","NA 76211","OTHERNUMB",,"0"
"4419759",,"Himegurumi","ACCENAME",,"0"
"4419759",,"Himegurumi","OTHERNUMB",,"0"
"4419759",,"JUG 12","OTHERNUMB",,"0"
"4419759",,"39-3","OTHERNUMB",,"0"
"4419759","USA126","DJUG 4","OTHERNUMB",,"0"
"4419759",,"JUG 12","DONORNUMB",,"0"
"4419764",,"Himegurumi","ACCENAME",,"0"
"4419764",,"Himegurumi","OTHERNUMB",,"0"
"4419764",,"JUG 10","OTHERNUMB",,"0"
"4419764",,"3-3","OTHERNUMB",,"0"
"4419764","USA126","DJUG 7","OTHERNUMB",,"0"
"4419764",,"JUG 10","DONORNUMB",,"0"
"4420639",,"Manregian","ACCENAME",,"0"
"4420639",,"Manregian","OTHERNUMB",,"0"
"4420639",,"SEL BL R14-T7","OTHERNUMB",,"0"
"4420639",,"8","OTHERNUMB",,"0"
"4420639","USA126","DJUG 181","OTHERNUMB",,"0"
"4420639",,"SEL BL R14-T7,8","DONORNUMB",,"0"
"4420646",,"Old #621 EN 4-4","ACCENAME",,"0"
"4420646",,"Old #621 EN 4-4","OTHERNUMB",,"0"
"4420646","USA126","DJUG 130","OTHERNUMB",,"0"
"4420646",,"Old #621 EN 4-4","DONORNUMB",,"0"
"4420650",,"Zam","ACCENAME",,"0"
"4420650",,"Za Mu Tai","OTHERNUMB",,"0"
"4420650",,"Zam","OTHERNUMB",,"0"
"4420650",,"91-030","OTHERNUMB",,"0"
"4420650",,"China 30","OTHERNUMB",,"0"
"4420650","USA126","DJUG 359","OTHERNUMB",,"0"
"4420650",,"GM 0990","OTHERNUMB",,"0"
"4420650",,"91-030","DONORNUMB",,"0"
"4420664",,"Hartley","ACCENAME",,"0"
"4420664",,"Hartley","OTHERNUMB",,"0"
"4420664",,"Pom Var BL R3-T6","OTHERNUMB",,"0"
"4420664","USA126","DJUG 180","OTHERNUMB",,"0"
"4420664",,"Pom Var BL R3-T6","DONORNUMB",,"0"
"4420678",,"Turfan Lowland 4","ACCENAME",,"0"
"4420678",,"Turfan Lowland 4","OTHERNUMB",,"0"
"4420678",,"China 18","OTHERNUMB",,"0"
"4420678","USA126","DJUG 347","OTHERNUMB",,"0"
"4420678",,"GM 0990","OTHERNUMB",,"0"
"4421442",,"AZN #24","ACCENAME",,"0"
"4421442",,"AZN #24","OTHERNUMB",,"0"
"4421442","USA126","DJUG 777","OTHERNUMB",,"0"
"4422298",,"83-135","ACCENAME",,"0"
"4422298",,"83-135","OTHERNUMB",,"0"
"4422298","USA126","DJUG 91","OTHERNUMB",,"0"
"4422298",,"83-135","DONORNUMB",,"0"
"4423517",,"Chonwon 14","ACCENAME",,"0"
"4423517",,"Chonwon 14","OTHERNUMB",,"0"
"4423517",,"85-014.4","OTHERNUMB",,"0"
"4423517","USA126","DJUG 480","OTHERNUMB",,"0"
"4423517",,"85-014.4","DONORNUMB",,"0"
"4423522",,"KYR #28","ACCENAME",,"0"
"4423522",,"KYR #28","OTHERNUMB",,"0"
"4423522","USA126","DJUG 873","OTHERNUMB",,"0"
"4423522",,"MA 0809","OTHERNUMB",,"0"
"4423524",,"Form SBK-02","ACCENAME",,"0"
"4423524",,"Form SBK-02","OTHERNUMB",,"0"
"4423524",,"KYR #11","OTHERNUMB",,"0"
"4423524","USA126","DJUG 856","OTHERNUMB",,"0"
"4423524",,"MA 0809","OTHERNUMB",,"0"
"4423525",,"DJUG 563","ACCENAME",,"0"
"4423525","USA126","DJUG 563","OTHERNUMB",,"0"
"4423525",,"CS0900","OTHERNUMB",,"0"
"4423526",,"Ahkrot","ACCENAME",,"0"
"4423526",,"Ahkrot","OTHERNUMB",,"0"
"4423526",,"880344","OTHERNUMB",,"0"
"4423526","USA126","DJUG 247","OTHERNUMB",,"0"
"4423526",,"MT 0588","OTHERNUMB",,"0"
"4423530",,"Op Sdlg/bostandykskij","ACCENAME",,"0"
"4423530",,"Op Sdlg/bostandykskij","OTHERNUMB",,"0"
"4423530",,"Bostandykskij","OTHERNUMB",,"0"
"4423530",,"OLD #611 EN 3-1","OTHERNUMB",,"0"
"4423530","USA126","DJUG 123","OTHERNUMB",,"0"
"4423530",,"OLD #611 EN 3-1","DONORNUMB",,"0"
"4423547",,"AZN #11","ACCENAME",,"0"
"4423547",,"AZN #11","OTHERNUMB",,"0"
"4423547","USA126","DJUG 766","OTHERNUMB",,"0"
"4423547",,"MA 0907","OTHERNUMB",,"0"
"4423554",,"13","ACCENAME",,"0"
"4423554",,"13","OTHERNUMB",,"0"
"4423554","USA126","DJUG 78","OTHERNUMB",,"0"
"4423987",,"DJUG 555","ACCENAME",,"0"
"4423987","USA126","DJUG 555","OTHERNUMB",,"0"
"4424085",,"Clay Hill #2","ACCENAME",,"0"
"4424085",,"Clay Hill #2","OTHERNUMB",,"0"
"4424085","USA126","CJUG 72","OTHERNUMB",,"0"
"4424085",,"Clay Hill #2","DONORNUMB",,"0"
"4424671",,"DJUG 52","ACCENAME",,"0"
"4424671","USA126","DJUG 52","OTHERNUMB",,"0"
"4425648",,"USSR 90-15-01","ACCENAME",,"0"
"4425648",,"USSR 90-15-01","OTHERNUMB",,"0"
"4425648","USA126","DJUG 313","OTHERNUMB",,"0"
"4425648",,"CS 0790","OTHERNUMB",,"0"
"4425648",,"USSR 90-15-01","DONORNUMB",,"0"
"4425654",,"83-95","ACCENAME",,"0"
"4425654",,"83-95","OTHERNUMB",,"0"
"4425654","USA126","DJUG 41","OTHERNUMB",,"0"
"4425667",,"880464","ACCENAME",,"0"
"4425667",,"880464","OTHERNUMB",,"0"
"4425667","USA126","DJUG 265","OTHERNUMB",,"0"
"4425667",,"MT 0588","OTHERNUMB",,"0"
"4425667",,"880464","DONORNUMB",,"0"
"4425677",,"DJUG 576","ACCENAME",,"0"
"4425677","USA126","DJUG 576","OTHERNUMB",,"0"
"4425677",,"CS0900","OTHERNUMB",,"0"
"4425692",,"DJUG 21","ACCENAME",,"0"
"4425692","USA126","DJUG 21","OTHERNUMB",,"0"
"4426176",,"DJUG 386","ACCENAME",,"0"
"4426176","USA126","DJUG 386","OTHERNUMB",,"0"
"4426882",,"UC Selection 74-256","ACCENAME",,"0"
"4426882",,"UC Selection 74-256","OTHERNUMB",,"0"
"4426882",,"SEL.BLK R9","OTHERNUMB",,"0"
"4426882",,"10","OTHERNUMB",,"0"
"4426882",,"T17-18","OTHERNUMB",,"0"
"4426882","USA126","DJUG 178","OTHERNUMB",,"0"
"4426882",,"SEL.BLK R9,10,T17-18","DONORNUMB",,"0"
"4426889",,"Mei Yao Go 2","ACCENAME",,"0"
"4426889",,"Mei Yao Go 2","OTHERNUMB",,"0"
"4426889",,"China 25","OTHERNUMB",,"0"
"4426889","USA126","DJUG 354","OTHERNUMB",,"0"
"4426889",,"GM 0990","OTHERNUMB",,"0"
"4426893",,"AZN #17","ACCENAME",,"0"
"4426893",,"AZN #17","OTHERNUMB",,"0"
"4426893","USA126","DJUG 772","OTHERNUMB",,"0"
"4426893",,"MA 0907","OTHERNUMB",,"0"
"4426898",,"85-6","ACCENAME",,"0"
"4426898",,"85-6","OTHERNUMB",,"0"
"4426898","USA126","DJUG 423","OTHERNUMB",,"0"
"4426898",,"85-6","DONORNUMB",,"0"
"4426901",,"Old #629 EN5-8","ACCENAME",,"0"
"4426901",,"Old #629 EN5-8","OTHERNUMB",,"0"
"4426901","USA126","DJUG 154","OTHERNUMB",,"0"
"4426901",,"Old #629 EN5-8","DONORNUMB",,"0"
"4426902",,"Tandari 5 (seedling 2)","ACCENAME",,"0"
"4426902",,"Tandari 5 (seedling 2)","OTHERNUMB",,"0"
"4426902",,"85-023.2","OTHERNUMB",,"0"
"4426902","USA126","DJUG 489","OTHERNUMB",,"0"
"4426902",,"85-023.2","DONORNUMB",,"0"
"4426909",,"OLD #610 EN2-6","ACCENAME",,"0"
"4426909",,"OLD #610 EN2-6","OTHERNUMB",,"0"
"4426909","USA126","DJUG 164","OTHERNUMB",,"0"
"4426909",,"OLD #610 EN2-6","DONORNUMB",,"0"
"4426918",,"Pakistan 234","ACCENAME",,"0"
"4426918",,"Pakistan 234","OTHERNUMB",,"0"
"4426918",,"89-014","OTHERNUMB",,"0"
"4426918","USA126","DJUG 474","OTHERNUMB",,"0"
"4426918",,"89-014","DONORNUMB",,"0"
"4427676",,"Onigurumi","ACCENAME",,"0"
"4427676",,"Onigurumi","OTHERNUMB",,"0"
"4427676",,"JUG 6","OTHERNUMB",,"0"
"4427676",,"41-5","OTHERNUMB",,"0"
"4427676","USA126","DJUG 5","OTHERNUMB",,"0"
"4427676",,"JUG 6","DONORNUMB",,"0"
"4427714",,"DJUG 551","ACCENAME",,"0"
"4427714","USA126","DJUG 551","OTHERNUMB",,"0"
"4428284",,"Op Sdlg/paperovii","ACCENAME",,"0"
"4428284",,"Op Sdlg/paperovii","OTHERNUMB",,"0"
"4428284",,"84-18 B-1","OTHERNUMB",,"0"
"4428284","USA126","DJUG 188","OTHERNUMB",,"0"
"4428284",,"84-18 B-1","DONORNUMB",,"0"
"4429330",,"Ayres","ACCENAME",,"0"
"4429330",,"Ayres","OTHERNUMB",,"0"
"4429330","USA126","CJUG 1","OTHERNUMB",,"0"
"4430513",,"DJUG 614","ACCENAME",,"0"
"4430513","USA126","DJUG 614","OTHERNUMB",,"0"
"4430513",,"CS0900","OTHERNUMB",,"0"
"4430530",,"DJUG 612","ACCENAME",,"0"
"4430530","USA126","DJUG 612","OTHERNUMB",,"0"
"4430530",,"CS0900","OTHERNUMB",,"0"
"4430532",,"Tandari 6  (Seedling 1)","ACCENAME",,"0"
"4430532",,"Tandari 6  (Seedling 1)","OTHERNUMB",,"0"
"4430532",,"85-017.1","OTHERNUMB",,"0"
"4430532","USA126","DJUG 482","OTHERNUMB",,"0"
"4430532",,"85-017.1","DONORNUMB",,"0"
"4431856",,"Chun Fua","ACCENAME",,"0"
"4431856",,"Chun Fua","OTHERNUMB",,"0"
"4431856",,"China 47","OTHERNUMB",,"0"
"4431856","USA126","DJUG 376","OTHERNUMB",,"0"
"4431856",,"GM 0990","OTHERNUMB",,"0"
"4431863",,"KRCH-03","ACCENAME",,"0"
"4431863",,"KRCH-03","OTHERNUMB",,"0"
"4431863",,"KYR #32","OTHERNUMB",,"0"
"4431863","USA126","DJUG 877","OTHERNUMB",,"0"
"4431863",,"MA 0809","OTHERNUMB",,"0"
"4431865",,"880478","ACCENAME",,"0"
"4431865",,"880478","OTHERNUMB",,"0"
"4431865","USA126","DJUG 272","OTHERNUMB",,"0"
"4431865",,"MT 0588","OTHERNUMB",,"0"
"4431865",,"880478","DONORNUMB",,"0"
"4431870",,"DJUG 593","ACCENAME",,"0"
"4431870","USA126","DJUG 593","OTHERNUMB",,"0"
"4431870",,"CS0900","OTHERNUMB",,"0"
"4431876",,"DJUG 589","ACCENAME",,"0"
"4431876","USA126","DJUG 589","OTHERNUMB",,"0"
"4431876",,"CS0900","OTHERNUMB",,"0"
"4432276",,"Ross","ACCENAME",,"0"
"4432276",,"Ross","OTHERNUMB",,"0"
"4432276","USA126","CJUG 20","OTHERNUMB",,"0"
"4432408",,"DJUG 529","ACCENAME",,"0"
"4432408","USA126","DJUG 529","OTHERNUMB",,"0"
"4432437",,"DJUG 57","ACCENAME",,"0"
"4432437","USA126","DJUG 57","OTHERNUMB",,"0"
"4432956",,"DJUG 559","ACCENAME",,"0"
"4432956","USA126","DJUG 559","OTHERNUMB",,"0"
"4432957",,"(Wilson?) Franquette","ACCENAME",,"0"
"4432957",,"(Wilson?) Franquette","OTHERNUMB",,"0"
"4432957",,"Pom Var BL R1-T5","OTHERNUMB",,"0"
"4432957",,"6","OTHERNUMB",,"0"
"4432957","USA126","DJUG 177","OTHERNUMB",,"0"
"4432957",,"Pom Var BL R1-T5,6","DONORNUMB",,"0"
"4432964",,"Turfan Lowland 6","ACCENAME",,"0"
"4432964",,"Turfan Lowland 6","OTHERNUMB",,"0"
"4432964",,"91-020","OTHERNUMB",,"0"
"4432964",,"China 20","OTHERNUMB",,"0"
"4432964","USA126","DJUG 349","OTHERNUMB",,"0"
"4432964",,"GM 0990","OTHERNUMB",,"0"
"4432964",,"91-020","DONORNUMB",,"0"
"4432971",,"Zao Shu Fen Chan","ACCENAME",,"0"
"4432971",,"Aksu 81","OTHERNUMB",,"0"
"4432971",,"Zao Shu Fen Chan","OTHERNUMB",,"0"
"4432971",,"China 52","OTHERNUMB",,"0"
"4432971","USA126","DJUG 381","OTHERNUMB",,"0"
"4432971",,"GM 0990","OTHERNUMB",,"0"
"4432979",,"Chaun","ACCENAME",,"0"
"4432979",,"JIN 98","OTHERNUMB",,"0"
"4432979",,"Chaun","OTHERNUMB",,"0"
"4432979",,"China 2","OTHERNUMB",,"0"
"4432979","USA126","DJUG 332","OTHERNUMB",,"0"
"4432979",,"GM 0990","OTHERNUMB",,"0"
"4432983",,"0-38-1207","ACCENAME",,"0"
"4432983",,"0-38-1207","OTHERNUMB",,"0"
"4432983",,"V68","OTHERNUMB",,"0"
"4432983","USA126","DJUG 224","OTHERNUMB",,"0"
"4432983",,"V68","DONORNUMB",,"0"
"4432984",,"DJUG 578","ACCENAME",,"0"
"4432984","USA126","DJUG 578","OTHERNUMB",,"0"
"4432984",,"CS0900","OTHERNUMB",,"0"
"4432992",,"Placentia","ACCENAME",,"0"
"4432992",,"Placentia","OTHERNUMB",,"0"
"4432992",,"Pom Sel BL R12-T18","OTHERNUMB",,"0"
"4432992","USA126","DJUG 182","OTHERNUMB",,"0"
"4432992",,"Pom Sel BL R12-T18","DONORNUMB",,"0"
"4432996",,"DJUG 591","ACCENAME",,"0"
"4432996","USA126","DJUG 591","OTHERNUMB",,"0"
"4432996",,"CS0900","OTHERNUMB",,"0"
"4433915",,"Gibridnyj","ACCENAME",,"0"
"4433915",,"Op Sdlg/gibridnyj","OTHERNUMB",,"0"
"4433915",,"Gibridnyj","OTHERNUMB",,"0"
"4433915",,"OLD #614 EN 3-4","OTHERNUMB",,"0"
"4433915",,"OLD #634 EN 6-5","OTHERNUMB",,"0"
"4433915",,"OLD #615 EN 3-5","OTHERNUMB",,"0"
"4433915",,"OLD #616 EN 3-6","OTHERNUMB",,"0"
"4433915","USA126","DJUG 142","OTHERNUMB",,"0"
"4433915","USA126","DJUG 156","OTHERNUMB",,"0"
"4433915","USA126","DJUG 157","OTHERNUMB",,"0"
"4433915","USA126","DJUG 196","OTHERNUMB",,"0"
"4433915",,"OLD #634 EN 6-5","DONORNUMB",,"0"
"4433921",,"Student Orchard","ACCENAME",,"0"
"4433921",,"Student Orchard","OTHERNUMB",,"0"
"4433921","USA126","DJUG 136","OTHERNUMB",,"0"
"4433940",,"Form NM 84","ACCENAME",,"0"
"4433940",,"Form NM 84","OTHERNUMB",,"0"
"4433940",,"KYR #7","OTHERNUMB",,"0"
"4433940","USA126","DJUG 852","OTHERNUMB",,"0"
"4433940",,"MA 0809","OTHERNUMB",,"0"
"4433941",,"11D","ACCENAME",,"0"
"4433941",,"11D","OTHERNUMB",,"0"
"4433941","USA126","DJUG 75","OTHERNUMB",,"0"
"4434613",,"Selection 74-253","ACCENAME",,"0"
"4434613",,"Selection 74-253","OTHERNUMB",,"0"
"4434613","USA126","DJUG 108","OTHERNUMB",,"0"
"4435449",,"DJUG 570","ACCENAME",,"0"
"4435449","USA126","DJUG 570","OTHERNUMB",,"0"
"4435449",,"CS0900","OTHERNUMB",,"0"
"4435452",,"880466","ACCENAME",,"0"
"4435452",,"880466","OTHERNUMB",,"0"
"4435452","USA126","DJUG 267","OTHERNUMB",,"0"
"4435452",,"MT 0588","OTHERNUMB",,"0"
"4435452",,"880466","DONORNUMB",,"0"
"4435470",,"DJUG 18","ACCENAME",,"0"
"4435470","USA126","DJUG 18","OTHERNUMB",,"0"
"4435985",,"DJUG 530","ACCENAME",,"0"
"4435985","USA126","DJUG 530","OTHERNUMB",,"0"
"4436761",,"Selection 74-245","ACCENAME",,"0"
"4436761",,"Selection 74-245","OTHERNUMB",,"0"
"4436761","USA126","DJUG 109","OTHERNUMB",,"0"
"4436767",,"DJUG 597","ACCENAME",,"0"
"4436767","USA126","DJUG 597","OTHERNUMB",,"0"
"4436767",,"CS0900","OTHERNUMB",,"0"
"4436793",,"Ahkrot","ACCENAME",,"0"
"4436793",,"Ahkrot","OTHERNUMB",,"0"
"4436793",,"880368","OTHERNUMB",,"0"
"4436793","USA126","DJUG 251","OTHERNUMB",,"0"
"4436793",,"MT 0588","OTHERNUMB",,"0"
"4436793",,"880368","DONORNUMB",,"0"
"4436805",,"Meylannaise","ACCENAME",,"0"
"4436805",,"Meylannaise","OTHERNUMB",,"0"
"4436805",,"86-5","OTHERNUMB",,"0"
"4436805",,"R 1019","OTHERNUMB",,"0"
"4436805","USA126","DJUG 415","OTHERNUMB",,"0"
"4436805",,"R 1019","DONORNUMB",,"0"
"4437078",,"DJUG 615","ACCENAME",,"0"
"4437078","USA126","DJUG 615","OTHERNUMB",,"0"
"4437078",,"CS0900","OTHERNUMB",,"0"
"4437081",,"DJUG 556","ACCENAME",,"0"
"4437081","USA126","DJUG 556","OTHERNUMB",,"0"
"4438121",,"Aksu 24","ACCENAME",,"0"
"4438121",,"Aksu 24","OTHERNUMB",,"0"
"4438121",,"China 53","OTHERNUMB",,"0"
"4438121","USA126","DJUG 382","OTHERNUMB",,"0"
"4438121",,"GM 0990","OTHERNUMB",,"0"
"4438124",,"DJUG 568","ACCENAME",,"0"
"4438124","USA126","DJUG 568","OTHERNUMB",,"0"
"4438124",,"CS0900","OTHERNUMB",,"0"
"4625192",,"WE 436","COLLNUMB",,"0"
"4871668",,"Arra e Qemalit","ACCENAME",,"0"
"4871668",,"RS;IC;BH;FC441","COLLNUMB",,"0"
"4871675",,"Borovjani 1","ACCENAME",,"0"
"4871675",,"RS;IC574","COLLNUMB",,"0"
"4871677",,"Arra e Gizavezhdes","ACCENAME",,"0"
"4871677",,"RS;IC;BH;FC440","COLLNUMB",,"0"
"4871692",,"Borovjani 2","ACCENAME",,"0"
"4871692",,"RS;IC575","COLLNUMB",,"0"
"4877419",,"Ustupi","ACCENAME",,"0"
"4877419","AZE009","Goz-1/29","OTHERNUMB",,"0"
"4877419","AZE015","SEM-660","OTHERNUMB",,"0"
"4877420","AZE009","Goz-3/13","OTHERNUMB",,"0"
"4877420","AZE015","SEM-934","OTHERNUMB",,"0"
"4877420",,"K-4","DONORNUMB",,"0"
"4877421","AZE009","Goz-3/19","OTHERNUMB",,"0"
"4877421","AZE015","SEM-940","OTHERNUMB",,"0"
"4877421",,"K-10","DONORNUMB",,"0"
"4877422",,"Jamal goz","ACCENAME",,"0"
"4877422","AZE009","Goz-1/7","OTHERNUMB",,"0"
"4877422","AZE015","SEM-638","OTHERNUMB",,"0"
"4877423",,"Seyaner-k-8","ACCENAME",,"0"
"4877423","AZE009","Goz-3/7","OTHERNUMB",,"0"
"4877423","AZE015","SEM-928","OTHERNUMB",,"0"
"4877424",,"Ganja goz","ACCENAME",,"0"
"4877424","AZE009","Goz-1/10","OTHERNUMB",,"0"
"4877424","AZE015","SEM-641","OTHERNUMB",,"0"
"4877425",,"Ilgar","ACCENAME",,"0"
"4877425","AZE009","Goz-1/9","OTHERNUMB",,"0"
"4877425","AZE015","SEM-640","OTHERNUMB",,"0"
"4877426",,"Naila","ACCENAME",,"0"
"4877426","AZE009","Goz-1/11","OTHERNUMB",,"0"
"4877426","AZE015","SEM-642","OTHERNUMB",,"0"
"4877427","AZE009","Goz-3/22","OTHERNUMB",,"0"
"4877427","AZE015","SEM-943","OTHERNUMB",,"0"
"4877427",,"K-13","DONORNUMB",,"0"
"4877428",,"Zagatala I","ACCENAME",,"0"
"4877428","AZE009","Goz-1/3","OTHERNUMB",,"0"
"4877428","AZE015","SEM-634","OTHERNUMB",,"0"
"4877429","AZE009","Goz-1/19","OTHERNUMB",,"0"
"4877429","AZE015","SEM-650","OTHERNUMB",,"0"
"4877429",,"GUM","ACCENAME",,"0"
"4877430",,"Seyaner-k-13","ACCENAME",,"0"
"4877430","AZE009","Goz-3/9","OTHERNUMB",,"0"
"4877430","AZE015","SEM-930","OTHERNUMB",,"0"
"4877431",,"Sugra","ACCENAME",,"0"
"4877431","AZE009","Goz-1/5","OTHERNUMB",,"0"
"4877431","AZE015","SEM-636","OTHERNUMB",,"0"
"4877432","AZE009","Goz-1/24","OTHERNUMB",,"0"
"4877432","AZE015","SEM-655","OTHERNUMB",,"0"
"4877432",,"AZNIPSISK -I","ACCENAME",,"0"
"4877433","AZE009","Goz-1/20","OTHERNUMB",,"0"
"4877433","AZE015","SEM-651","OTHERNUMB",,"0"
"4877433",,"SAMAD GOZ","ACCENAME",,"0"
"4877434","AZE009","Goz-3/21","OTHERNUMB",,"0"
"4877434","AZE015","SEM-942","OTHERNUMB",,"0"
"4877434",,"K-12","DONORNUMB",,"0"
"4877435","AZE009","Goz-3/24","OTHERNUMB",,"0"
"4877435","AZE015","SEM-945","OTHERNUMB",,"0"
"4877435",,"K-15","DONORNUMB",,"0"
"4877436",,"Seyaner-k-11","ACCENAME",,"0"
"4877436","AZE009","Goz-3/8","OTHERNUMB",,"0"
"4877436","AZE015","SEM-929","OTHERNUMB",,"0"
"4877437",,"JAR","ACCENAME",,"0"
"4877437","AZE009","Goz-1/18","OTHERNUMB",,"0"
"4877437","AZE015","SEM-649","OTHERNUMB",,"0"
"4877438","AZE009","Goz-1/23","OTHERNUMB",,"0"
"4877438","AZE015","SEM-654","OTHERNUMB",,"0"
"4877438",,"GUSAR GOZU","ACCENAME",,"0"
"4877439","AZE009","Goz-3/17","OTHERNUMB",,"0"
"4877439","AZE015","SEM-938","OTHERNUMB",,"0"
"4877439",,"K-8/5","DONORNUMB",,"0"
"4877440",,"Tala goz","ACCENAME",,"0"
"4877440","AZE009","Goz-1/6","OTHERNUMB",,"0"
"4877440","AZE015","SEM-637","OTHERNUMB",,"0"
"4877441","AZE009","Goz-1/26","OTHERNUMB",,"0"
"4877441","AZE015","SEM-657","OTHERNUMB",,"0"
"4877441",,"AZNIPSISK-4","ACCENAME",,"0"
"4877442",,"Vanand","ACCENAME",,"0"
"4877442","AZE009","Goz-1/16","OTHERNUMB",,"0"
"4877442","AZE015","SEM-647","OTHERNUMB",,"0"
"4877443","AZE009","Goz-3/12","OTHERNUMB",,"0"
"4877443","AZE015","SEM-933","OTHERNUMB",,"0"
"4877443",,"K-3","DONORNUMB",,"0"
"4877444",,"Disar","ACCENAME",,"0"
"4877444","AZE009","Goz-1/14","OTHERNUMB",,"0"
"4877444","AZE015","SEM-645","OTHERNUMB",,"0"
"4877445","AZE009","Goz-3/10","OTHERNUMB",,"0"
"4877445","AZE015","SEM-931","OTHERNUMB",,"0"
"4877445",,"K-1","DONORNUMB",,"0"
"4877447",,"Dish goz","ACCENAME",,"0"
"4877447","AZE009","Goz-1/12","OTHERNUMB",,"0"
"4877447","AZE015","SEM-643","OTHERNUMB",,"0"
"4877448","AZE009","Goz-3/16","OTHERNUMB",,"0"
"4877448","AZE015","SEM-937","OTHERNUMB",,"0"
"4877448",,"K-7","DONORNUMB",,"0"
"4877449","AZE009","Goz-3/26","OTHERNUMB",,"0"
"4877449","AZE015","SEM-947","OTHERNUMB",,"0"
"4877449",,"K-17","DONORNUMB",,"0"
"4877450","AZE009","Goz-3/18","OTHERNUMB",,"0"
"4877450","AZE015","SEM-939","OTHERNUMB",,"0"
"4877450",,"K-9/2","DONORNUMB",,"0"
"4877451","AZE009","Goz-1/25","OTHERNUMB",,"0"
"4877451","AZE015","SEM-656","OTHERNUMB",,"0"
"4877451",,"AZNIPSISK-3","ACCENAME",,"0"
"4877452",,"Ordubad I","ACCENAME",,"0"
"4877452","AZE009","Goz-1/2","OTHERNUMB",,"0"
"4877452","AZE015","SEM-633","OTHERNUMB",,"0"
"4877453","AZE009","Goz-1/15","OTHERNUMB",,"0"
"4877453","AZE015","SEM-646","OTHERNUMB",,"0"
"4877453",,"MARYAM GOZ","ACCENAME",,"0"
"4877454","AZE009","Goz-3/20","OTHERNUMB",,"0"
"4877454","AZE015","SEM-941","OTHERNUMB",,"0"
"4877454",,"K-11","DONORNUMB",,"0"
"4877455",,"Faldar","ACCENAME",,"0"
"4877455","AZE009","Goz-1/8","OTHERNUMB",,"0"
"4877455","AZE015","SEM-639","OTHERNUMB",,"0"
"4877456","AZE009","Goz-1/21","OTHERNUMB",,"0"
"4877456","AZE015","SEM-652","OTHERNUMB",,"0"
"4877456",,"DINDI","ACCENAME",,"0"
"4877457","AZE009","Goz-3/14","OTHERNUMB",,"0"
"4877457","AZE015","SEM-935","OTHERNUMB",,"0"
"4877457",,"K-5","DONORNUMB",,"0"
"4877458",,"Akbar","ACCENAME",,"0"
"4877458","AZE009","Goz-1/27","OTHERNUMB",,"0"
"4877458","AZE015","SEM-658","OTHERNUMB",,"0"
"4877459",,"Seyfi","ACCENAME",,"0"
"4877459","AZE009","Goz-1/4","OTHERNUMB",,"0"
"4877459","AZE015","SEM-635","OTHERNUMB",,"0"
"4877460",,"Araz","ACCENAME",,"0"
"4877460","AZE009","Goz-1/13","OTHERNUMB",,"0"
"4877460","AZE015","SEM-644","OTHERNUMB",,"0"
"4877461",,"Novrast","ACCENAME",,"0"
"4877461","AZE009","Goz-1/28","OTHERNUMB",,"0"
"4877461","AZE015","SEM-659","OTHERNUMB",,"0"
"4877462","AZE009","Goz-1/17","OTHERNUMB",,"0"
"4877462","AZE015","SEM-648","OTHERNUMB",,"0"
"4877462",,"YAGUB GOZ","ACCENAME",,"0"
"4877463",,"Yumru goz","ACCENAME",,"0"
"4877463","AZE009","Qoz-1/22","OTHERNUMB",,"0"
"4877463","AZE015","SEM-978","OTHERNUMB",,"0"
"4877464","AZE009","Goz-3/11","OTHERNUMB",,"0"
"4877464","AZE015","SEM-932","OTHERNUMB",,"0"
"4877464",,"K-2","DONORNUMB",,"0"
"4877466","AZE009","Goz-3/15","OTHERNUMB",,"0"
"4877466","AZE015","SEM-936","OTHERNUMB",,"0"
"4877466",,"K-6","DONORNUMB",,"0"
"4877467","AZE009","Goz-3/23","OTHERNUMB",,"0"
"4877467","AZE015","SEM-944","OTHERNUMB",,"0"
"4877467",,"K-14","DONORNUMB",,"0"
"4877468","AZE009","Goz-3/25","OTHERNUMB",,"0"
"4877468","AZE015","SEM-946","OTHERNUMB",,"0"
"4877468",,"K-16","DONORNUMB",,"0"
"4877805",,"Tala I","ACCENAME",,"0"
"4877805","AZE009","Goz-1/1","OTHERNUMB",,"0"
"4877805","AZE015","SEM-632","OTHERNUMB",,"0"
"4881717",,"goz","ACCENAME",,"0"
"4881717","AZE015","MM-Y/41","OTHERNUMB",,"0"
"4881717","AZE015","Y-41","OTHERNUMB",,"0"
"5622127",,"CC1","ACCENAME",,"0"
"5622136",,"Franquette","ACCENAME",,"0"
"5622138",,"Parisienne","ACCENAME",,"0"
"5622145",,"Sorrento","ACCENAME",,"0"
"5622149",,"Meylannaise","ACCENAME",,"0"
"5622150",,"Hartley","ACCENAME",,"0"
"5622164",,"Pedro","ACCENAME",,"0"
"5622168",,"Malizia","ACCENAME",,"0"
"5622442",,"18/UM","ACCENAME",,"0"
"5622443",,"GL40","ACCENAME",,"0"
"5622444",,"ZA30","ACCENAME",,"0"
"5622445",,"Montesenato","ACCENAME",,"0"
"5622446",,"Selezione 15 B","ACCENAME",,"0"
"5622447",,"Panuzzara","ACCENAME",,"0"
"5622448",,"MA1/B","ACCENAME",,"0"
"5622449",,"Selezione 8","ACCENAME",,"0"
"5622450",,"Selezione 19 U Maira","ACCENAME",,"0"
"5622451",,"Serr","ACCENAME",,"0"
"5622452",,"Midland","ACCENAME",,"0"
"5622453",,"Lara","ACCENAME",,"0"
"5622454",,"Selezione 1 22 A","ACCENAME",,"0"
"5622455",,"Franquette","ACCENAME",,"0"
"5622456",,"13","ACCENAME",,"0"
"5622457",,"selezione 2007","ACCENAME",,"0"
"5622458",,"Selezione 20 B HC","ACCENAME",,"0"
"5622459",,"Sunland","ACCENAME",,"0"
"5622459",,"Solara","ACCENAME",,"0"
"5622460",,"Curro","ACCENAME",,"0"
"5622461",,"2_ZA30","ACCENAME",,"0"
"5622462",,"Tulare Tonda","ACCENAME",,"0"
"5622463",,"Chico","ACCENAME",,"0"
"5622465",,"Selezione 7 B HC","ACCENAME",,"0"
"5622466",,"9B/B","ACCENAME",,"0"
"5622467",,"Sel 1L","ACCENAME",,"0"
"5622468",,"Perushtenski","ACCENAME",,"0"
"5622469",,"Chandler","ACCENAME",,"0"
"5622470",,"Pacienzia (Placentia ?)","ACCENAME",,"0"
"5622471",,"ESMA 1","ACCENAME",,"0"
"5622472",,"Zaccanazzo","ACCENAME",,"0"
"5622473",,"Selezione 5/U ParmaB","ACCENAME",,"0"
"5622474",,"Selezione 5 L","ACCENAME",,"0"
"5622475",,"Selezione 13/B","ACCENAME",,"0"
"5622476",,"ESMA 3","ACCENAME",,"0"
"5622477",,"19","ACCENAME",,"0"
"5622479",,"Shengalia 2","ACCENAME",,"0"
"5622480",,"42","ACCENAME",,"0"
"5622481",,"9","ACCENAME",,"0"
"5622482",,"selezione 2007","ACCENAME",,"0"
"5622483",,"Mayette","ACCENAME",,"0"
"5622484",,"Eureka","ACCENAME",,"0"
"5622485",,"Parisienne","ACCENAME",,"0"
"5622486",,"20","ACCENAME",,"0"
"5622487",,"2","ACCENAME",,"0"
"5622488",,"Selezione 10","ACCENAME",,"0"
"5622489",,"Drjanovski","ACCENAME",,"0"
"5622490",,"2/B/UM","ACCENAME",,"0"
"5622491",,"6B/B","ACCENAME",,"0"
"5622492",,"Hartley","ACCENAME",,"0"
"5622493",,"Selezione 16","ACCENAME",,"0"
"5622494",,"S Tecla 1","ACCENAME",,"0"
"5622495",,"13A Parisienne","ACCENAME",,"0"
"5622497",,"G JEFE","ACCENAME",,"0"
"5622498",,"Sheinovo","ACCENAME",,"0"
"5622498",,"Cheinovo","ACCENAME",,"0"
"5622500",,"ALE 0","ACCENAME",,"0"
"5622501",,"Tulare","ACCENAME",,"0"
"5622506",,"Fernon","ACCENAME",,"0"
"5622508",,"Alsoszentvani 117","ACCENAME",,"0"
"5622511",,"Meylannaise","ACCENAME",,"0"
"5622515",,"Meylannaise 2","ACCENAME",,"0"
"5622524",,"Milotai 10","ACCENAME",,"0"
"5622536",,"Selezione 2","ACCENAME",,"0"
"5622537",,"Ferjean","ACCENAME",,"0"
"5622666",,"1","ACCENAME",,"0"
"5622667",,"Cava 1","ACCENAME",,"0"
"5622668",,"Sorrentona","ACCENAME",,"0"
"5622669",,"8","ACCENAME",,"0"
"5622670",,"Currida","ACCENAME",,"0"
"5622671",,"16","ACCENAME",,"0"
"5622673",,"1L/UM","ACCENAME",,"0"
"5622674",,"Albenolongo 2","ACCENAME",,"0"
"5622675",,"Albenolongo 1","ACCENAME",,"0"
"5622676",,"A16","ACCENAME",,"0"
"5622677",,"10","ACCENAME",,"0"
"5622678",,"S.M. Ammalati 1","ACCENAME",,"0"
"5622679",,"CC1/L","ACCENAME",,"0"
"5622680",,"Z67","ACCENAME",,"0"
"5622681",,"Selezione 1 B UM","ACCENAME",,"0"
"5622682",,"Parco Etna 2","ACCENAME",,"0"
"5622683",,"CC1 Sel 3","ACCENAME",,"0"
"5622684",,"G Yete","ACCENAME",,"0"
"5622685",,"15","ACCENAME",,"0"
"5622686",,"SEN-1/L","ACCENAME",,"0"
"5622687",,"Montechiuso","ACCENAME",,"0"
"5622688",,"Z63","ACCENAME",,"0"
"5622689",,"Selezione 19 UP","ACCENAME",,"0"
"5622690",,"6","ACCENAME",,"0"
"5622691",,"G6410","ACCENAME",,"0"
"5622692",,"Contrada Macchia","ACCENAME",,"0"
"5622693",,"Selezione 1 L","ACCENAME",,"0"
"5622694",,"Selezione 5 UM","ACCENAME",,"0"
"5622695",,"7B/B","ACCENAME",,"0"
"5622696",,"S.M. Ammalati 2","ACCENAME",,"0"
"5622697",,"Lompoc","ACCENAME",,"0"
"5622698",,"Chiusa","ACCENAME",,"0"
"5622701",,"Selezione 15","ACCENAME",,"0"
"5622702",,"Bleggiana","ACCENAME",,"0"
"5622702",,"Blegiana","ACCENAME",,"0"
"5622703",,"Tr 10","ACCENAME",,"0"
"5622704",,"Difesa 1/L","ACCENAME",,"0"
"5622705",,"G9","ACCENAME",,"0"
"5622706",,"Selezione 15/B/B","ACCENAME",,"0"
"5622707",,"C440/L","ACCENAME",,"0"
"5622708",,"Selezione 14 B HC","ACCENAME",,"0"
"5622709",,"Montepetruso","ACCENAME",,"0"
"5622710",,"Ponte Bronte 24A","ACCENAME",,"0"
"5622711",,"Vasden","ACCENAME",,"0"
"5622712",,"HC Proto 1","ACCENAME",,"0"
"5622714",,"Freemiz","ACCENAME",,"0"
"5622715",,"Payne","ACCENAME",,"0"
"5622715",,"Ashley","ACCENAME",,"0"
"5663486",,"JUPITER","ACCENAME",,"0"
"5663492",,"APOLLO","ACCENAME",,"0"
"5663540",,"BUCHLOV","ACCENAME",,"0"
"5663543",,"SATURN","ACCENAME",,"0"
"5663950",,"PY 24","ACCENAME",,"0"
"5663953",,"KL 3","ACCENAME",,"0"
"5663954",,"KL 2","ACCENAME",,"0"
"5663955",,"PY 10","ACCENAME",,"0"
"5663956",,"VA XI","ACCENAME",,"0"
"5663957",,"KL 6","ACCENAME",,"0"
"5663959",,"CE 3","ACCENAME",,"0"
"5663960",,"PY 23/7","ACCENAME",,"0"
"5663961",,"KL 5","ACCENAME",,"0"
"5663962",,"PY 23","ACCENAME",,"0"
"5663963",,"CE 5","ACCENAME",,"0"
"5663968",,"VA 11","ACCENAME",,"0"
"5663973",,"PY 23/6","ACCENAME",,"0"
"5663974",,"CE 7","ACCENAME",,"0"
"5663975",,"PY 23/5","ACCENAME",,"0"
"5663977",,"VA K","ACCENAME",,"0"
"5663978",,"VA 12","ACCENAME",,"0"
"5663979",,"KL 4","ACCENAME",,"0"
"5663980",,"VA XII","ACCENAME",,"0"
"5663981",,"CE 2","ACCENAME",,"0"
"5663983",,"PY 13","ACCENAME",,"0"
"5663984",,"CE 1","ACCENAME",,"0"
"5663985",,"PY 1","ACCENAME",,"0"
"5663986",,"CE 6","ACCENAME",,"0"
"5663988",,"KOSTINOBRODSKY","ACCENAME",,"0"
"5663989",,"CE 4","ACCENAME",,"0"
"5663990",,"KL 1","ACCENAME",,"0"
"5663993",,"Magdon","ACCENAME",,"0"
"5663994",,"PY 25","ACCENAME",,"0"
"5663999",,"PY 16","ACCENAME",,"0"
"5664001",,"VA 9","ACCENAME",,"0"
"5738018",,"Sava","ACCENAME",,"0"
"5738019",,"Feradam","ACCENAME",,"0"
"5738020",,"Krika","ACCENAME",,"0"
"5738021",,"Julia","ACCENAME",,"0"
"5738022",,"Gillet","ACCENAME",,"0"
"5738023",,"Ferbel","ACCENAME",,"0"
"5738024",,"04C045","ACCENAME",,"0"
"5738025",,"Finkwarder Dieknutt","ACCENAME",,"0"
"5738026",,"MBT-60","ACCENAME",,"0"
"5738027",,"POR-46","ACCENAME",,"0"
"5738028",,"VBI-419","ACCENAME",,"0"
"5738029",,"ADE-367","ACCENAME",,"0"
"5738030",,"ADE-557","ACCENAME",,"0"
"5738031",,"VBI-20","ACCENAME",,"0"
"5738032",,"ADE-519","ACCENAME",,"0"
"5738033",,"VBI-24","ACCENAME",,"0"
"5738034",,"POR-307","ACCENAME",,"0"
"5738035",,"POR-312","ACCENAME",,"0"
"5738036",,"SES-58","ACCENAME",,"0"
"5738040",,"CNA-461","ACCENAME",,"0"
"5738045",,"CNA-458","ACCENAME",,"0"
"5738046",,"PED-06","ACCENAME",,"0"
"6016773",,"SM-016-01 W","COLLNUMB",,"0"
"6016844",,"DG-016-02 W","COLLNUMB",,"0"
"6285445",,"ZV;ALL30","COLLNUMB",,"0"
"6285445",,"ARRE E NDROQIT","ACCENAME",,"0"
"6285478",,"Arrë cipëtrashe Ndroqe","ACCENAME",,"0"
"6285478",,"ZV;ALLLM91","COLLNUMB",,"0"
"6285478","ALB020","IPV0090","DONORNUMB",,"0"
"6285626",,"ZV;ALL29","COLLNUMB",,"0"
"6285626",,"ARRE CIPE TRASHE","ACCENAME",,"0"
"6285659",,"ZV;ALLLM89","COLLNUMB",,"0"
"6285659",,"ARRË E MESAPLIKUT","ACCENAME",,"0"
"6285660",,"ZV;ALLLM90","COLLNUMB",,"0"
"6285660",,"ARRË CIPËHOLLË E NDROQIT","ACCENAME",,"0"
"6297519",,"S 4 B THÉTIS","ACCENAME",,"0"
"6297521",,"HYBRID INRA 118-13","ACCENAME",,"0"
"6297524",,"CULPLAT","ACCENAME",,"0"
"6297526",,"FERBEL","ACCENAME",,"0"
"6297528",,"RA 1041 AF6","ACCENAME",,"0"
"6297530",,"IR TA 1-1","ACCENAME",,"0"
"6297531",,"GROSJEAN","ACCENAME",,"0"
"6297533",,"TULARE","ACCENAME",,"0"
"6297535",,"HYBRID INRA 122-33","ACCENAME",,"0"
"6297538",,"VL25B","ACCENAME",,"0"
"6297540",,"CHEINOVO","ACCENAME",,"0"
"6297544",,"Del Carril","ACCENAME",,"0"
"6297545",,"KASNI RODNI","ACCENAME",,"0"
"6297547",,"Lieb Mayette","ACCENAME",,"0"
"6297549",,"LARA","ACCENAME",,"0"
"6297551",,"PLEUREUR","ACCENAME",,"0"
"6297553",,"MBT 231","ACCENAME",,"0"
"6297556",,"Sibisel 44","ACCENAME",,"0"
"6297557",,"UK 21-4","ACCENAME",,"0"
"6297559",,"LIBA","ACCENAME",,"0"
"6297562",,"MOYER","ACCENAME",,"0"
"6297563",,"Hybrid INRA 110-34","ACCENAME",,"0"
"6297565",,"PI 14 23 23","ACCENAME",,"0"
"6297567",,"SOUVENIR DU CONGRÉS","ACCENAME",,"0"
"6297570",,"S 1 A Diane","ACCENAME",,"0"
"6297571",,"FERNETTE","ACCENAME",,"0"
"6297574",,"TRINTA","ACCENAME",,"0"
"6297575",,"UK 118-23","ACCENAME",,"0"
"6297577",,"UC77012","ACCENAME",,"0"
"6297579",,"Chaberte","ACCENAME",,"0"
"6297582",,"LOZERONNE","ACCENAME",,"0"
"6297584",,"Z 53","ACCENAME",,"0"
"6297586",,"HARTLEY","ACCENAME",,"0"
"6297587",,"HOWE","ACCENAME",,"0"
"6297589",,"FERJEAN","ACCENAME",,"0"
"6297592",,"AS 1","ACCENAME",,"0"
"6297593",,"Lu Guang","ACCENAME",,"0"
"6297596",,"IR 60-1","ACCENAME",,"0"
"6297598",,"CHASE C7","ACCENAME",,"0"
"6297600",,"WATERLOO","ACCENAME",,"0"
"6297602",,"TEHAMA","ACCENAME",,"0"
"6297604",,"Adams 10","ACCENAME",,"0"
"6297605",,"REGO","ACCENAME",,"0"
"6297608",,"WEPSTER W2","ACCENAME",,"0"
"6297609",,"LE BORDELAIS","ACCENAME",,"0"
"6297612",,"ALLEMAGNE 139","ACCENAME",,"0"
"6297613",,"HYBRID INRA 109-3","ACCENAME",,"0"
"6297614",,"Gran Jefe","ACCENAME",,"0"
"6297615",,"Parisienne","ACCENAME",,"0"
"6297616",,"UK 47-10","ACCENAME",,"0"
"6297859",,"NORTHDOWN CLAWNUT 252","ACCENAME",,"0"
"6297860",,"MB LU 21","ACCENAME",,"0"
"6297861",,"MBT 40","ACCENAME",,"0"
"6297862",,"Maribor","ACCENAME",,"0"
"6297863",,"S 28 A ACHILLE","ACCENAME",,"0"
"6297864",,"UK 215AG12","ACCENAME",,"0"
"6297865",,"GERMISARA","ACCENAME",,"0"
"6297866",,"VINA","ACCENAME",,"0"
"6297867",,"laciniata","ACCENAME",,"0"
"6297868",,"UK 47-1","ACCENAME",,"0"
"6297869",,"SAINT MARTIAL","ACCENAME",,"0"
"6297870",,"VL4B","ACCENAME",,"0"
"6297871",,"MEYLANNAISE","ACCENAME",,"0"
"6297872",,"HYBRID INRA 122-22","ACCENAME",,"0"
"6297873",,"S 34 B PYRRUS","ACCENAME",,"0"
"6297874",,"FERNOR","ACCENAME",,"0"
"6297875",,"FORDE","ACCENAME",,"0"
"6297876",,"SIBISEL 39","ACCENAME",,"0"
"6297877",,"PAYNE","ACCENAME",,"0"
"6297878",,"SAINT JEAN","ACCENAME",,"0"
"6297879",,"ROUGE DE LAQUENEXY","ACCENAME",,"0"
"6297880",,"AMIGO","ACCENAME",,"0"
"6297881",,"Cisco","ACCENAME",,"0"
"6297882",,"Plovdivski","ACCENAME",,"0"
"6297883",,"MBT 159","ACCENAME",,"0"
"6297884",,"MARCHETTI","ACCENAME",,"0"
"6297885",,"UK 127AG11","ACCENAME",,"0"
"6297886",,"UK 212AG5","ACCENAME",,"0"
"6297887",,"MB CO 45","ACCENAME",,"0"
"6297888",,"Solèze","ACCENAME",,"0"
"6297889",,"UK 107C-D2-2","ACCENAME",,"0"
"6297890",,"IR 60-3","ACCENAME",,"0"
"6297891",,"BIJOU","ACCENAME",,"0"
"6297892",,"UK 216AG18","ACCENAME",,"0"
"6297893",,"IZVOR 10","ACCENAME",,"0"
"6297894",,"POURPRE HOLLANDE","ACCENAME",,"0"
"6297895",,"ASHLEY","ACCENAME",,"0"
"6297896",,"PI 15 95 68","ACCENAME",,"0"
"6297897",,"UK 6-2","ACCENAME",,"0"
"6297898",,"CANDELOU","ACCENAME",,"0"
"6297899",,"GRAPPES SUISSE","ACCENAME",,"0"
"6297900",,"EAA 6","ACCENAME",,"0"
"6297901",,"SEMENCE COMITÉ DORDOGNE","ACCENAME",,"0"
"6297902",,"SHINREI","ACCENAME",,"0"
"6297903",,"UK 41-17","ACCENAME",,"0"
"6297904",,"UK 224-6","ACCENAME",,"0"
"6297905",,"Rouge de la Réole","ACCENAME",,"0"
"6297906",,"LALANDE","ACCENAME",,"0"
"6297907",,"FERTIGNAC","ACCENAME",,"0"
"6297908",,"Robert Livermore","ACCENAME",,"0"
"6299292",,"Grandjean","ACCENAME",,"0"
"6299293",,"PI 2 657 12","ACCENAME",,"0"
"6299294",,"QUENOUILLE","ACCENAME",,"0"
"6299295",,"IR 13-1","ACCENAME",,"0"
"6299296",,"FRANQUETTE","ACCENAME",,"0"
"6299297",,"ROSÉE DE MONTMORIN","ACCENAME",,"0"
"6299298",,"RONDE DE MONTIGNAC","ACCENAME",,"0"
"6299299",,"MB PO 3","ACCENAME",,"0"
"6299300",,"JIN LONG 1","ACCENAME",,"0"
"6299301",,"HOWARD","ACCENAME",,"0"
"6299302",,"LUB","ACCENAME",,"0"
"6299303",,"SEXTON","ACCENAME",,"0"
"6299304",,"Résistant froid Jura","ACCENAME",,"0"
"6299305",,"GROSVERT","ACCENAME",,"0"
"6299306",,"A 117-15","ACCENAME",,"0"
"6299307",,"Hybrid INRA 117-12","ACCENAME",,"0"
"6299308",,"ROUGE DE LA DONAU","ACCENAME",,"0"
"6299309",,"FEUILLES SIMPLES SUISSE","ACCENAME",,"0"
"6299310",,"ROMAINE","ACCENAME",,"0"
"6299311",,"IR 21-7","ACCENAME",,"0"
"6299312",,"UK 53-3","ACCENAME",,"0"
"6299313",,"MIRE","ACCENAME",,"0"
"6299314",,"KFAR HANANIA","ACCENAME",,"0"
"6299315",,"CHICO","ACCENAME",,"0"
"6299316",,"Spurgeon","ACCENAME",,"0"
"6299317",,"UK 239-10","ACCENAME",,"0"
"6299318",,"CARMELO","ACCENAME",,"0"
"6299319",,"MB PO 2","ACCENAME",,"0"
"6299320",,"SERR","ACCENAME",,"0"
"6299321",,"Gillet","ACCENAME",,"0"
"6299322",,"UK 56-12","ACCENAME",,"0"
"6299323",,"MILOTAÏ N° 10","ACCENAME",,"0"
"6299324",,"PEDRO","ACCENAME",,"0"
"6299325",,"IR 100-2","ACCENAME",,"0"
"6299326",,"Chandler","ACCENAME",,"0"
"6299327",,"VERDELET","ACCENAME",,"0"
"6299328",,"CORNE","ACCENAME",,"0"
"6299329",,"MAYETTE","ACCENAME",,"0"
"6299330",,"FEROUETTE","ACCENAME",,"0"
"6299331",,"EARLY EHRHARDT","ACCENAME",,"0"
"6299332",,"LACINIÉ SUISSE","ACCENAME",,"0"
"6299333",,"MIDLAND","ACCENAME",,"0"
"6299334",,"Saint Jean","ACCENAME",,"0"
"6299335",,"Hybrid INRA 102-15","ACCENAME",,"0"
"6299336",,"UK 11-4","ACCENAME",,"0"
"6299337",,"MARBOT N°1","ACCENAME",,"0"
"6299338",,"UK 234-5","ACCENAME",,"0"
"6299339",,"Geisenheim 286","ACCENAME",,"0"
"6299340",,"Feradam","ACCENAME",,"0"
"6299341",,"Sopore","ACCENAME",,"0"
"6402726",,"Waterloo","ACCENAME",,"0"
"6402727",,"Xerta 119","ACCENAME",,"0"
"6402728",,"Xerta 120","ACCENAME",,"0"
"6485336",,"SBAF TS 18:73","COLLNUMB",,"0"
"6618023",,"CRSB 1607","COLLNUMB",,"0"
"6970863",,"KRIKA","ACCENAME",,"0"
"6970864",,"CNA-458","ACCENAME",,"0"
"6970865",,"MBSB-13","ACCENAME",,"0"
"6970866",,"SSE-5","ACCENAME",,"0"
"6970867",,"VTA-4","ACCENAME",,"0"
"6970868",,"NER-15","ACCENAME",,"0"
"6970870",,"VTA-67","ACCENAME",,"0"
"6970871",,"RMU-482","ACCENAME",,"0"
"6970872",,"VBI-24","ACCENAME",,"0"
"6970873",,"SEXTON","ACCENAME",,"0"
"6970874",,"HUE-112","ACCENAME",,"0"
"6970875",,"GILLET","ACCENAME",,"0"
"6970876",,"GAL-18","ACCENAME",,"0"
"6970910",,"VAZ-330","ACCENAME",,"0"
"6970912",,"SAL-2","ACCENAME",,"0"
"6970914",,"ASN-388","ACCENAME",,"0"
"6970916",,"HUE-693","ACCENAME",,"0"
"6970918",,"RMUN-4","ACCENAME",,"0"
"6970920",,"VCA-605","ACCENAME",,"0"
"6970922",,"VTO-562","ACCENAME",,"0"
"6970924",,"DA-730","ACCENAME",,"0"
"6983273",,"VAZ-328","ACCENAME",,"0"
"6983274",,"NCP-469","ACCENAME",,"0"
"6983275",,"RIF-245","ACCENAME",,"0"
"6983276",,"VIL-266","ACCENAME",,"0"
"6983277",,"ZAF-42","ACCENAME",,"0"
"6983278",,"04C045","ACCENAME",,"0"
"6983279",,"MB-7B","ACCENAME",,"0"
"6983280",,"SSE-52","ACCENAME",,"0"
"6983281",,"NER-2","ACCENAME",,"0"
"6983282",,"CHA-150","ACCENAME",,"0"
"6983283",,"FERTIGNAC","ACCENAME",,"0"
"6983284",,"ADE-557","ACCENAME",,"0"
"6983285",,"VTO-160","ACCENAME",,"0"
"6983286",,"SES-8","ACCENAME",,"0"
"6983287",,"CHA-206","ACCENAME",,"0"
"6983288",,"TEROL-1","ACCENAME",,"0"
"6983289",,"BEO-581","ACCENAME",,"0"
"6983290",,"NER-25","ACCENAME",,"0"
"6983291",,"SSE-761","ACCENAME",,"0"
"6983391",,"POT-278","ACCENAME",,"0"
"6983392",,"NER-32","ACCENAME",,"0"
"6983393",,"MBT-230","ACCENAME",,"0"
"6983394",,"RMU-13","ACCENAME",,"0"
"6983395",,"VAZ-325","ACCENAME",,"0"
"6983396",,"PON-478","ACCENAME",,"0"
"6983397",,"NER-4","ACCENAME",,"0"
"6983398",,"COB-553","ACCENAME",,"0"
"6983399",,"BEN-504","ACCENAME",,"0"
"6983400",,"MBLO-3","ACCENAME",,"0"
"6983401",,"SAL-3","ACCENAME",,"0"
"6983402",,"ADE-519","ACCENAME",,"0"
"6983403",,"IGOLLO","ACCENAME",,"0"
"6983405",,"FERBEL","ACCENAME",,"0"
"6983406",,"FORDE","ACCENAME",,"0"
"6983407",,"POT-673","ACCENAME",,"0"
"6983408",,"SVT-253","ACCENAME",,"0"
"6983409",,"ZAF-37","ACCENAME",,"0"
"6983410",,"BEO-86","ACCENAME",,"0"
"6983411",,"VIL-699","ACCENAME",,"0"
"6983412",,"NER-24","ACCENAME",,"0"
"6983413",,"FINKENW. DICKNUTT","ACCENAME",,"0"
"6983414",,"VCA-11","ACCENAME",,"0"
"6983415",,"GUA-228","ACCENAME",,"0"
"6983416",,"FERADAM","ACCENAME",,"0"
"6983417",,"VBI-419","ACCENAME",,"0"
"6983418",,"GAL-754","ACCENAME",,"0"
"6983419",,"ZAF-679","ACCENAME",,"0"
"6983420",,"CHA-208","ACCENAME",,"0"
"6983421",,"POD-405","ACCENAME",,"0"
"6983422",,"DA-733","ACCENAME",,"0"
"6983458",,"SAL-5","ACCENAME",,"0"
"6983459",,"SAL-261","ACCENAME",,"0"
"6983460",,"COB-550","ACCENAME",,"0"
"6983461",,"VTA-1","ACCENAME",,"0"
"6983462",,"VTA-7","ACCENAME",,"0"
"6983463",,"VTA-4B","ACCENAME",,"0"
"6983464",,"PED-05","ACCENAME",,"0"
"6983465",,"SLE-248","ACCENAME",,"0"
"6983466",,"BMI-143","ACCENAME",,"0"
"6983484",,"CAP-427","ACCENAME",,"0"
"6983485",,"POD-133","ACCENAME",,"0"
"6983486",,"COB-104","ACCENAME",,"0"
"6983487",,"MB-2C","ACCENAME",,"0"
"6983488",,"PON-440","ACCENAME",,"0"
"6983489",,"VTA-8","ACCENAME",,"0"
"6983490",,"RMUN-1","ACCENAME",,"0"
"6983491",,"CNA-461","ACCENAME",,"0"
"6983492",,"SES-58","ACCENAME",,"0"
"6983493",,"I-282-14","ACCENAME",,"0"
"6983494",,"VIL-343","ACCENAME",,"0"
"6983495",,"POR-312","ACCENAME",,"0"
"6983496",,"ASN-688","ACCENAME",,"0"
"6983497",,"RUB-32","ACCENAME",,"0"
"6983498",,"BMI-177","ACCENAME",,"0"
"6983522",,"TISZACSÉCSI-2","ACCENAME",,"0"
"6983523",,"RIF-735","ACCENAME",,"0"
"6983524",,"SVT-212","ACCENAME",,"0"
"6983525",,"NER-11","ACCENAME",,"0"
"6983526",,"PED-10","ACCENAME",,"0"
"6983527",,"HUE-448","ACCENAME",,"0"
"6983528",,"NER-1","ACCENAME",,"0"
"6983529",,"BEN-453","ACCENAME",,"0"
"6983530",,"POR-46","ACCENAME",,"0"
"6983531",,"CNA-531","ACCENAME",,"0"
"6983532",,"ASN-331","ACCENAME",,"0"
"6986914",,"POT-520","ACCENAME",,"0"
"6987341",,"MBB-10","ACCENAME",,"0"
"6987474",,"EL HONDAL III","ACCENAME",,"0"
"6987578",,"VIQ-198","ACCENAME",,"0"
"6987754",,"NCP-350","ACCENAME",,"0"
"6987755",,"Rubio","ACCENAME",,"0"
"6987756",,"DA-731","ACCENAME",,"0"
"6987877",,"VIQ-710","ACCENAME",,"0"
"6988049",,"MB-2B","ACCENAME",,"0"
"6988206",,"BEN-597","ACCENAME",,"0"
"6988208",,"NCP-473","ACCENAME",,"0"
"6988675",,"BEO-89","ACCENAME",,"0"
"6988676",,"NER-44","ACCENAME",,"0"
"6990579",,"SES-4","ACCENAME",,"0"
"6990580",,"NER-34","ACCENAME",,"0"
"6991994",,"RIF-739","ACCENAME",,"0"
"6992149",,"GUA-223","ACCENAME",,"0"
"6992150",,"VBI-20","ACCENAME",,"0"
"6992252",,"VDV-217","ACCENAME",,"0"
"6992253",,"GAL-757","ACCENAME",,"0"
"6992421",,"SVT-256","ACCENAME",,"0"
"6992440",,"SSE-120","ACCENAME",,"0"
"6992555",,"NER-51","ACCENAME",,"0"
"6992556",,"ADE-367","ACCENAME",,"0"
"6995245",,"SES-4","ACCENAME",,"0"
"6995799",,"Sava","ACCENAME",,"0"
"6995982",,"PON-741","ACCENAME",,"0"
"6996287",,"BRIZ","ACCENAME",,"0"
"6996288",,"NER-14","ACCENAME",,"0"
"6996289",,"PED-06","ACCENAME",,"0"
"6996290",,"Ferouette","ACCENAME",,"0"
"6996541",,"LAG-31","ACCENAME",,"0"
"6996542",,"Julia","ACCENAME",,"0"
"6996543",,"MUN-2","ACCENAME",,"0"
"6996544",,"MBT-60","ACCENAME",,"0"
"6996700",,"VDV-295","ACCENAME",,"0"
"6996701",,"BMI-140","ACCENAME",,"0"
"6996838",,"POR-307","ACCENAME",,"0"
"6996839",,"SLE-102","ACCENAME",,"0"
"6996840",,"LAG-34","ACCENAME",,"0"
"6996841",,"VCA-7","ACCENAME",,"0"
"6997030",,"Malizia","ACCENAME",,"0"
"6997031",,"VDV-300","ACCENAME",,"0"
"6997032",,"VILLAESCUSA I","ACCENAME",,"0"
"6997356",,"POD-137","ACCENAME",,"0"
"7067024",,"K 9-6","ACCENAME",,"0"
"7067024",,"210003","COLLNUMB",,"0"
"7067025",,"210002","COLLNUMB",,"0"
"7067025",,"K-1","ACCENAME",,"0"
"7067185",,"Zlatopol'skii","ACCENAME",,"0"
"7067213",,"TITAN","ACCENAME",,"0"
"7067213",,"06131","COLLNUMB",,"0"
"7067215",,"Alminskij","ACCENAME",,"0"
"7067215",,"06132","COLLNUMB",,"0"
"7067261",,"CH-1","ACCENAME",,"0"
"7067261",,"00304","COLLNUMB",,"0"
"7067273",,"B-2","ACCENAME",,"0"
"7067273",,"00306","COLLNUMB",,"0"
"7067317",,"0-1","ACCENAME",,"0"
"7067317",,"210001","COLLNUMB",,"0"
"7067319",,"210006","COLLNUMB",,"0"
"7067319",,"SCH 0076","ACCENAME",,"0"
"7067323",,"210007","COLLNUMB",,"0"
"7067323",,"YAV 0071","ACCENAME",,"0"
"7068255",,"Debriceni","ACCENAME",,"0"
"7068256",,"Geamana","ACCENAME",,"0"
"7068257",,"Sibisel 50","ACCENAME",,"0"
"7068258",,"Dacus","ACCENAME",,"0"
"7068302",,"Roxana","ACCENAME",,"0"
"7068303",,"Velnisa","ACCENAME",,"0"
"7068304",,"MIROSLAVA","ACCENAME",,"0"
"7068305",,"Anica","ACCENAME",,"0"
"7068306",,"Valcris","ACCENAME",,"0"
"7068307",,"Schinoasa","ACCENAME",,"0"
"7068308",,"Ciumesti 77","ACCENAME",,"0"
"7068309",,"Cazacu","ACCENAME",,"0"
"7068310",,"CHISINAU","ACCENAME",,"0"
"7068311",,"Falesti","ACCENAME",,"0"
"7068312",,"Pescianschi","ACCENAME",,"0"
"7068313",,"Costiugeni","ACCENAME",,"0"
"7068314",,"Roxana","ACCENAME",,"0"
"7068315",,"Jupnesti","ACCENAME",,"0"
"7068316",,"Secular","ACCENAME",,"0"
"7068317",,"Mihaela","ACCENAME",,"0"
"7068318",,"Argesean","ACCENAME",,"0"
"7071239",,"PILLNITZER GROßE","ACCENAME",,"0"
"7071242",,"Ockerwitzer Lange","ACCENAME",,"0"
"7071388",,"AUFHAUSER BADEN","ACCENAME",,"0"
"7071391",,"NR. 26","ACCENAME",,"0"
"7071393",,"NR. 120","ACCENAME",,"0"
"7071547",,"NR. 1247","ACCENAME",,"0"
"7071549",,"OCKERWITZER LANGE","ACCENAME",,"0"
"7071551",,"NR. 1239","ACCENAME",,"0"
"7071561",,"NR. 251","ACCENAME",,"0"
"7071562",,"WUNDER VON MONREPOS","ACCENAME",,"0"
"7071563",,"NR. 286","ACCENAME",,"0"
"7071564",,"Nr. 1239","ACCENAME",,"0"
"7071567",,"PILLNITZER GROßE","ACCENAME",,"0"
"7071935",,"MILOTAI 10","ACCENAME",,"0"
"7071937",,"RED RIEF","ACCENAME",,"0"
"7071939",,"ROTE MOSELWALNUSS","ACCENAME",,"0"
"7071940",,"VIOLETTA ROYAL","ACCENAME",,"0"
"7071967",,"OCKERWITZER LANGE","ACCENAME",,"0"
"7071971",,"Seifersdorfer Runde","ACCENAME",,"0"
"7072360",,"AUFHAUSER BADEN","ACCENAME",,"0"
"7072361",,"HOSPOZIN","ACCENAME",,"0"
"7084551",,"Tehama","ACCENAME",,"0"
"7084558",,"RECEA","ACCENAME",,"0"
"7084559",,"Hartley","ACCENAME",,"0"
"7084980",,"Red Rief","ACCENAME",,"0"
"7085104",,"Mars","ACCENAME",,"0"
"7085105",,"Pillnitzer Große","ACCENAME",,"0"
"7085725",,"B-1","ACCENAME",,"0"
"7085725",,"00305","COLLNUMB",,"0"
"7088567",,"Codrena","ACCENAME",,"0"
"7088568",,"Chandler","ACCENAME",,"0"
"7088582",,"Valcris","ACCENAME",,"0"
"7088992",,"NR. 139","ACCENAME",,"0"
"7088993",,"Seifersdorfer Runde","ACCENAME",,"0"
"7088994",,"NR. 26","ACCENAME",,"0"
"7089682",,"06.¿¿¿.","ACCENAME",,"0"
"7089682",,"210005","COLLNUMB",,"0"
"7191684",,"TU - 3","ACCENAME",,"0"
"7191685",,"Merkle","ACCENAME",,"0"
"7191686",,"Helme","ACCENAME",,"0"
"7191687",,"Weinberg 2","ACCENAME",,"0"
"7191688",,"Bohumil","ACCENAME",,"0"
"7191689",,"Rote Donau","ACCENAME",,"0"
"7191805",,"Noce da seme","ACCENAME",,"0"
"7191805",,"JUREG006","COLLNUMB",,"0"
"7191806",,"Noce di Pantalla","ACCENAME",,"0"
"7191806",,"JUREG007","COLLNUMB",,"0"
"7194784",,"Sychrov","ACCENAME",,"0"
"7195827",,"Louny","ACCENAME",,"0"
"7195938",,"Weinberg 1","ACCENAME",,"0"
"7196186",,"Dolni Redice 2","ACCENAME",,"0"
"7196456",,"Noce di Vallupo","ACCENAME",,"0"
"7196456",,"JUREG005","COLLNUMB",,"0"
"7244987",,"Vicuna","ACCENAME",,"0"
"7244990",,"Fraquete","ACCENAME",,"0"
"7244994",,"Eureka","ACCENAME",,"0"
"7245410",,"Najal","ACCENAME",,"0"
"7245558",,"Eureka","ACCENAME",,"0"
"7245559",,"Black","ACCENAME",,"0"
"7248337",,"APOLLO","ACCENAME",,"0"
"7249059",,"NR. 1239","ACCENAME",,"0"
"7249115",,"OCKERWITZER LANGE","ACCENAME",,"0"
"7249116",,"NR. 252","ACCENAME",,"0"
"7249117",,"ESTERHAZY II","ACCENAME",,"0"
"7249118",,"NR. 175","ACCENAME",,"0"
"7249119",,"NR. 139","ACCENAME",,"0"
"7249277",,"Aufhauser Baden","ACCENAME",,"0"
"7249278",,"Weinberg 2","ACCENAME",,"0"
"7249279",,"JUPITER","ACCENAME",,"0"
"7249715",,"NR. 251","ACCENAME",,"0"
"7249719",,"Nr. 1239","ACCENAME",,"0"
"7249720",,"NR. 120","ACCENAME",,"0"
"7249721",,"NR. 26","ACCENAME",,"0"
"7249722",,"NR. 286","ACCENAME",,"0"
"7250940",,"Seifersdorfer Runde","ACCENAME",,"0"
"7252181",,"NR. 120","ACCENAME",,"0"
"7252383",,"Red Rief","ACCENAME",,"0"
"7252403",,"HOSPOZIN","ACCENAME",,"0"
"7252404",,"WUNDER VON MONREPOS","ACCENAME",,"0"
"7252405",,"Nr. 1247","ACCENAME",,"0"
"7252674",,"Mars","ACCENAME",,"0"
"7252701",,"NR. 26","ACCENAME",,"0"
"7252852",,"BP 09","ACCENAME",,"0"
"7252852",,"IJ6-5-9","COLLNUMB",,"0"
"7252853",,"AN 29","ACCENAME",,"0"
"7252853",,"IJ6-5-29","COLLNUMB",,"0"
"7252854",,"BP 42","ACCENAME",,"0"
"7252854",,"IJ6-5-42","COLLNUMB",,"0"
"7252855",,"BP 44","ACCENAME",,"0"
"7252855",,"IJ6-5-44","COLLNUMB",,"0"
"7252856",,"BP 46","ACCENAME",,"0"
"7252856",,"IJ6-5-46","COLLNUMB",,"0"
"7252857",,"BP 48","ACCENAME",,"0"
"7252857",,"IJ6-5-48","COLLNUMB",,"0"
"7252858",,"BP 49","ACCENAME",,"0"
"7252858",,"IJ6-5-49","COLLNUMB",,"0"
"7252859",,"MK 55","ACCENAME",,"0"
"7252859",,"IJ6-5-55","COLLNUMB",,"0"
"7324320",,"SEIFERSDORFER RUNDE","ACCENAME",,"0"
"7324321",,"VIOLETTA ROYAL","ACCENAME",,"0"
"7324406",,"MARS","ACCENAME",,"0"
"7324407",,"JUPITER","ACCENAME",,"0"
"7324438",,"ESTERHAZY II","ACCENAME",,"0"
"7324439",,"NR. 120","ACCENAME",,"0"
"7324440",,"NR. 286","ACCENAME",,"0"
"7324441",,"NR. 175","ACCENAME",,"0"
